[
{
  "model": "core.academicclass",
  "pk": 1,
  "fields": {
    "created_at": "2025-08-04T20:57:43.267Z",
    "updated_at": "2025-08-04T20:57:43.267Z",
    "is_active": true,
    "name": "Nursary",
    "section": "1",
    "room_number": "101"
  }
},
{
  "model": "core.academicclass",
  "pk": 3,
  "fields": {
    "created_at": "2025-08-04T20:57:43.267Z",
    "updated_at": "2025-08-04T20:57:43.267Z",
    "is_active": true,
    "name": "LKG",
    "section": "1",
    "room_number": "103"
  }
},
{
  "model": "core.academicclass",
  "pk": 4,
  "fields": {
    "created_at": "2025-08-04T20:57:43.267Z",
    "updated_at": "2025-08-04T20:57:43.267Z",
    "is_active": true,
    "name": "UKG",
    "section": "1",
    "room_number": "104"
  }
},
{
  "model": "core.academicclass",
  "pk": 5,
  "fields": {
    "created_at": "2025-08-04T20:57:43.267Z",
    "updated_at": "2025-08-15T11:13:22.877Z",
    "is_active": true,
    "name": "Class 1",
    "section": "1",
    "room_number": "105"
  }
},
{
  "model": "core.academicclass",
  "pk": 6,
  "fields": {
    "created_at": "2025-08-04T20:57:43.267Z",
    "updated_at": "2025-08-15T11:13:22.885Z",
    "is_active": true,
    "name": "Class 2",
    "section": "1",
    "room_number": "106"
  }
},
{
  "model": "core.academicclass",
  "pk": 7,
  "fields": {
    "created_at": "2025-08-04T20:57:43.267Z",
    "updated_at": "2025-08-15T11:13:22.886Z",
    "is_active": true,
    "name": "Class 3",
    "section": "1",
    "room_number": "107"
  }
},
{
  "model": "core.academicclass",
  "pk": 8,
  "fields": {
    "created_at": "2025-08-04T20:57:43.267Z",
    "updated_at": "2025-08-04T20:57:43.267Z",
    "is_active": true,
    "name": "Play",
    "section": "1",
    "room_number": "100"
  }
},
{
  "model": "core.academicclass",
  "pk": 9,
  "fields": {
    "created_at": "2025-08-04T20:57:43.267Z",
    "updated_at": "2025-08-15T11:13:22.887Z",
    "is_active": true,
    "name": "Class 4",
    "section": "1",
    "room_number": "108"
  }
},
{
  "model": "core.academicclass",
  "pk": 10,
  "fields": {
    "created_at": "2025-08-04T20:57:43.267Z",
    "updated_at": "2025-08-15T11:13:22.888Z",
    "is_active": true,
    "name": "Class 5",
    "section": "1",
    "room_number": "109"
  }
},
{
  "model": "core.academicclass",
  "pk": 11,
  "fields": {
    "created_at": "2025-08-04T20:57:43.267Z",
    "updated_at": "2025-08-15T11:13:22.890Z",
    "is_active": true,
    "name": "Class 6",
    "section": "1",
    "room_number": "110"
  }
},
{
  "model": "core.academicclass",
  "pk": 12,
  "fields": {
    "created_at": "2025-08-04T20:57:43.267Z",
    "updated_at": "2025-08-15T11:13:22.891Z",
    "is_active": true,
    "name": "Class 7",
    "section": "1",
    "room_number": "111"
  }
},
{
  "model": "core.academicclass",
  "pk": 13,
  "fields": {
    "created_at": "2025-08-04T20:57:43.267Z",
    "updated_at": "2025-08-15T11:13:22.892Z",
    "is_active": true,
    "name": "Class 8",
    "section": "1",
    "room_number": "112"
  }
},
{
  "model": "core.academicclass",
  "pk": 14,
  "fields": {
    "created_at": "2025-08-04T20:57:43.267Z",
    "updated_at": "2025-08-15T11:13:22.894Z",
    "is_active": true,
    "name": "Class 9",
    "section": "1",
    "room_number": "113"
  }
},
{
  "model": "core.academicclass",
  "pk": 15,
  "fields": {
    "created_at": "2025-08-04T20:57:43.267Z",
    "updated_at": "2025-08-16T10:04:05.179Z",
    "is_active": true,
    "name": "Class 10",
    "section": "A",
    "room_number": "114"
  }
},
{
  "model": "core.academicclass",
  "pk": 19,
  "fields": {
    "created_at": "2025-08-18T08:32:49.518Z",
    "updated_at": "2025-08-18T08:32:49.518Z",
    "is_active": true,
    "name": "Test Class",
    "section": "",
    "room_number": ""
  }
},
{
  "model": "core.section",
  "pk": 1,
  "fields": {
    "created_at": "2025-08-04T20:57:43.267Z",
    "updated_at": "2025-08-04T20:57:43.267Z",
    "is_active": true,
    "name": "A"
  }
},
{
  "model": "core.section",
  "pk": 5,
  "fields": {
    "created_at": "2025-08-04T20:57:43.267Z",
    "updated_at": "2025-08-04T20:57:43.267Z",
    "is_active": true,
    "name": "B"
  }
},
{
  "model": "core.section",
  "pk": 6,
  "fields": {
    "created_at": "2025-08-15T14:47:39.672Z",
    "updated_at": "2025-08-15T14:47:39.672Z",
    "is_active": true,
    "name": "C"
  }
},
{
  "model": "school_profile.schoolprofile",
  "pk": 1,
  "fields": {
    "school_name": "Gyan Varsha International School",
    "principal_name": "Sumit Chaudhary",
    "address": "Madhkaul, Belsand",
    "email": "gvismadhkaul@gmail.com",
    "mobile": "9135748551",
    "registration_number": "SIT/BEL/015/EE/20",
    "website": null,
    "logo": "uploads/school_logos/School_Logo_vzzswZo.jpg",
    "academic_calendar": "",
    "start_date": "2025-04-01",
    "end_date": "2026-03-31",
    "academic_session_start_month": 4
  }
},
{
  "model": "teachers.teacher",
  "pk": 1,
  "fields": {
    "name": "Shambhu Jha Sir",
    "mobile": "9525377010",
    "email": "9473089919@bh.com",
    "qualification": "BED",
    "joining_date": "2025-04-22",
    "photo": "teacher_photos/Screenshot_2025-04-20_112850.jpg",
    "resume": "teacher_resumes/RBI_ICICI.pdf",
    "joining_letter": "teacher_letters/RBI_ICICI.pdf"
  }
},
{
  "model": "teachers.teacher",
  "pk": 2,
  "fields": {
    "name": "Sanjay Kumar Thakur",
    "mobile": "9525377123",
    "email": "admin@school.in",
    "qualification": "BED",
    "joining_date": "2025-04-20",
    "photo": "teacher_photos/Screenshot_2025-04-20_112850_EsshiNV.jpg",
    "resume": "teacher_resumes/RBI_ICICI_w4anuni.pdf",
    "joining_letter": "teacher_letters/RBI_ICICI_tQ7cjSc.pdf"
  }
},
{
  "model": "teachers.teacher",
  "pk": 3,
  "fields": {
    "name": "Samarat Sir",
    "mobile": "9525377123",
    "email": "farihi3952@namewok.com",
    "qualification": "BA",
    "joining_date": "2025-04-21",
    "photo": "teacher_photos/Screenshot_2025-04-20_112850_5ju0uLc.jpg",
    "resume": "teacher_resumes/Application_Wise_RD_Drivers.pdf",
    "joining_letter": "teacher_letters/Application_Wise_RD_Drivers.pdf"
  }
},
{
  "model": "teachers.teacher",
  "pk": 4,
  "fields": {
    "name": "Raja Kumar",
    "mobile": "9525377123",
    "email": "9473089@bh.in",
    "qualification": "BA",
    "joining_date": "2025-04-20",
    "photo": "teacher_photos/Screenshot_2025-04-15_212529.jpg",
    "resume": "teacher_resumes/Application_Wise_RD_Drivers_63lC3or.pdf",
    "joining_letter": "teacher_letters/Application_Wise_RD_Drivers_sCvSQzy.pdf"
  }
},
{
  "model": "teachers.teacher",
  "pk": 5,
  "fields": {
    "name": "lovely kumari",
    "mobile": "9525377010",
    "email": "admin@ut.com",
    "qualification": "BED",
    "joining_date": "2025-07-22",
    "photo": "teacher_photos/Screenshot_2025-07-22_192721.jpg",
    "resume": "teacher_resumes/TDC_Part1.pdf",
    "joining_letter": "teacher_letters/TDC_Part1.pdf"
  }
},
{
  "model": "teachers.teacher",
  "pk": 6,
  "fields": {
    "name": "Prence",
    "mobile": "3456789012",
    "email": "paxeyen334@lassora.com",
    "qualification": "BED",
    "joining_date": "2025-08-15",
    "photo": "teacher_photos/Screenshot_2025-08-14_173352.png",
    "resume": "teacher_resumes/fees_report_20250815_143756.pdf",
    "joining_letter": "teacher_letters/Manage_Fines.pdf"
  }
},
{
  "model": "subjects.classsection",
  "pk": 1,
  "fields": {
    "class_name": "10",
    "section_name": "A",
    "room_number": "R-10A",
    "created_at": "2025-08-18T12:41:37.984Z"
  }
},
{
  "model": "subjects.classsection",
  "pk": 2,
  "fields": {
    "class_name": "9",
    "section_name": "A",
    "room_number": "R-9A",
    "created_at": "2025-08-18T12:48:49.883Z"
  }
},
{
  "model": "subjects.classsection",
  "pk": 3,
  "fields": {
    "class_name": "9",
    "section_name": "B",
    "room_number": "R-9B",
    "created_at": "2025-08-18T12:48:49.889Z"
  }
},
{
  "model": "subjects.classsection",
  "pk": 4,
  "fields": {
    "class_name": "8",
    "section_name": "A",
    "room_number": "R-8A",
    "created_at": "2025-08-18T12:48:49.891Z"
  }
},
{
  "model": "subjects.subject",
  "pk": 1,
  "fields": {
    "name": "हिंदी",
    "created_at": "2025-08-04T20:57:43.267Z"
  }
},
{
  "model": "subjects.subject",
  "pk": 2,
  "fields": {
    "name": "संस्कृत",
    "created_at": "2025-08-04T20:57:43.267Z"
  }
},
{
  "model": "subjects.subject",
  "pk": 3,
  "fields": {
    "name": "English",
    "created_at": "2025-08-04T20:57:43.267Z"
  }
},
{
  "model": "subjects.subject",
  "pk": 4,
  "fields": {
    "name": "Math",
    "created_at": "2025-08-04T20:57:43.267Z"
  }
},
{
  "model": "subjects.subject",
  "pk": 5,
  "fields": {
    "name": "Social Sc / SST",
    "created_at": "2025-08-04T20:57:43.267Z"
  }
},
{
  "model": "subjects.subject",
  "pk": 6,
  "fields": {
    "name": "Science",
    "created_at": "2025-08-04T20:57:43.267Z"
  }
},
{
  "model": "subjects.subject",
  "pk": 7,
  "fields": {
    "name": "Compute",
    "created_at": "2025-08-04T20:57:43.267Z"
  }
},
{
  "model": "subjects.subject",
  "pk": 9,
  "fields": {
    "name": "Moral Science",
    "created_at": "2025-08-04T20:57:43.267Z"
  }
},
{
  "model": "subjects.subject",
  "pk": 10,
  "fields": {
    "name": "Mathematics",
    "created_at": "2025-08-18T12:57:28.627Z"
  }
},
{
  "model": "subjects.subjectassignment",
  "pk": 1,
  "fields": {
    "class_section": null,
    "subject": 1,
    "teacher": null,
    "created_at": "2025-08-04T20:57:43.267Z"
  }
},
{
  "model": "subjects.subjectassignment",
  "pk": 3,
  "fields": {
    "class_section": null,
    "subject": 9,
    "teacher": null,
    "created_at": "2025-08-04T20:57:43.267Z"
  }
},
{
  "model": "subjects.subjectassignment",
  "pk": 4,
  "fields": {
    "class_section": 1,
    "subject": 1,
    "teacher": 2,
    "created_at": "2025-08-18T12:57:28.635Z"
  }
},
{
  "model": "students.student",
  "pk": 1,
  "fields": {
    "created_at": "2025-08-04T20:57:43.267Z",
    "updated_at": "2025-08-30T13:54:09.145Z",
    "is_active": false,
    "admission_number": "GVIS00001",
    "first_name": "SURBHI",
    "last_name": "KUMARI",
    "father_name": "BHAGIRATH OJA",
    "mother_name": "RANI DEVI",
    "date_of_birth": "2018-06-01",
    "date_of_admission": "2025-04-02",
    "aadhaar_number": "1234-5678-9012",
    "pen_number": "12345678901",
    "student_class": 4,
    "student_section": 1,
    "gender": "Female",
    "religion": "Hindu",
    "caste_category": "General",
    "address": "MADHKAUL JAFARPUR Belsand",
    "mobile_number": "9702949981",
    "email": "TEST@bh.in",
    "blood_group": "UNKN",
    "student_image": "students/images/Screenshot_2025-04-20_112850.jpg",
    "aadhar_card": "students/documents/New_Logo_Enyv0GO.gif",
    "transfer_certificate": "students/documents/New_Logo_PicY4i2.gif",
    "due_amount": "4400.00"
  }
},
{
  "model": "students.student",
  "pk": 3,
  "fields": {
    "created_at": "2025-08-04T20:57:43.267Z",
    "updated_at": "2025-08-30T13:54:09.158Z",
    "is_active": true,
    "admission_number": "GVIS00002",
    "first_name": "ARYAN",
    "last_name": "KUMAR",
    "father_name": "PANKAJ KUMAR",
    "mother_name": "CHANDANI DEVI",
    "date_of_birth": "2018-07-11",
    "date_of_admission": "2025-04-01",
    "aadhaar_number": "1234-5678-9876",
    "pen_number": "89781234567",
    "student_class": 4,
    "student_section": 1,
    "gender": "Male",
    "religion": "Hindu",
    "caste_category": "General",
    "address": "MADHKAUL BELSAND",
    "mobile_number": "6209704534",
    "email": "DEMO@bh.in",
    "blood_group": "Unkno",
    "student_image": "students/images/Screenshot_2025-04-20_112850.jpg",
    "aadhar_card": "students/documents/New_Logo_8kl58Fn.gif",
    "transfer_certificate": "students/documents/New_Logo_cHo3xuK.gif",
    "due_amount": "4400.00"
  }
},
{
  "model": "students.student",
  "pk": 4,
  "fields": {
    "created_at": "2025-08-04T20:57:43.267Z",
    "updated_at": "2025-08-30T13:54:09.174Z",
    "is_active": true,
    "admission_number": "GVIS00003",
    "first_name": "RAMAN",
    "last_name": "KUMAR",
    "father_name": "RAMBHAROS OJHA",
    "mother_name": "JULI DEVI",
    "date_of_birth": "2019-01-11",
    "date_of_admission": "2025-04-01",
    "aadhaar_number": "1234-5678-9876",
    "pen_number": "89781234567",
    "student_class": 4,
    "student_section": 1,
    "gender": "Male",
    "religion": "Hindu",
    "caste_category": "General",
    "address": "MADHKAUL JAFFARPUR BELSAND",
    "mobile_number": "7970462025",
    "email": "DEMO@bh.in",
    "blood_group": "Unkno",
    "student_image": "students/images/Screenshot_2025-04-20_112850.jpg",
    "aadhar_card": "students/documents/Demo_pjVQzdN.pdf",
    "transfer_certificate": "students/documents/Demo_3UQuLTP.pdf",
    "due_amount": "5600.00"
  }
},
{
  "model": "students.student",
  "pk": 5,
  "fields": {
    "created_at": "2025-08-04T20:57:43.267Z",
    "updated_at": "2025-08-30T13:54:09.187Z",
    "is_active": true,
    "admission_number": "GVIS00004",
    "first_name": "KRISHAN",
    "last_name": "KUMAR",
    "father_name": "CHUNCHUN CHAUDHARY",
    "mother_name": "SONI DEVI",
    "date_of_birth": "2018-12-09",
    "date_of_admission": "2025-04-01",
    "aadhaar_number": "1234-5678-9876",
    "pen_number": "98765456789",
    "student_class": 4,
    "student_section": 1,
    "gender": "Male",
    "religion": "Hindu",
    "caste_category": "EBC",
    "address": "BHANDARI BELSAND",
    "mobile_number": "9523319503",
    "email": "DEMO@ut.com",
    "blood_group": "Unkno",
    "student_image": "students/images/Screenshot_2025-04-20_112850.jpg",
    "aadhar_card": "students/documents/Demo_0NwKom6.pdf",
    "transfer_certificate": "students/documents/Demo_OlwIL73.pdf",
    "due_amount": "4400.00"
  }
},
{
  "model": "students.student",
  "pk": 6,
  "fields": {
    "created_at": "2025-08-04T20:57:43.267Z",
    "updated_at": "2025-08-30T13:54:09.202Z",
    "is_active": true,
    "admission_number": "GVIS00005",
    "first_name": "GINDEL",
    "last_name": "KUMARI",
    "father_name": "RAJAN SAH",
    "mother_name": "BABITA DEVI",
    "date_of_birth": "2016-05-11",
    "date_of_admission": "2025-04-01",
    "aadhaar_number": "1234-5678-9876",
    "pen_number": "98765456789",
    "student_class": 4,
    "student_section": 1,
    "gender": "Female",
    "religion": "Hindu",
    "caste_category": "EBC",
    "address": "PARRAHI BELSAND",
    "mobile_number": "7091391461",
    "email": "DEMO@school.in",
    "blood_group": "Unkno",
    "student_image": "students/images/Screenshot_2025-04-20_112850.jpg",
    "aadhar_card": "students/documents/Screenshot_2025-04-20_112850_HSiThUl.jpg",
    "transfer_certificate": "students/documents/Screenshot_2025-04-20_112850_RD7rEGO.jpg",
    "due_amount": "4400.00"
  }
},
{
  "model": "students.student",
  "pk": 7,
  "fields": {
    "created_at": "2025-08-04T20:57:43.267Z",
    "updated_at": "2025-08-30T13:54:09.215Z",
    "is_active": true,
    "admission_number": "GVIS00006",
    "first_name": "PRANAV",
    "last_name": "KUMAR",
    "father_name": "RAJA SINGH",
    "mother_name": "BABITA",
    "date_of_birth": "2019-02-28",
    "date_of_admission": "2025-04-01",
    "aadhaar_number": "1234-5678-9876",
    "pen_number": "98765456789",
    "student_class": 4,
    "student_section": 1,
    "gender": "Male",
    "religion": "Hindu",
    "caste_category": "General",
    "address": "BHANDARI BELSAND",
    "mobile_number": "8857915326",
    "email": "DEMO@CO.IN",
    "blood_group": "Unkno",
    "student_image": "students/images/Screenshot_2025-04-20_112850.jpg",
    "aadhar_card": "students/documents/Screenshot_2025-04-20_112850_lQrLNFP.jpg",
    "transfer_certificate": "students/documents/Screenshot_2025-04-20_112850_NK9N6g6.jpg",
    "due_amount": "4400.00"
  }
},
{
  "model": "students.student",
  "pk": 10,
  "fields": {
    "created_at": "2025-08-04T20:57:43.267Z",
    "updated_at": "2025-08-30T13:54:09.231Z",
    "is_active": true,
    "admission_number": "GVIS08002",
    "first_name": "JANVI",
    "last_name": "KUMARI",
    "father_name": "RAVINDRA SAH",
    "mother_name": "RAMKALI DEVI",
    "date_of_birth": "2011-12-20",
    "date_of_admission": "2025-04-01",
    "aadhaar_number": "1234-5678-9012",
    "pen_number": "98765456789",
    "student_class": 13,
    "student_section": 1,
    "gender": "Female",
    "religion": "Hindu",
    "caste_category": "EBC",
    "address": "MARAR JAFFARPUR BELSAND",
    "mobile_number": "8864092620",
    "email": "TEST@TE.IN",
    "blood_group": "Unkno",
    "student_image": "students/images/Screenshot_2025-04-20_112850.jpg",
    "aadhar_card": "students/documents/Demo.pdf",
    "transfer_certificate": "students/documents/Demo_uUlMRS9.pdf",
    "due_amount": "3200.00"
  }
},
{
  "model": "students.student",
  "pk": 11,
  "fields": {
    "created_at": "2025-08-04T20:57:43.267Z",
    "updated_at": "2025-08-30T13:54:09.246Z",
    "is_active": false,
    "admission_number": "GVIS07001",
    "first_name": "AANYA",
    "last_name": "KUMARI",
    "father_name": "JAYSHANKAR SAH",
    "mother_name": "SUNITA KUMARI",
    "date_of_birth": "2013-07-29",
    "date_of_admission": "2025-07-20",
    "aadhaar_number": "2348-5359-2848",
    "pen_number": "23498656123",
    "student_class": 12,
    "student_section": 1,
    "gender": "Female",
    "religion": "Hindu",
    "caste_category": "EBC",
    "address": "MADHKAUL JAFFARPUR BELSAND SITAMADHI . PIN. 843316",
    "mobile_number": "9934532661",
    "email": "TEAST@CO.com",
    "blood_group": "B+",
    "student_image": "students/images/Screenshot_2025-04-20_112850.jpg",
    "aadhar_card": "students/documents/210982-3840x2160-desktop-4k-attack-on-titan-the-final-season-backgrou_Ebq7bNG.jpg",
    "transfer_certificate": "students/documents/211023-2048x1134-desktop-hd-attack-on-titan-the-final-season-wallpape_v7tyw9V.jpg",
    "due_amount": "5400.00"
  }
},
{
  "model": "students.student",
  "pk": 12,
  "fields": {
    "created_at": "2025-08-04T20:57:43.267Z",
    "updated_at": "2025-08-30T13:54:09.263Z",
    "is_active": true,
    "admission_number": "GVIS08001",
    "first_name": "SHRUTI",
    "last_name": "PRIYA",
    "father_name": "MITARAM SAH",
    "mother_name": "MUNNI SAH",
    "date_of_birth": "2008-08-31",
    "date_of_admission": "2025-07-20",
    "aadhaar_number": "0987-0506-1256",
    "pen_number": "23145617851",
    "student_class": 13,
    "student_section": 1,
    "gender": "Female",
    "religion": "Hindu",
    "caste_category": "EBC",
    "address": "MATHKAUL, JAFFARPUR BELSAND , SITAMARHI",
    "mobile_number": "8097609981",
    "email": "JUSTTEST12@GMAIL.COM",
    "blood_group": "Unkno",
    "student_image": "students/images/Screenshot_2025-04-20_112850.jpg",
    "aadhar_card": "students/documents/Demo_JwKQQQ9.pdf",
    "transfer_certificate": "students/documents/Demo_vW5ItmS.pdf",
    "due_amount": "3200.00"
  }
},
{
  "model": "students.student",
  "pk": 13,
  "fields": {
    "created_at": "2025-08-04T20:57:43.267Z",
    "updated_at": "2025-08-30T13:54:10.514Z",
    "is_active": true,
    "admission_number": "GVIS05001",
    "first_name": "ANJALI",
    "last_name": "JHA",
    "father_name": "DINKAR JHA",
    "mother_name": "MADHU JHA",
    "date_of_birth": "2014-08-12",
    "date_of_admission": "2025-07-20",
    "aadhaar_number": "7902-3296-2991",
    "pen_number": "45623879614",
    "student_class": 10,
    "student_section": 1,
    "gender": "Female",
    "religion": "Hindu",
    "caste_category": "General",
    "address": "VILL-HANSAWR, WARD NO.-06, P.O-TARIYANI-CHAPRA,SITAMARHI.",
    "mobile_number": "9708521219",
    "email": "ANJALI5@GMAIL.COM",
    "blood_group": "Unkno",
    "student_image": "students/images/Screenshot_2025-04-20_112850.jpg",
    "aadhar_card": "students/documents/Demo_iE1vFeY.pdf",
    "transfer_certificate": "students/documents/Demo_I0hXHZy.pdf",
    "due_amount": "3200.00"
  }
},
{
  "model": "students.student",
  "pk": 14,
  "fields": {
    "created_at": "2025-08-04T20:57:43.267Z",
    "updated_at": "2025-08-30T13:54:09.298Z",
    "is_active": true,
    "admission_number": "GVIS07002",
    "first_name": "SHIVANI",
    "last_name": "KUMARI",
    "father_name": "CHITRANJAN SAH",
    "mother_name": "RUKMINI KUMARI",
    "date_of_birth": "2011-12-16",
    "date_of_admission": "2025-07-20",
    "aadhaar_number": "4356-2348-6784",
    "pen_number": "14579236094",
    "student_class": 12,
    "student_section": 1,
    "gender": "Female",
    "religion": "Hindu",
    "caste_category": "EBC",
    "address": "MADHKAUL, JAFARPUR, BELSAND, SITAMADHI PIN-843316",
    "mobile_number": "9031872720",
    "email": "SHIVANI@CO.IN",
    "blood_group": "A+",
    "student_image": "students/images/Screenshot_2025-04-20_112850.jpg",
    "aadhar_card": "students/documents/Demo_tv0QnwV.pdf",
    "transfer_certificate": "students/documents/Demo_Oyht9CU.pdf",
    "due_amount": "3200.00"
  }
},
{
  "model": "students.student",
  "pk": 15,
  "fields": {
    "created_at": "2025-08-04T20:57:43.267Z",
    "updated_at": "2025-08-30T13:54:09.314Z",
    "is_active": true,
    "admission_number": "GVIS05003",
    "first_name": "KHUSHBU",
    "last_name": "KUMARI",
    "father_name": "RAKESH KUMAR YADAV",
    "mother_name": "AASH DEVI",
    "date_of_birth": "2012-12-14",
    "date_of_admission": "2025-07-20",
    "aadhaar_number": "6934-0464-3148",
    "pen_number": "90865375859",
    "student_class": 10,
    "student_section": 1,
    "gender": "Female",
    "religion": "Hindu",
    "caste_category": "OBC",
    "address": "VILLI-RUPALI, P.O-SAULI, P.S- TARIYANI CHHAPRA ;DIST- SITAMARHI",
    "mobile_number": "8969636364",
    "email": "KHUSHBU05@GMAIL.COM",
    "blood_group": "Unkno",
    "student_image": "students/images/Screenshot_2025-04-20_112850.jpg",
    "aadhar_card": "students/documents/Demo_lOBrmhQ.pdf",
    "transfer_certificate": "students/documents/Demo_05rzLZ0.pdf",
    "due_amount": "3200.00"
  }
},
{
  "model": "students.student",
  "pk": 16,
  "fields": {
    "created_at": "2025-08-04T20:57:43.267Z",
    "updated_at": "2025-08-30T13:54:09.327Z",
    "is_active": true,
    "admission_number": "GVIS07003",
    "first_name": "ANKITA",
    "last_name": "SAH",
    "father_name": "MITARAM SAH",
    "mother_name": "MUNNI SAH",
    "date_of_birth": "2011-07-18",
    "date_of_admission": "2025-07-20",
    "aadhaar_number": "5346-7321-8964",
    "pen_number": "67821950232",
    "student_class": 12,
    "student_section": 1,
    "gender": "Female",
    "religion": "Hindu",
    "caste_category": "EBC",
    "address": "MADHUKAUL, JAFARPUR, BELSAND, SITAMADHI PIN-843316",
    "mobile_number": "9545114347",
    "email": "ANKITA@CO.IN",
    "blood_group": "B+",
    "student_image": "students/images/Screenshot_2025-04-20_112850.jpg",
    "aadhar_card": "students/documents/Demo_sX8rA4X.pdf",
    "transfer_certificate": "students/documents/Demo_V9Qz0x9.pdf",
    "due_amount": "3200.00"
  }
},
{
  "model": "students.student",
  "pk": 17,
  "fields": {
    "created_at": "2025-08-04T20:57:43.267Z",
    "updated_at": "2025-08-30T13:54:09.341Z",
    "is_active": true,
    "admission_number": "GVIS05004",
    "first_name": "KHUSHBU",
    "last_name": "KUMARI",
    "father_name": "RAKESH KUMAR YADAV",
    "mother_name": "AASH DEVI",
    "date_of_birth": "2012-12-12",
    "date_of_admission": "2025-07-20",
    "aadhaar_number": "6934-0464-3149",
    "pen_number": "90865375859",
    "student_class": 10,
    "student_section": 1,
    "gender": "Female",
    "religion": "Hindu",
    "caste_category": "OBC",
    "address": "VILLI-RUPALI, P.O-SAULI, P.S- TARIYANI CHHAPRA ;DIST- SITAMARHI",
    "mobile_number": "8969636364",
    "email": "KHUSHBU05@GMAIL.COM",
    "blood_group": "Unkno",
    "student_image": "students/images/Screenshot_2025-04-20_112850.jpg",
    "aadhar_card": "students/documents/Demo_NtqAyZd.pdf",
    "transfer_certificate": "students/documents/Demo_6GiRR5a.pdf",
    "due_amount": "3200.00"
  }
},
{
  "model": "students.student",
  "pk": 18,
  "fields": {
    "created_at": "2025-08-04T20:57:43.267Z",
    "updated_at": "2025-08-30T13:54:09.354Z",
    "is_active": true,
    "admission_number": "GVIS07004",
    "first_name": "VAANEE",
    "last_name": "KUMARI",
    "father_name": "RAVINDRA SHA",
    "mother_name": "RAMKALI DEVI",
    "date_of_birth": "2013-06-22",
    "date_of_admission": "2025-07-20",
    "aadhaar_number": "5467-9821-7482",
    "pen_number": "65980234569",
    "student_class": 12,
    "student_section": 1,
    "gender": "Female",
    "religion": "Hindu",
    "caste_category": "EBC",
    "address": "MARAR, JAFARPUR, BELSAND, SITAMADHI PIN-843316",
    "mobile_number": "8864092620",
    "email": "VAANEE@CO.IN",
    "blood_group": "B+",
    "student_image": "students/images/Screenshot_2025-04-20_112850.jpg",
    "aadhar_card": "students/documents/Demo_mUIDAv7.pdf",
    "transfer_certificate": "students/documents/Demo_ErdoyWr.pdf",
    "due_amount": "3200.00"
  }
},
{
  "model": "students.student",
  "pk": 19,
  "fields": {
    "created_at": "2025-08-04T20:57:43.267Z",
    "updated_at": "2025-08-30T13:54:09.367Z",
    "is_active": true,
    "admission_number": "GVIS05007",
    "first_name": "LALTI",
    "last_name": "KUMAR",
    "father_name": "BIGU SAH",
    "mother_name": "GITTA DEVI",
    "date_of_birth": "2025-07-20",
    "date_of_admission": "2025-07-20",
    "aadhaar_number": "4083-7361-7118",
    "pen_number": "27435756838",
    "student_class": 10,
    "student_section": 1,
    "gender": "Male",
    "religion": "Hindu",
    "caste_category": "OBC",
    "address": "VILLI+P.O+P.S- TARIYANI CHHAPRA, DIST :- SHEOHAR",
    "mobile_number": "8873873931",
    "email": "LALTI13@GMAIL.COM",
    "blood_group": "Unkno",
    "student_image": "students/images/Screenshot_2025-04-20_112850.jpg",
    "aadhar_card": "students/documents/Demo_S6echRV.pdf",
    "transfer_certificate": "students/documents/Demo_yfrfEFS.pdf",
    "due_amount": "3200.00"
  }
},
{
  "model": "students.student",
  "pk": 20,
  "fields": {
    "created_at": "2025-08-04T20:57:43.267Z",
    "updated_at": "2025-08-30T13:54:09.382Z",
    "is_active": true,
    "admission_number": "GVIS07005",
    "first_name": "PALAK",
    "last_name": "GUPTA",
    "father_name": "BAIJU KUMAR GUPTA",
    "mother_name": "RAGNI DEVI",
    "date_of_birth": "2013-06-04",
    "date_of_admission": "2025-07-20",
    "aadhaar_number": "7834-8654-1286",
    "pen_number": "34578901238",
    "student_class": 12,
    "student_section": 1,
    "gender": "Female",
    "religion": "Hindu",
    "caste_category": "EBC",
    "address": "MADHUKAUL, JAFARPUR, BELSAND, SITAMADHI PIN-843316",
    "mobile_number": "7898967312",
    "email": "PALAK@CO.IN",
    "blood_group": "B+",
    "student_image": "students/images/Screenshot_2025-04-20_112850.jpg",
    "aadhar_card": "students/documents/Demo_iWGfKj1.pdf",
    "transfer_certificate": "students/documents/Demo_jClUSGW.pdf",
    "due_amount": "3200.00"
  }
},
{
  "model": "students.student",
  "pk": 21,
  "fields": {
    "created_at": "2025-08-04T20:57:43.267Z",
    "updated_at": "2025-08-30T13:54:09.395Z",
    "is_active": true,
    "admission_number": "GVIS05008",
    "first_name": "SWATI",
    "last_name": "SINGH",
    "father_name": "BHARAT BHUSHAN SINGH",
    "mother_name": "KAJAL SINGH",
    "date_of_birth": "2014-07-15",
    "date_of_admission": "2025-07-20",
    "aadhaar_number": "7872-4049-3328",
    "pen_number": "22434757675",
    "student_class": 10,
    "student_section": 1,
    "gender": "Female",
    "religion": "Hindu",
    "caste_category": "General",
    "address": "VILL+P.O+P.S- TARIYANI CHAPRA.",
    "mobile_number": "9060523626",
    "email": "SWATI420@GMAIL.COM",
    "blood_group": "Unkno",
    "student_image": "students/images/Screenshot_2025-04-20_112850.jpg",
    "aadhar_card": "students/documents/Demo_seDDYL7.pdf",
    "transfer_certificate": "students/documents/Demo_eijpURZ.pdf",
    "due_amount": "3200.00"
  }
},
{
  "model": "students.student",
  "pk": 22,
  "fields": {
    "created_at": "2025-08-04T20:57:43.267Z",
    "updated_at": "2025-08-30T13:54:09.408Z",
    "is_active": true,
    "admission_number": "GVIS07006",
    "first_name": "ASHIK",
    "last_name": "KUMAR",
    "father_name": "KANHAI MAHTO",
    "mother_name": "PINKI DEVI",
    "date_of_birth": "2011-12-04",
    "date_of_admission": "2025-07-20",
    "aadhaar_number": "8967-3465-9123",
    "pen_number": "43298756103",
    "student_class": 12,
    "student_section": 1,
    "gender": "Male",
    "religion": "Hindu",
    "caste_category": "EBC",
    "address": "MADHUKAUL, JAFARPUR, BELSAND, SITAMADHI PIN-843316",
    "mobile_number": "9065683756",
    "email": "ASHIK@CO.IN",
    "blood_group": "A+",
    "student_image": "students/images/Screenshot_2025-04-20_112850.jpg",
    "aadhar_card": "students/documents/Demo_HXRezw4.pdf",
    "transfer_certificate": "students/documents/Demo_KK9nn01.pdf",
    "due_amount": "3200.00"
  }
},
{
  "model": "students.student",
  "pk": 23,
  "fields": {
    "created_at": "2025-08-04T20:57:43.267Z",
    "updated_at": "2025-08-30T13:54:09.421Z",
    "is_active": true,
    "admission_number": "GVIS05009",
    "first_name": "SURYA",
    "last_name": "KUMAR",
    "father_name": "BIDHI BHUSAN SINGH",
    "mother_name": "PRIYANK SINGH",
    "date_of_birth": "2014-08-04",
    "date_of_admission": "2025-07-20",
    "aadhaar_number": "7976-2096-4223",
    "pen_number": "38285796572",
    "student_class": 10,
    "student_section": 1,
    "gender": "Male",
    "religion": "Hindu",
    "caste_category": "General",
    "address": "VILL+P.O+P.S- TARIYANI CHAPRA. DISTRICT :- SHOHAR",
    "mobile_number": "9365902328",
    "email": "SURYA320@GMAIL.COM",
    "blood_group": "Unkno",
    "student_image": "students/images/Screenshot_2025-04-20_112850.jpg",
    "aadhar_card": "students/documents/Demo_CX9UjMy.pdf",
    "transfer_certificate": "students/documents/Demo_ITqsdzD.pdf",
    "due_amount": "3200.00"
  }
},
{
  "model": "students.student",
  "pk": 24,
  "fields": {
    "created_at": "2025-08-04T20:57:43.267Z",
    "updated_at": "2025-08-30T13:54:09.435Z",
    "is_active": true,
    "admission_number": "GVIS07007",
    "first_name": "PRIYANSHI",
    "last_name": "KUMARI",
    "father_name": "KAMOD CHAUDHARY",
    "mother_name": "NUTAN DEVI",
    "date_of_birth": "2013-01-01",
    "date_of_admission": "2025-07-20",
    "aadhaar_number": "6578-2345-0976",
    "pen_number": "87503216784",
    "student_class": 12,
    "student_section": 1,
    "gender": "Female",
    "religion": "Hindu",
    "caste_category": "EBC",
    "address": "MADHUKAUL, JAFARPUR, BELSAND, SITAMADHI PIN-843316",
    "mobile_number": "7091436384",
    "email": "PRIYANSHI@CO.IN",
    "blood_group": "B-",
    "student_image": "students/images/Screenshot_2025-04-20_112850.jpg",
    "aadhar_card": "students/documents/Demo_xUQRN7s.pdf",
    "transfer_certificate": "students/documents/Demo_U8FcEIf.pdf",
    "due_amount": "3200.00"
  }
},
{
  "model": "students.student",
  "pk": 25,
  "fields": {
    "created_at": "2025-08-04T20:57:43.267Z",
    "updated_at": "2025-08-30T13:54:10.528Z",
    "is_active": true,
    "admission_number": "GVIS05006",
    "first_name": "AMARDEEP",
    "last_name": "KUMAR",
    "father_name": "SURESH BAITHA",
    "mother_name": "LALITA DEVI",
    "date_of_birth": "2011-03-09",
    "date_of_admission": "2025-07-20",
    "aadhaar_number": "6934-0264-3144",
    "pen_number": "23764563442",
    "student_class": 10,
    "student_section": 1,
    "gender": "Male",
    "religion": "Hindu",
    "caste_category": "SC",
    "address": "VILL+P.O- JAHARPUR. PS- BELSAND, DIST:- SITAMARHI",
    "mobile_number": "8126991178",
    "email": "AMARDEEP360@GMAIL.COM",
    "blood_group": "Unkno",
    "student_image": "students/images/Screenshot_2025-04-20_112850.jpg",
    "aadhar_card": "students/documents/Demo_WFbGZmu.pdf",
    "transfer_certificate": "students/documents/Demo_SGzFtGa.pdf",
    "due_amount": "3200.00"
  }
},
{
  "model": "students.student",
  "pk": 26,
  "fields": {
    "created_at": "2025-08-04T20:57:43.267Z",
    "updated_at": "2025-08-30T13:54:09.461Z",
    "is_active": true,
    "admission_number": "GVIS05000",
    "first_name": "PALAK",
    "last_name": "SINGH",
    "father_name": "PRIYESH SINGH",
    "mother_name": "NEHA SINGH",
    "date_of_birth": "2014-08-24",
    "date_of_admission": "2025-07-20",
    "aadhaar_number": "2777-3261-9793",
    "pen_number": "12837565467",
    "student_class": 10,
    "student_section": 1,
    "gender": "Female",
    "religion": "Hindu",
    "caste_category": "General",
    "address": "VILL+P.O+P.S- TARIYANI CHAPRA. DIST:- sheohar",
    "mobile_number": "9102765797",
    "email": "PALAK430@GMAIL.COM",
    "blood_group": "Unkno",
    "student_image": "students/images/Screenshot_2025-04-20_112850.jpg",
    "aadhar_card": "students/documents/Demo_hycxAtF.pdf",
    "transfer_certificate": "students/documents/Demo_NQLK9E9.pdf",
    "due_amount": "3200.00"
  }
},
{
  "model": "students.student",
  "pk": 27,
  "fields": {
    "created_at": "2025-08-04T20:57:43.267Z",
    "updated_at": "2025-08-30T13:54:09.475Z",
    "is_active": true,
    "admission_number": "GVIS06001",
    "first_name": "ANANYA",
    "last_name": "SINGH",
    "father_name": "AMOD SINGH",
    "mother_name": "KANCHAN DEVI",
    "date_of_birth": "2012-04-03",
    "date_of_admission": "2025-07-20",
    "aadhaar_number": "6798-3458-0943",
    "pen_number": "98745203465",
    "student_class": 11,
    "student_section": 1,
    "gender": "Female",
    "religion": "Hindu",
    "caste_category": "General",
    "address": "MADHUKAUL, JAFARPUR, BELSAND, SITAMADHI PIN-843316",
    "mobile_number": "6205394814",
    "email": "ANANYA@CO.IN",
    "blood_group": "B+",
    "student_image": "students/images/Screenshot_2025-04-20_112850.jpg",
    "aadhar_card": "students/documents/Demo_aBgOTAR.pdf",
    "transfer_certificate": "students/documents/Demo_R1bdJXi.pdf",
    "due_amount": "3200.00"
  }
},
{
  "model": "students.student",
  "pk": 28,
  "fields": {
    "created_at": "2025-08-04T20:57:43.267Z",
    "updated_at": "2025-08-30T13:54:09.488Z",
    "is_active": true,
    "admission_number": "GVIS050000",
    "first_name": "MANVI",
    "last_name": "SINGH",
    "father_name": "DEEPAK SINGH",
    "mother_name": "ANJALI SINGH",
    "date_of_birth": "2014-08-20",
    "date_of_admission": "2025-07-20",
    "aadhaar_number": "8505-1934-9475",
    "pen_number": "23375643782",
    "student_class": 10,
    "student_section": 1,
    "gender": "Female",
    "religion": "Hindu",
    "caste_category": "General",
    "address": "VILL+P.O+P.S- TARIYANI CHAPRA. DIST:- sheohar",
    "mobile_number": "7464094216",
    "email": "MANVI340@GMAIL.COM",
    "blood_group": "Unkno",
    "student_image": "students/images/Screenshot_2025-04-20_112850.jpg",
    "aadhar_card": "students/documents/Demo_NcJrvvB.pdf",
    "transfer_certificate": "students/documents/Demo_rrZXVFr.pdf",
    "due_amount": "3200.00"
  }
},
{
  "model": "students.student",
  "pk": 29,
  "fields": {
    "created_at": "2025-08-04T20:57:43.267Z",
    "updated_at": "2025-08-30T13:54:09.502Z",
    "is_active": true,
    "admission_number": "GVIS06002",
    "first_name": "PURNIMA",
    "last_name": "SINGH",
    "father_name": "SAROJ SINGH",
    "mother_name": "ALKA DEVI",
    "date_of_birth": "2012-01-19",
    "date_of_admission": "2025-07-20",
    "aadhaar_number": "6578-9804-2034",
    "pen_number": "34806912348",
    "student_class": 11,
    "student_section": 1,
    "gender": "Female",
    "religion": "Hindu",
    "caste_category": "General",
    "address": "MADHUKAUL, JAFARPUR, BELSAND, SITAMADHI PIN-843316",
    "mobile_number": "8294098876",
    "email": "PURNIMA@CO.IN",
    "blood_group": "B+",
    "student_image": "students/images/Screenshot_2025-04-20_112850.jpg",
    "aadhar_card": "students/documents/Demo_CpTacSG.pdf",
    "transfer_certificate": "students/documents/Demo_hU02LLK.pdf",
    "due_amount": "3200.00"
  }
},
{
  "model": "students.student",
  "pk": 30,
  "fields": {
    "created_at": "2025-08-04T20:57:43.267Z",
    "updated_at": "2025-08-30T13:54:09.516Z",
    "is_active": true,
    "admission_number": "GVIS05005",
    "first_name": "ANKUR",
    "last_name": "KUMAR",
    "father_name": "RAM MANOHAR SINGH",
    "mother_name": "GURIYA DEVI",
    "date_of_birth": "2025-11-21",
    "date_of_admission": "2025-07-20",
    "aadhaar_number": "8682-0419-1144",
    "pen_number": "43857465432",
    "student_class": 10,
    "student_section": 1,
    "gender": "Male",
    "religion": "Hindu",
    "caste_category": "General",
    "address": "VILL- MADHKAUL, P.O- JATTARFUR - BELSAND, SITAMARHI",
    "mobile_number": "9931490284",
    "email": "ANKUR21@GMAIL.COM",
    "blood_group": "Unkno",
    "student_image": "students/images/Screenshot_2025-04-20_112850.jpg",
    "aadhar_card": "students/documents/Demo_flZ4l1T.pdf",
    "transfer_certificate": "students/documents/Demo_WZxv2je.pdf",
    "due_amount": "3200.00"
  }
},
{
  "model": "students.student",
  "pk": 31,
  "fields": {
    "created_at": "2025-08-04T20:57:43.267Z",
    "updated_at": "2025-08-30T13:54:09.528Z",
    "is_active": true,
    "admission_number": "GVIS06003",
    "first_name": "ANSHIL",
    "last_name": "KUMAR",
    "father_name": "MUKESH SINGH",
    "mother_name": "DEEPIKA SINGH",
    "date_of_birth": "2014-07-11",
    "date_of_admission": "2025-07-20",
    "aadhaar_number": "8906-8975-0321",
    "pen_number": "45627087654",
    "student_class": 11,
    "student_section": 1,
    "gender": "Male",
    "religion": "Hindu",
    "caste_category": "General",
    "address": "SAHIYARA, SITAMARHI",
    "mobile_number": "9113405754",
    "email": "ANSHIL@CO.IN",
    "blood_group": "B+",
    "student_image": "students/images/Screenshot_2025-04-20_112850.jpg",
    "aadhar_card": "students/documents/Demo_heXyRAY.pdf",
    "transfer_certificate": "students/documents/Demo_1t4ScVu.pdf",
    "due_amount": "3200.00"
  }
},
{
  "model": "students.student",
  "pk": 32,
  "fields": {
    "created_at": "2025-08-04T20:57:43.267Z",
    "updated_at": "2025-08-30T13:54:09.541Z",
    "is_active": true,
    "admission_number": "GVIS06004",
    "first_name": "PARIDHI",
    "last_name": "SINGH",
    "father_name": "KUNDAN SINGH",
    "mother_name": "PUJA SINGH",
    "date_of_birth": "2014-10-12",
    "date_of_admission": "2025-07-20",
    "aadhaar_number": "2345-7890-5671",
    "pen_number": "98704572317",
    "student_class": 11,
    "student_section": 1,
    "gender": "Female",
    "religion": "Hindu",
    "caste_category": "General",
    "address": "MADHUKAUL, JAFARPUR, BELSAND, SITAMADHI PIN-843316",
    "mobile_number": "7488613040",
    "email": "PARIDHI@CO.IN",
    "blood_group": "A+",
    "student_image": "students/images/Screenshot_2025-04-20_112850.jpg",
    "aadhar_card": "students/documents/Demo_esKPfS1.pdf",
    "transfer_certificate": "students/documents/Demo_dbMHJhX.pdf",
    "due_amount": "3200.00"
  }
},
{
  "model": "students.student",
  "pk": 33,
  "fields": {
    "created_at": "2025-08-04T20:57:43.267Z",
    "updated_at": "2025-08-30T13:54:09.554Z",
    "is_active": true,
    "admission_number": "GVIS050005",
    "first_name": "RAHUL",
    "last_name": "KUMAR",
    "father_name": "VIRENDRA CHAUDHARY",
    "mother_name": "RANI CHAUDHARY",
    "date_of_birth": "2025-07-20",
    "date_of_admission": "2025-07-20",
    "aadhaar_number": "5226-2250-4076",
    "pen_number": "45623879615",
    "student_class": 10,
    "student_section": 1,
    "gender": "Male",
    "religion": "Hindu",
    "caste_category": "OBC",
    "address": "VILL- MADHKAUL. P.O- JAHARPUR. P.S-BLESAND, SITAMARHI",
    "mobile_number": "8235694602",
    "email": "RAHUL420@GMAIL.COM",
    "blood_group": "Unkno",
    "student_image": "students/images/Screenshot_2025-04-20_112850.jpg",
    "aadhar_card": "students/documents/Demo_MMbs532.pdf",
    "transfer_certificate": "students/documents/Demo_ux44gUa.pdf",
    "due_amount": "3200.00"
  }
},
{
  "model": "students.student",
  "pk": 34,
  "fields": {
    "created_at": "2025-08-04T20:57:43.267Z",
    "updated_at": "2025-08-30T13:54:09.569Z",
    "is_active": true,
    "admission_number": "GVIS06005",
    "first_name": "AKASH",
    "last_name": "JHA",
    "father_name": "MUKESH JHA",
    "mother_name": "SUDHA JHA",
    "date_of_birth": "2014-04-24",
    "date_of_admission": "2025-07-20",
    "aadhaar_number": "7650-4578-2306",
    "pen_number": "67893459276",
    "student_class": 11,
    "student_section": 1,
    "gender": "Male",
    "religion": "Hindu",
    "caste_category": "General",
    "address": "TARIYANI,CHAPRA,BELSAND, SITAMARHI",
    "mobile_number": "6204088803",
    "email": "AKASH@CO.IN",
    "blood_group": "A+",
    "student_image": "students/images/Screenshot_2025-04-20_112850.jpg",
    "aadhar_card": "students/documents/Demo_f9Hj1Sl.pdf",
    "transfer_certificate": "students/documents/Demo_SNIDa4v.pdf",
    "due_amount": "3200.00"
  }
},
{
  "model": "students.student",
  "pk": 35,
  "fields": {
    "created_at": "2025-08-04T20:57:43.267Z",
    "updated_at": "2025-08-30T13:54:09.583Z",
    "is_active": true,
    "admission_number": "GVIS06006",
    "first_name": "SONAKSHI",
    "last_name": "SINGH",
    "father_name": "SANTOSH SINGH",
    "mother_name": "PUNAM SINGH",
    "date_of_birth": "2012-07-01",
    "date_of_admission": "2025-07-20",
    "aadhaar_number": "9804-3691-6573",
    "pen_number": "45896763085",
    "student_class": 11,
    "student_section": 1,
    "gender": "Female",
    "religion": "Hindu",
    "caste_category": "General",
    "address": "TARIYANI CHOPRA, SHEOHAR PIN-843316",
    "mobile_number": "7369937574",
    "email": "SONAKSHI@CO.IN",
    "blood_group": "B+",
    "student_image": "students/images/Screenshot_2025-04-20_112850.jpg",
    "aadhar_card": "students/documents/Demo_dwNtTTT.pdf",
    "transfer_certificate": "students/documents/Demo_kIw5y2V.pdf",
    "due_amount": "3200.00"
  }
},
{
  "model": "students.student",
  "pk": 36,
  "fields": {
    "created_at": "2025-08-04T20:57:43.267Z",
    "updated_at": "2025-08-30T13:54:09.596Z",
    "is_active": true,
    "admission_number": "GVIS06007",
    "first_name": "KHUSHBU",
    "last_name": "KUMARI",
    "father_name": "SHANKAR SAH",
    "mother_name": "CHANCHALA SINGH",
    "date_of_birth": "2010-11-14",
    "date_of_admission": "2025-07-20",
    "aadhaar_number": "9807-2568-7543",
    "pen_number": "37988408743",
    "student_class": 11,
    "student_section": 1,
    "gender": "Female",
    "religion": "Hindu",
    "caste_category": "General",
    "address": "MARA, KANSAR ,BELSAND,SITAMARHI PIN-843316",
    "mobile_number": "7462991617",
    "email": "KHUSHBU@CO.IN",
    "blood_group": "B+",
    "student_image": "students/images/Screenshot_2025-04-20_112850.jpg",
    "aadhar_card": "students/documents/Demo_caXMK7B.pdf",
    "transfer_certificate": "students/documents/Demo_HSWl28C.pdf",
    "due_amount": "3200.00"
  }
},
{
  "model": "students.student",
  "pk": 37,
  "fields": {
    "created_at": "2025-08-04T20:57:43.267Z",
    "updated_at": "2025-08-30T13:54:09.610Z",
    "is_active": true,
    "admission_number": "GVIS04001",
    "first_name": "KUNDAN",
    "last_name": "SINGH",
    "father_name": "SANJEET SINGH",
    "mother_name": "MONI DEVI",
    "date_of_birth": "2025-06-11",
    "date_of_admission": "2025-07-20",
    "aadhaar_number": "2216-3031-6169",
    "pen_number": "21827464657",
    "student_class": 9,
    "student_section": 1,
    "gender": "Male",
    "religion": "Hindu",
    "caste_category": "General",
    "address": "VILL+P.O- TARIYANI CHHAPRA, P.S- TRIYANI CHHAPRA, DIST- SHEOHAR ( BIHAR )",
    "mobile_number": "8651548896",
    "email": "KUNDAN420@GMAIL.COM",
    "blood_group": "Unkno",
    "student_image": "students/images/Screenshot_2025-04-20_112850.jpg",
    "aadhar_card": "students/documents/Demo_uAJ8lt5.pdf",
    "transfer_certificate": "students/documents/Demo_aBPaQ9o.pdf",
    "due_amount": "3200.00"
  }
},
{
  "model": "students.student",
  "pk": 38,
  "fields": {
    "created_at": "2025-08-04T20:57:43.267Z",
    "updated_at": "2025-08-30T13:54:09.624Z",
    "is_active": true,
    "admission_number": "GVIS06008",
    "first_name": "AJMERI",
    "last_name": "KHATOON",
    "father_name": "MD. SABIB",
    "mother_name": "JANISHA KHATOON",
    "date_of_birth": "2011-11-28",
    "date_of_admission": "2025-07-20",
    "aadhaar_number": "2367-8704-8095",
    "pen_number": "98720856276",
    "student_class": 11,
    "student_section": 1,
    "gender": "Female",
    "religion": "Muslim",
    "caste_category": "EBC",
    "address": "MADHUKAUL, JAFARPUR, BELSAND, SITAMADHI PIN-843316",
    "mobile_number": "7091393590",
    "email": "AJMERI@CO.IN",
    "blood_group": "A+",
    "student_image": "students/images/Screenshot_2025-04-20_112850.jpg",
    "aadhar_card": "students/documents/Demo_WoRPbS1.pdf",
    "transfer_certificate": "students/documents/Demo_sDNnrjJ.pdf",
    "due_amount": "3200.00"
  }
},
{
  "model": "students.student",
  "pk": 39,
  "fields": {
    "created_at": "2025-08-04T20:57:43.267Z",
    "updated_at": "2025-08-30T13:54:09.636Z",
    "is_active": true,
    "admission_number": "GVIS00007",
    "first_name": "VAISHNAVI",
    "last_name": "KUMARI",
    "father_name": "BALIRAM SINGH",
    "mother_name": "JULI DEVI",
    "date_of_birth": "2017-01-05",
    "date_of_admission": "2025-07-20",
    "aadhaar_number": "1234-5678-9876",
    "pen_number": "98765456789",
    "student_class": 4,
    "student_section": 1,
    "gender": "Female",
    "religion": "Hindu",
    "caste_category": "General",
    "address": "MASHKAUL JAFFARPUR BELSAND",
    "mobile_number": "7257042856",
    "email": "DEMO@bh.in",
    "blood_group": "Unkno",
    "student_image": "students/images/Screenshot_2025-04-20_112850.jpg",
    "aadhar_card": "students/documents/Demo_RTTXvwG.pdf",
    "transfer_certificate": "students/documents/Demo_X7xzBA8.pdf",
    "due_amount": "4400.00"
  }
},
{
  "model": "students.student",
  "pk": 40,
  "fields": {
    "created_at": "2025-08-04T20:57:43.267Z",
    "updated_at": "2025-08-30T13:54:09.649Z",
    "is_active": true,
    "admission_number": "GVIS04002",
    "first_name": "VISHAL",
    "last_name": "KUMAR",
    "father_name": "MUKESH SAH",
    "mother_name": "DRAUPATI DEVI",
    "date_of_birth": "2014-05-01",
    "date_of_admission": "2025-07-20",
    "aadhaar_number": "5047-2861-5113",
    "pen_number": "45623879613",
    "student_class": 9,
    "student_section": 1,
    "gender": "Male",
    "religion": "Hindu",
    "caste_category": "OBC",
    "address": "VILL- MATHKAUL, P.O- JAFFARPUR, P.S- TARIYANI BELSAND, DIST- SITAMARHI, ( BIHAR )",
    "mobile_number": "9781574265",
    "email": "vishal340@gmail.com",
    "blood_group": "Unkno",
    "student_image": "students/images/Screenshot_2025-04-20_112850.jpg",
    "aadhar_card": "students/documents/Demo_pM7Dli0.pdf",
    "transfer_certificate": "students/documents/Demo_aHS83ew.pdf",
    "due_amount": "3200.00"
  }
},
{
  "model": "students.student",
  "pk": 41,
  "fields": {
    "created_at": "2025-08-04T20:57:43.267Z",
    "updated_at": "2025-08-30T13:54:09.662Z",
    "is_active": true,
    "admission_number": "GVIS06009",
    "first_name": "ANUSHKA",
    "last_name": "KUMARI",
    "father_name": "UMESH SAH",
    "mother_name": "BACHICHI DEVI",
    "date_of_birth": "2011-11-11",
    "date_of_admission": "2025-07-20",
    "aadhaar_number": "8760-5874-3659",
    "pen_number": "98562532075",
    "student_class": 11,
    "student_section": 1,
    "gender": "Female",
    "religion": "Hindu",
    "caste_category": "EBC",
    "address": "MADHUKAUL, JAFARPUR, BELSAND, SITAMADHI PIN-843316",
    "mobile_number": "8002185862",
    "email": "ANUSHKA@CO.IN",
    "blood_group": "B-",
    "student_image": "students/images/Screenshot_2025-04-20_112850.jpg",
    "aadhar_card": "students/documents/Demo_ka4qN9X.pdf",
    "transfer_certificate": "students/documents/Demo_rZEgfJD.pdf",
    "due_amount": "3200.00"
  }
},
{
  "model": "students.student",
  "pk": 42,
  "fields": {
    "created_at": "2025-08-04T20:57:43.267Z",
    "updated_at": "2025-08-30T13:54:09.676Z",
    "is_active": true,
    "admission_number": "GVIS00008",
    "first_name": "DILKHUSH",
    "last_name": "LUMAR",
    "father_name": "NANDLAL MAHTO",
    "mother_name": "PHOOL KUMARI DEVI",
    "date_of_birth": "2018-12-25",
    "date_of_admission": "2025-07-20",
    "aadhaar_number": "1234-5678-9876",
    "pen_number": "34806912348",
    "student_class": 4,
    "student_section": 1,
    "gender": "Male",
    "religion": "Hindu",
    "caste_category": "EBC",
    "address": "MADHKAUL BELSAND",
    "mobile_number": "9955652058",
    "email": "DEMO@bh.in",
    "blood_group": "Unkno",
    "student_image": "students/images/Screenshot_2025-04-20_112850.jpg",
    "aadhar_card": "students/documents/Demo_ZduXktO.pdf",
    "transfer_certificate": "students/documents/Demo_OvL6V0u.pdf",
    "due_amount": "4400.00"
  }
},
{
  "model": "students.student",
  "pk": 43,
  "fields": {
    "created_at": "2025-08-04T20:57:43.267Z",
    "updated_at": "2025-08-30T13:54:09.690Z",
    "is_active": true,
    "admission_number": "GVIS03001",
    "first_name": "SURCHI",
    "last_name": "KUMARI",
    "father_name": "KANHAI MAHTO",
    "mother_name": "PINKI DEVI",
    "date_of_birth": "2014-04-27",
    "date_of_admission": "2025-07-20",
    "aadhaar_number": "9866-8891-3322",
    "pen_number": "77888446590",
    "student_class": 7,
    "student_section": 1,
    "gender": "Female",
    "religion": "Hindu",
    "caste_category": "OBC",
    "address": "MADHUKAUL, JAFARPUR, BELSAND, SITAMADHI PIN-843316",
    "mobile_number": "9065683756",
    "email": "SURCHI@CO.IN",
    "blood_group": "O+",
    "student_image": "students/images/Screenshot_2025-04-20_112850.jpg",
    "aadhar_card": "students/documents/Demo_4QY52yb.pdf",
    "transfer_certificate": "students/documents/Demo_ATMDqWs.pdf",
    "due_amount": "3200.00"
  }
},
{
  "model": "students.student",
  "pk": 44,
  "fields": {
    "created_at": "2025-08-04T20:57:43.267Z",
    "updated_at": "2025-08-30T13:54:09.704Z",
    "is_active": true,
    "admission_number": "GVIS04003",
    "first_name": "SANDHYA",
    "last_name": "KUMARI",
    "father_name": "ANIL MANDAL",
    "mother_name": "CHANDRA DEVI",
    "date_of_birth": "2013-08-03",
    "date_of_admission": "2025-07-20",
    "aadhaar_number": "7225-4651-8511",
    "pen_number": "09864467446",
    "student_class": 9,
    "student_section": 1,
    "gender": "Female",
    "religion": "Hindu",
    "caste_category": "OBC",
    "address": "VILL+P.0- TARIYANI CHHAPRA, P.S- TARIYANI CHHAPRA, DIST- SHEOHAR, PIN CODE - 843316, ( BIHAR ) .",
    "mobile_number": "8235694602",
    "email": "SANDHYA12@GMAIL.COM",
    "blood_group": "Unkno",
    "student_image": "students/images/Screenshot_2025-04-20_112850.jpg",
    "aadhar_card": "students/documents/Demo_4E2MVQn.pdf",
    "transfer_certificate": "students/documents/Demo_xaWcjOh.pdf",
    "due_amount": "3200.00"
  }
},
{
  "model": "students.student",
  "pk": 45,
  "fields": {
    "created_at": "2025-08-04T20:57:43.267Z",
    "updated_at": "2025-08-30T13:54:09.717Z",
    "is_active": true,
    "admission_number": "GVIS00009",
    "first_name": "RUDRAKSH",
    "last_name": "KUMAR",
    "father_name": "KUNDAN KUMAR SINGH",
    "mother_name": "MANISHA DEVI",
    "date_of_birth": "2016-01-01",
    "date_of_admission": "2025-07-20",
    "aadhaar_number": "1234-5678-9876",
    "pen_number": "98765456789",
    "student_class": 4,
    "student_section": 1,
    "gender": "Male",
    "religion": "Hindu",
    "caste_category": "General",
    "address": "DUMRA TARIYANI CHAPRA BELSAND",
    "mobile_number": "8780061053",
    "email": "DEMO@bh.in",
    "blood_group": "Unkno",
    "student_image": "students/images/Screenshot_2025-04-20_112850.jpg",
    "aadhar_card": "students/documents/Demo_8PXCsMA.pdf",
    "transfer_certificate": "students/documents/Demo_0RT0X2Z.pdf",
    "due_amount": "4400.00"
  }
},
{
  "model": "students.student",
  "pk": 46,
  "fields": {
    "created_at": "2025-08-04T20:57:43.267Z",
    "updated_at": "2025-08-30T13:54:09.730Z",
    "is_active": true,
    "admission_number": "GVIS00010",
    "first_name": "ARYAN",
    "last_name": "KUMAR",
    "father_name": "SUNIL KUMAR SHARAMA",
    "mother_name": "DOLLY DEVI",
    "date_of_birth": "2019-01-23",
    "date_of_admission": "2025-07-20",
    "aadhaar_number": "1234-5678-9876",
    "pen_number": "12345678901",
    "student_class": 4,
    "student_section": 1,
    "gender": "Male",
    "religion": "Hindu",
    "caste_category": "EBC",
    "address": "MADHKAUL BELSAND",
    "mobile_number": "8404919074",
    "email": "DEMO@bh.in",
    "blood_group": "Unkno",
    "student_image": "students/images/Screenshot_2025-04-20_112850.jpg",
    "aadhar_card": "students/documents/Demo_o9bF5A0.pdf",
    "transfer_certificate": "students/documents/Demo_QPs7nw1.pdf",
    "due_amount": "4400.00"
  }
},
{
  "model": "students.student",
  "pk": 47,
  "fields": {
    "created_at": "2025-08-04T20:57:43.267Z",
    "updated_at": "2025-08-30T13:54:09.743Z",
    "is_active": true,
    "admission_number": "GVIS04004",
    "first_name": "ARTI",
    "last_name": "KUMARI",
    "father_name": "SHANKAR SAH",
    "mother_name": "CHANCHLA DEVI",
    "date_of_birth": "2012-03-17",
    "date_of_admission": "2025-07-20",
    "aadhaar_number": "6466-9408-8118",
    "pen_number": "45623879614",
    "student_class": 9,
    "student_section": 1,
    "gender": "Female",
    "religion": "Hindu",
    "caste_category": "OBC",
    "address": "VILL- MARAR, P.S- BELSAND, SITAMARHI, ( BIHAR )",
    "mobile_number": "9199327864",
    "email": "ARTI34@GMAIL.COM",
    "blood_group": "Unkno",
    "student_image": "students/images/Screenshot_2025-04-20_112850.jpg",
    "aadhar_card": "students/documents/Demo_5JuX9vF.pdf",
    "transfer_certificate": "students/documents/Demo_EYpds7g.pdf",
    "due_amount": "3200.00"
  }
},
{
  "model": "students.student",
  "pk": 48,
  "fields": {
    "created_at": "2025-08-04T20:57:43.267Z",
    "updated_at": "2025-08-30T13:54:09.756Z",
    "is_active": true,
    "admission_number": "GVIS03002",
    "first_name": "SANAYA",
    "last_name": "KUMARI",
    "father_name": "BHOLA MANDAL",
    "mother_name": "JYOTI DEVI",
    "date_of_birth": "2015-08-06",
    "date_of_admission": "2025-07-20",
    "aadhaar_number": "3488-4466-7601",
    "pen_number": "87654905472",
    "student_class": 7,
    "student_section": 1,
    "gender": "Female",
    "religion": "Hindu",
    "caste_category": "EBC",
    "address": "TARIYANI CHHAPRA , SHEOHAR PIN-843316",
    "mobile_number": "9507890568",
    "email": "SANAYA@CO.IN",
    "blood_group": "B+",
    "student_image": "students/images/Screenshot_2025-04-20_112850.jpg",
    "aadhar_card": "students/documents/Demo_zOZIM7D.pdf",
    "transfer_certificate": "students/documents/Demo_5qwMy7B.pdf",
    "due_amount": "3200.00"
  }
},
{
  "model": "students.student",
  "pk": 49,
  "fields": {
    "created_at": "2025-08-04T20:57:43.267Z",
    "updated_at": "2025-08-30T13:54:09.771Z",
    "is_active": true,
    "admission_number": "GVIS04005",
    "first_name": "NIDHI",
    "last_name": "JHA",
    "father_name": "PALAK RANJAN JHA",
    "mother_name": "RANJNA JHA",
    "date_of_birth": "2015-02-01",
    "date_of_admission": "2025-07-20",
    "aadhaar_number": "5591-4175-5786",
    "pen_number": "22434757672",
    "student_class": 9,
    "student_section": 1,
    "gender": "Female",
    "religion": "Hindu",
    "caste_category": "General",
    "address": "VILL- HANSAUR, P.O- TARIYANI, TARIYANI CHHAPRA, P.S- BELSAND, SITAMARHI, ( BIHAR )",
    "mobile_number": "7480950731",
    "email": "NIDHI42@GMAIL.COM",
    "blood_group": "Unkno",
    "student_image": "students/images/Screenshot_2025-04-20_112850.jpg",
    "aadhar_card": "students/documents/Demo_havFUwz.pdf",
    "transfer_certificate": "students/documents/Demo_sFa3a33.pdf",
    "due_amount": "3200.00"
  }
},
{
  "model": "students.student",
  "pk": 50,
  "fields": {
    "created_at": "2025-08-04T20:57:43.267Z",
    "updated_at": "2025-08-30T13:54:09.784Z",
    "is_active": true,
    "admission_number": "GVIS03003",
    "first_name": "SATYAM",
    "last_name": "KUMAR",
    "father_name": "SUJEET THAKUR",
    "mother_name": "SONI DEVI",
    "date_of_birth": "2025-07-20",
    "date_of_admission": "2025-07-20",
    "aadhaar_number": "8809-6698-5673",
    "pen_number": "99886747623",
    "student_class": 7,
    "student_section": 1,
    "gender": "Male",
    "religion": "Hindu",
    "caste_category": "General",
    "address": "TARIYANI CHHAPRA, SHEOHAR PIN-843316",
    "mobile_number": "8809480920",
    "email": "SATYAM@CO.IN",
    "blood_group": "B+",
    "student_image": "students/images/Screenshot_2025-04-20_112850.jpg",
    "aadhar_card": "students/documents/Demo_0rGOP1d.pdf",
    "transfer_certificate": "students/documents/Demo_NQb7COv.pdf",
    "due_amount": "3200.00"
  }
},
{
  "model": "students.student",
  "pk": 51,
  "fields": {
    "created_at": "2025-08-04T20:57:43.267Z",
    "updated_at": "2025-08-30T13:54:09.797Z",
    "is_active": true,
    "admission_number": "GVIS04006",
    "first_name": "NAMRTA",
    "last_name": "SINGH",
    "father_name": "ABHAY SINGH",
    "mother_name": "NIKKI DEVI",
    "date_of_birth": "2012-12-12",
    "date_of_admission": "2025-07-20",
    "aadhaar_number": "6934-0464-3147",
    "pen_number": "90865375359",
    "student_class": 9,
    "student_section": 1,
    "gender": "Female",
    "religion": "Hindu",
    "caste_category": "General",
    "address": "VILL- MATHKAUL, P.O- JAFFARPUR, P.S- BELSAND, DIST- SITAMARHI, ( BIHAR )",
    "mobile_number": "8873788176",
    "email": "NAMRTA22@GMAIL.COM",
    "blood_group": "Unkno",
    "student_image": "students/images/Screenshot_2025-04-20_112850.jpg",
    "aadhar_card": "students/documents/Demo_NfX3ykS.pdf",
    "transfer_certificate": "students/documents/Demo_EbQH3gy.pdf",
    "due_amount": "3200.00"
  }
},
{
  "model": "students.student",
  "pk": 52,
  "fields": {
    "created_at": "2025-08-04T20:57:43.267Z",
    "updated_at": "2025-08-30T13:54:09.812Z",
    "is_active": true,
    "admission_number": "GVIS03004",
    "first_name": "SATYA",
    "last_name": "PRAKASH",
    "father_name": "CHITRANJAN SAH",
    "mother_name": "RUKMANI KUMARI",
    "date_of_birth": "2015-03-24",
    "date_of_admission": "2025-07-20",
    "aadhaar_number": "8770-6581-8765",
    "pen_number": "99774667722",
    "student_class": 7,
    "student_section": 1,
    "gender": "Male",
    "religion": "Hindu",
    "caste_category": "EBC",
    "address": "MADHUKAUL, JAFARPUR, BELSAND, SITAMADHI PIN-843316",
    "mobile_number": "9031873720",
    "email": "SATYA@CO.IN",
    "blood_group": "O+",
    "student_image": "students/images/Screenshot_2025-04-20_112850.jpg",
    "aadhar_card": "students/documents/Demo_PG9LRB7.pdf",
    "transfer_certificate": "students/documents/Demo_kI0LRpE.pdf",
    "due_amount": "3200.00"
  }
},
{
  "model": "students.student",
  "pk": 53,
  "fields": {
    "created_at": "2025-08-04T20:57:43.267Z",
    "updated_at": "2025-08-30T13:54:09.824Z",
    "is_active": true,
    "admission_number": "GVIS04007",
    "first_name": "PRACHI",
    "last_name": "SINGH",
    "father_name": "BENAM PAPA",
    "mother_name": "RAVINDRA SINGH",
    "date_of_birth": "2013-09-16",
    "date_of_admission": "2025-07-20",
    "aadhaar_number": "2350-7000-2771",
    "pen_number": "12837165467",
    "student_class": 9,
    "student_section": 1,
    "gender": "Female",
    "religion": "Hindu",
    "caste_category": "General",
    "address": "VILL- MATHKAUL, P.O- JAFFARPUR, P.S- TARIYANI BELSAND, DIST- SITAMARHI, ( BIHAR )",
    "mobile_number": "9102133399",
    "email": "PRACHI420@GMAIL.COM",
    "blood_group": "Unkno",
    "student_image": "students/images/Screenshot_2025-04-20_112850.jpg",
    "aadhar_card": "students/documents/Demo_CK5PKPZ.pdf",
    "transfer_certificate": "students/documents/Demo_5L5IJVr.pdf",
    "due_amount": "3200.00"
  }
},
{
  "model": "students.student",
  "pk": 54,
  "fields": {
    "created_at": "2025-08-04T20:57:43.267Z",
    "updated_at": "2025-08-30T13:54:09.836Z",
    "is_active": true,
    "admission_number": "GVIS03005",
    "first_name": "RAJAT",
    "last_name": "KUMAR",
    "father_name": "MUKESH SINGH",
    "mother_name": "RINKU DEVI",
    "date_of_birth": "2025-07-20",
    "date_of_admission": "2025-07-20",
    "aadhaar_number": "5670-7893-6571",
    "pen_number": "45618487349",
    "student_class": 7,
    "student_section": 1,
    "gender": "Male",
    "religion": "Hindu",
    "caste_category": "General",
    "address": "MADHUKAUL, JAFARPUR, BELSAND, SITAMADHI PIN-843316",
    "mobile_number": "9771397017",
    "email": "RAJAT@CO.IN",
    "blood_group": "B-",
    "student_image": "students/images/Screenshot_2025-04-20_112850.jpg",
    "aadhar_card": "students/documents/Demo_qd8RdSU.pdf",
    "transfer_certificate": "students/documents/Demo_wDfK8ML.pdf",
    "due_amount": "3200.00"
  }
},
{
  "model": "students.student",
  "pk": 55,
  "fields": {
    "created_at": "2025-08-04T20:57:43.267Z",
    "updated_at": "2025-08-30T13:54:09.849Z",
    "is_active": true,
    "admission_number": "GVIS04008",
    "first_name": "KHUSHBU",
    "last_name": "KUMARI",
    "father_name": "BALIRAM SINGH",
    "mother_name": "JULI DEVI",
    "date_of_birth": "2025-07-20",
    "date_of_admission": "2025-07-20",
    "aadhaar_number": "8505-1924-9475",
    "pen_number": "23375641782",
    "student_class": 9,
    "student_section": 1,
    "gender": "Female",
    "religion": "Other",
    "caste_category": "Other",
    "address": "VILL- MATHKAUL, P.O- JAFFARPUR, P.S- TARIYANI BELSAND, DIST- SITAMARHI, ( BIHAR )",
    "mobile_number": "7257042856",
    "email": "KHUSHBU@GMAIL.COM",
    "blood_group": "Unkno",
    "student_image": "students/images/Screenshot_2025-04-20_112850.jpg",
    "aadhar_card": "students/documents/Demo_A74SpM6.pdf",
    "transfer_certificate": "students/documents/Demo_V5xxoBh.pdf",
    "due_amount": "3200.00"
  }
},
{
  "model": "students.student",
  "pk": 56,
  "fields": {
    "created_at": "2025-08-04T20:57:43.267Z",
    "updated_at": "2025-08-30T13:54:09.861Z",
    "is_active": true,
    "admission_number": "GVIS03006",
    "first_name": "RUHI",
    "last_name": "SINGH",
    "father_name": "NEERAJ SINGH",
    "mother_name": "SONI SINGH",
    "date_of_birth": "2014-11-13",
    "date_of_admission": "2025-07-20",
    "aadhaar_number": "8754-3451-8764",
    "pen_number": "76543892075",
    "student_class": 7,
    "student_section": 1,
    "gender": "Female",
    "religion": "Hindu",
    "caste_category": "General",
    "address": "DUMARA, BELSAND, SITAMARHI PIN-843316",
    "mobile_number": "8541923994",
    "email": "RUHI@CO.IN",
    "blood_group": "A+",
    "student_image": "students/images/Screenshot_2025-04-20_112850.jpg",
    "aadhar_card": "students/documents/Demo_l7OeMOX.pdf",
    "transfer_certificate": "students/documents/Demo_cxaFNx4.pdf",
    "due_amount": "3200.00"
  }
},
{
  "model": "students.student",
  "pk": 57,
  "fields": {
    "created_at": "2025-08-04T20:57:43.267Z",
    "updated_at": "2025-08-30T13:54:09.874Z",
    "is_active": true,
    "admission_number": "GVIS040008",
    "first_name": "MONU",
    "last_name": "KUMAR",
    "father_name": "RAMESH SAH",
    "mother_name": "MINA DEVI",
    "date_of_birth": "2013-09-29",
    "date_of_admission": "2025-07-20",
    "aadhaar_number": "6037-6410-6590",
    "pen_number": "45622879614",
    "student_class": 9,
    "student_section": 1,
    "gender": "Male",
    "religion": "Hindu",
    "caste_category": "OBC",
    "address": "VILL- MATHKAUL, P.S- BELSAND, DIST- SITAMARHI, ( BIHAR )",
    "mobile_number": "8084778020",
    "email": "MONU34@GMAIL.COM",
    "blood_group": "Unkno",
    "student_image": "students/images/Screenshot_2025-04-20_112850.jpg",
    "aadhar_card": "students/documents/Demo_h6JA2xy.pdf",
    "transfer_certificate": "students/documents/Demo_K2Sqi6i.pdf",
    "due_amount": "3200.00"
  }
},
{
  "model": "students.student",
  "pk": 58,
  "fields": {
    "created_at": "2025-08-04T20:57:43.267Z",
    "updated_at": "2025-08-30T13:54:09.886Z",
    "is_active": true,
    "admission_number": "GVIS040009",
    "first_name": "ADARSH",
    "last_name": "KUMAR",
    "father_name": "RAMESH SAH",
    "mother_name": "ARTI DEVI",
    "date_of_birth": "2015-07-09",
    "date_of_admission": "2025-07-20",
    "aadhaar_number": "6943-4273-0257",
    "pen_number": "23145517651",
    "student_class": 9,
    "student_section": 1,
    "gender": "Male",
    "religion": "Hindu",
    "caste_category": "OBC",
    "address": "VILL- PARRAHI, P.O- KONSAR, P.S-  BELSAND, DIST- SITAMARHI, ( BIHAR )",
    "mobile_number": "8652493170",
    "email": "ADARSH420@GMAIL.COM",
    "blood_group": "Unkno",
    "student_image": "students/images/Screenshot_2025-04-20_112850.jpg",
    "aadhar_card": "students/documents/Demo_rjsanZf.pdf",
    "transfer_certificate": "students/documents/Demo_TluuUNR.pdf",
    "due_amount": "3200.00"
  }
},
{
  "model": "students.student",
  "pk": 59,
  "fields": {
    "created_at": "2025-08-04T20:57:43.267Z",
    "updated_at": "2025-08-30T13:54:09.898Z",
    "is_active": true,
    "admission_number": "GVIS03007",
    "first_name": "NEHA",
    "last_name": "KUMARI",
    "father_name": "GULTEN DAS",
    "mother_name": "RENU DEVI",
    "date_of_birth": "2015-05-03",
    "date_of_admission": "2025-07-20",
    "aadhaar_number": "8876-8097-6043",
    "pen_number": "45759834002",
    "student_class": 7,
    "student_section": 1,
    "gender": "Female",
    "religion": "Hindu",
    "caste_category": "SC",
    "address": "MADHUKAUL, JAFARPUR, BELSAND, SITAMADHI PIN-843316",
    "mobile_number": "7547005334",
    "email": "NEHA@CO.IN",
    "blood_group": "AB+",
    "student_image": "students/images/Screenshot_2025-04-20_112850.jpg",
    "aadhar_card": "students/documents/Demo_lMHvLA0.pdf",
    "transfer_certificate": "students/documents/Demo_LPe1cni.pdf",
    "due_amount": "3200.00"
  }
},
{
  "model": "students.student",
  "pk": 60,
  "fields": {
    "created_at": "2025-08-04T20:57:43.267Z",
    "updated_at": "2025-08-30T13:54:09.910Z",
    "is_active": true,
    "admission_number": "GVIS03008",
    "first_name": "SHIVAM",
    "last_name": "KUMAR",
    "father_name": "RAVINDRA SAH",
    "mother_name": "RAMKALI DEVI",
    "date_of_birth": "2025-07-20",
    "date_of_admission": "2025-07-20",
    "aadhaar_number": "6609-0976-3241",
    "pen_number": "57453893267",
    "student_class": 7,
    "student_section": 1,
    "gender": "Male",
    "religion": "Hindu",
    "caste_category": "EBC",
    "address": "MARAR, JAFARPUR, BELSAND, SITAMADHI PIN-843316",
    "mobile_number": "8864092620",
    "email": "SHIVAMI@CO.IN",
    "blood_group": "B-",
    "student_image": "students/images/Screenshot_2025-04-20_112850.jpg",
    "aadhar_card": "students/documents/Demo_SAnRuPj.pdf",
    "transfer_certificate": "students/documents/Demo_EqnLekI.pdf",
    "due_amount": "3200.00"
  }
},
{
  "model": "students.student",
  "pk": 61,
  "fields": {
    "created_at": "2025-08-04T20:57:43.267Z",
    "updated_at": "2025-08-30T13:54:09.923Z",
    "is_active": true,
    "admission_number": "GVIS00011",
    "first_name": "AYUSH",
    "last_name": "KUMAR",
    "father_name": "RANJAN KUMAR",
    "mother_name": "SUJA DEVI",
    "date_of_birth": "2017-04-23",
    "date_of_admission": "2025-04-01",
    "aadhaar_number": "",
    "pen_number": "12237565467",
    "student_class": 4,
    "student_section": 1,
    "gender": "Male",
    "religion": "Hindu",
    "caste_category": "Other",
    "address": "VILL- MADHKAUL, P.O- JAFFARPUR, P.S- BELSAND, DIST- SITAMARHI.",
    "mobile_number": "9546653764",
    "email": "AYUSH34@GMAIL.COM",
    "blood_group": "Unkno",
    "student_image": "students/images/Screenshot_2025-04-20_112850.jpg",
    "aadhar_card": "students/documents/Demo_D7ihanI.pdf",
    "transfer_certificate": "students/documents/Demo_4uB5Gb3.pdf",
    "due_amount": "4400.00"
  }
},
{
  "model": "students.student",
  "pk": 62,
  "fields": {
    "created_at": "2025-08-04T20:57:43.267Z",
    "updated_at": "2025-08-30T13:54:09.936Z",
    "is_active": true,
    "admission_number": "GVIS03009",
    "first_name": "ANAND",
    "last_name": "KUMAR",
    "father_name": "ALIK SINGH",
    "mother_name": "REETAM DEVI",
    "date_of_birth": "2015-04-14",
    "date_of_admission": "2025-04-01",
    "aadhaar_number": "5566-4830-9865",
    "pen_number": "32781324769",
    "student_class": 7,
    "student_section": 1,
    "gender": "Male",
    "religion": "Hindu",
    "caste_category": "EBC",
    "address": "TARIYANT CHHAPRA, SHEOHAR PIN-843316",
    "mobile_number": "9077704991",
    "email": "ANAND@CO.IN",
    "blood_group": "O+",
    "student_image": "students/images/Screenshot_2025-04-20_112850.jpg",
    "aadhar_card": "students/documents/Demo_AZtxrPf.pdf",
    "transfer_certificate": "students/documents/Demo_Y4Bu1sS.pdf",
    "due_amount": "3200.00"
  }
},
{
  "model": "students.student",
  "pk": 63,
  "fields": {
    "created_at": "2025-08-04T20:57:43.267Z",
    "updated_at": "2025-08-30T13:54:09.949Z",
    "is_active": true,
    "admission_number": "GVIS0002",
    "first_name": "M.D ADIL",
    "last_name": "RAJA",
    "father_name": "M.D JULPHEKAR MANSURI",
    "mother_name": "RAWANA DEVI",
    "date_of_birth": "2017-04-24",
    "date_of_admission": "2025-04-01",
    "aadhaar_number": "8535-1934-9475",
    "pen_number": "23335643782",
    "student_class": 4,
    "student_section": 1,
    "gender": "Male",
    "religion": "Muslim",
    "caste_category": "Other",
    "address": "VILL- MADHKAUL, P.O- JAFFARPUR, P.S- BELSAND, DIST- SITAMARHI.",
    "mobile_number": "9682679455",
    "email": "ADIL33@GMAIL.COM",
    "blood_group": "Unkno",
    "student_image": "students/images/Screenshot_2025-04-20_112850.jpg",
    "aadhar_card": "students/documents/Demo_Lc2KatE.pdf",
    "transfer_certificate": "students/documents/Demo_kgGiFFL.pdf",
    "due_amount": "4400.00"
  }
},
{
  "model": "students.student",
  "pk": 64,
  "fields": {
    "created_at": "2025-08-04T20:57:43.267Z",
    "updated_at": "2025-08-30T13:54:09.962Z",
    "is_active": true,
    "admission_number": "GVIS03010",
    "first_name": "SWETA",
    "last_name": "KUMARI",
    "father_name": "RAJESH MAHTO",
    "mother_name": "GEETA KUMARI",
    "date_of_birth": "2016-02-22",
    "date_of_admission": "2025-04-01",
    "aadhaar_number": "7876-9850-3453",
    "pen_number": "65534378999",
    "student_class": 7,
    "student_section": 1,
    "gender": "Female",
    "religion": "Hindu",
    "caste_category": "OBC",
    "address": "MADHUKAUL, JAFARPUR, BELSAND, SITAMADHI PIN-843316",
    "mobile_number": "9540853368",
    "email": "SWETAI@CO.IN",
    "blood_group": "B+",
    "student_image": "students/images/Screenshot_2025-04-20_112850.jpg",
    "aadhar_card": "students/documents/Demo_vMPnfz2.pdf",
    "transfer_certificate": "students/documents/Demo_40ly0jA.pdf",
    "due_amount": "3200.00"
  }
},
{
  "model": "students.student",
  "pk": 65,
  "fields": {
    "created_at": "2025-08-04T20:57:43.267Z",
    "updated_at": "2025-08-30T13:54:09.977Z",
    "is_active": true,
    "admission_number": "GVIS0003",
    "first_name": "SATYAM",
    "last_name": "KUMAR",
    "father_name": "UDAY KUMAR",
    "mother_name": "RINKI DEVI",
    "date_of_birth": "2015-08-15",
    "date_of_admission": "2025-04-01",
    "aadhaar_number": "",
    "pen_number": "23315643782",
    "student_class": 4,
    "student_section": 1,
    "gender": "Male",
    "religion": "Hindu",
    "caste_category": "EBC",
    "address": "VILL- MADHKAUL, P.O- JAFFARPUR, P.S- BELSAND, DIST- SITAMARHI.",
    "mobile_number": "7031836785",
    "email": "SATYAM420@GMAIL.COM",
    "blood_group": "Unkno",
    "student_image": "students/images/Screenshot_2025-04-20_112850.jpg",
    "aadhar_card": "students/documents/Demo_iMj2Soc.pdf",
    "transfer_certificate": "students/documents/Demo_oGmAQny.pdf",
    "due_amount": "4400.00"
  }
},
{
  "model": "students.student",
  "pk": 66,
  "fields": {
    "created_at": "2025-08-04T20:57:43.267Z",
    "updated_at": "2025-08-30T13:54:09.991Z",
    "is_active": true,
    "admission_number": "GVIS0004",
    "first_name": "SANSKAR",
    "last_name": "KUMAR",
    "father_name": "RAHUL SINGH",
    "mother_name": "KRISHNA DEVI",
    "date_of_birth": "2018-10-14",
    "date_of_admission": "2025-04-01",
    "aadhaar_number": "8205-1934-9475",
    "pen_number": "22433757675",
    "student_class": 4,
    "student_section": 1,
    "gender": "Male",
    "religion": "Hindu",
    "caste_category": "General",
    "address": "VILL- MADHKAUL, P.O- JAFFARPUR, P.S- BELSAND, DIST- SITAMARHI.",
    "mobile_number": "6200669601",
    "email": "SANSKARJEE@GMAIL.COM",
    "blood_group": "Unkno",
    "student_image": "students/images/Screenshot_2025-04-20_112850.jpg",
    "aadhar_card": "students/documents/Demo_k4qIcTA.pdf",
    "transfer_certificate": "students/documents/Demo_t4P2cFl.pdf",
    "due_amount": "4400.00"
  }
},
{
  "model": "students.student",
  "pk": 67,
  "fields": {
    "created_at": "2025-08-04T20:57:43.267Z",
    "updated_at": "2025-08-30T13:54:10.003Z",
    "is_active": true,
    "admission_number": "GVIS01001",
    "first_name": "PRACHI",
    "last_name": "KUMARI",
    "father_name": "RAJESH KUMAR SINGH",
    "mother_name": "ARCHNA DEVI",
    "date_of_birth": "2017-08-26",
    "date_of_admission": "2025-04-01",
    "aadhaar_number": "8863-8823-9921",
    "pen_number": "87340923959",
    "student_class": 5,
    "student_section": 1,
    "gender": "Female",
    "religion": "Hindu",
    "caste_category": "General",
    "address": "MARAR, JAFARPUR, BELSAND, SITAMADHI PIN-843316",
    "mobile_number": "6207274078",
    "email": "PRACHI@CO.IN",
    "blood_group": "B-",
    "student_image": "students/images/Screenshot_2025-04-20_112850.jpg",
    "aadhar_card": "students/documents/Demo_KSqPVAm.pdf",
    "transfer_certificate": "students/documents/Demo_SWS66pk.pdf",
    "due_amount": "3200.00"
  }
},
{
  "model": "students.student",
  "pk": 68,
  "fields": {
    "created_at": "2025-08-04T20:57:43.267Z",
    "updated_at": "2025-08-30T13:54:10.016Z",
    "is_active": true,
    "admission_number": "GVIS0005",
    "first_name": "PRINCE",
    "last_name": "KUMAR",
    "father_name": "SHANKAR SAH",
    "mother_name": "PHOOLO DEVI",
    "date_of_birth": "2015-11-23",
    "date_of_admission": "2025-04-01",
    "aadhaar_number": "7871-4049-3328",
    "pen_number": "12832565467",
    "student_class": 4,
    "student_section": 1,
    "gender": "Male",
    "religion": "Hindu",
    "caste_category": "OBC",
    "address": "VILL- MADHKAUL, P.O- JAFFARPUR, P.S- BELSAND, DIST- SITAMARHI.",
    "mobile_number": "9065070329",
    "email": "PRINCE45@GMAIL.COM",
    "blood_group": "Unkno",
    "student_image": "students/images/Screenshot_2025-04-20_112850.jpg",
    "aadhar_card": "students/documents/Demo_c2VWTg9.pdf",
    "transfer_certificate": "students/documents/Demo_TCiVeBX.pdf",
    "due_amount": "4400.00"
  }
},
{
  "model": "students.student",
  "pk": 69,
  "fields": {
    "created_at": "2025-08-04T20:57:43.267Z",
    "updated_at": "2025-08-30T13:54:10.030Z",
    "is_active": true,
    "admission_number": "GVIS01002",
    "first_name": "SAKSHI",
    "last_name": "KUMARI",
    "father_name": "AMAR THAKUR",
    "mother_name": "AMANKA DEVI",
    "date_of_birth": "2016-08-13",
    "date_of_admission": "2025-04-01",
    "aadhaar_number": "7783-0974-3821",
    "pen_number": "88943290132",
    "student_class": 5,
    "student_section": 1,
    "gender": "Female",
    "religion": "Hindu",
    "caste_category": "General",
    "address": "MADHUKAUL, JAFARPUR, BELSAND, SITAMADHI PIN-843316",
    "mobile_number": "7543025326",
    "email": "SAKSHI@CO.IN",
    "blood_group": "O+",
    "student_image": "students/images/Screenshot_2025-04-20_112850.jpg",
    "aadhar_card": "students/documents/Demo_ztHeCjz.pdf",
    "transfer_certificate": "students/documents/Demo_a8RfEIb.pdf",
    "due_amount": "3200.00"
  }
},
{
  "model": "students.student",
  "pk": 70,
  "fields": {
    "created_at": "2025-08-04T20:57:43.267Z",
    "updated_at": "2025-08-30T13:54:10.043Z",
    "is_active": true,
    "admission_number": "GVIS0011",
    "first_name": "PRIYANSHU",
    "last_name": "KUMAR",
    "father_name": "UMESH KUMAR",
    "mother_name": "SANJU DEVI",
    "date_of_birth": "2018-02-20",
    "date_of_admission": "2025-04-01",
    "aadhaar_number": "1234-5678-9876",
    "pen_number": "12345678901",
    "student_class": 1,
    "student_section": 1,
    "gender": "Male",
    "religion": "Hindu",
    "caste_category": "OBC",
    "address": "MARAR BELSAND",
    "mobile_number": "7562034985",
    "email": "DEMO@bh.in",
    "blood_group": "Unkno",
    "student_image": "students/images/Screenshot_2025-04-20_112850.jpg",
    "aadhar_card": "students/documents/Demo_AZTmzdz.pdf",
    "transfer_certificate": "students/documents/Demo_YNvHK1P.pdf",
    "due_amount": "4400.00"
  }
},
{
  "model": "students.student",
  "pk": 71,
  "fields": {
    "created_at": "2025-08-04T20:57:43.267Z",
    "updated_at": "2025-08-30T13:54:10.058Z",
    "is_active": true,
    "admission_number": "GVIS0006",
    "first_name": "ARADHYA",
    "last_name": "KUMARI",
    "father_name": "DEEPLAL MAHTO",
    "mother_name": "AMRITA DEVI",
    "date_of_birth": "2018-04-01",
    "date_of_admission": "2015-04-01",
    "aadhaar_number": "7822-4049-3328",
    "pen_number": "92865375859",
    "student_class": 4,
    "student_section": 1,
    "gender": "Female",
    "religion": "Hindu",
    "caste_category": "OBC",
    "address": "VILL+P.O+P.S- TARIYANI CHHAPRA, DIST- SHEOHAR",
    "mobile_number": "9117795298",
    "email": "ARADHYA23@GMAIL.COM",
    "blood_group": "Unkno",
    "student_image": "students/images/Screenshot_2025-04-20_112850.jpg",
    "aadhar_card": "students/documents/Demo_2Mjw6Bp.pdf",
    "transfer_certificate": "students/documents/Demo_BsNWQYX.pdf",
    "due_amount": "4400.00"
  }
},
{
  "model": "students.student",
  "pk": 72,
  "fields": {
    "created_at": "2025-08-04T20:57:43.267Z",
    "updated_at": "2025-08-30T13:54:10.070Z",
    "is_active": true,
    "admission_number": "GVIS01003",
    "first_name": "SONAKSHI",
    "last_name": "KUMARI",
    "father_name": "RAKESH MAHTO",
    "mother_name": "KANCHAN DEVI",
    "date_of_birth": "2016-02-11",
    "date_of_admission": "2025-04-01",
    "aadhaar_number": "8730-6694-4812",
    "pen_number": "87347897897",
    "student_class": 5,
    "student_section": 1,
    "gender": "Female",
    "religion": "Hindu",
    "caste_category": "OBC",
    "address": "MARAR, JAFARPUR, BELSAND, SITAMADHI PIN-843316",
    "mobile_number": "8228960742",
    "email": "SONA@CO.IN",
    "blood_group": "B+",
    "student_image": "students/images/Screenshot_2025-04-20_112850.jpg",
    "aadhar_card": "students/documents/Demo_v8eP5NC.pdf",
    "transfer_certificate": "students/documents/Demo_0iP9MwW.pdf",
    "due_amount": "3200.00"
  }
},
{
  "model": "students.student",
  "pk": 73,
  "fields": {
    "created_at": "2025-08-04T20:57:43.267Z",
    "updated_at": "2025-08-30T13:54:10.084Z",
    "is_active": true,
    "admission_number": "GVIS0007",
    "first_name": "NANDANI",
    "last_name": "KUMARI",
    "father_name": "SUSHIL SAH",
    "mother_name": "PRIYANKA DEVI",
    "date_of_birth": "2016-03-24",
    "date_of_admission": "2025-04-01",
    "aadhaar_number": "",
    "pen_number": "45633879614",
    "student_class": 4,
    "student_section": 1,
    "gender": "Female",
    "religion": "Hindu",
    "caste_category": "OBC",
    "address": "VILL- RUPALI, P.O- SAULI, P.S- TRIYANA CHHAPRA, DIST- SITAMARHI.",
    "mobile_number": "7715836746",
    "email": "NANDU420@GMAIL.COM",
    "blood_group": "Unkno",
    "student_image": "students/images/Screenshot_2025-04-20_112850.jpg",
    "aadhar_card": "students/documents/Demo_Cu02TTe.pdf",
    "transfer_certificate": "students/documents/Demo_HKrsMVj.pdf",
    "due_amount": "4400.00"
  }
},
{
  "model": "students.student",
  "pk": 74,
  "fields": {
    "created_at": "2025-08-04T20:57:43.267Z",
    "updated_at": "2025-08-30T13:54:10.097Z",
    "is_active": true,
    "admission_number": "GVIS0012",
    "first_name": "HARISH",
    "last_name": "MURTUZA",
    "father_name": "MD MUTUZA",
    "mother_name": "SAMINA KHATUN",
    "date_of_birth": "2018-08-29",
    "date_of_admission": "2025-04-01",
    "aadhaar_number": "1234-5678-9876",
    "pen_number": "12345678901",
    "student_class": 1,
    "student_section": 1,
    "gender": "Male",
    "religion": "Muslim",
    "caste_category": "General",
    "address": "MADHAKUL BELSAND",
    "mobile_number": "8491892337",
    "email": "DEMO@bh.in",
    "blood_group": "Unkno",
    "student_image": "students/images/Screenshot_2025-04-20_112850.jpg",
    "aadhar_card": "students/documents/Demo_RDKeflQ.pdf",
    "transfer_certificate": "students/documents/Demo_3rhfZcP.pdf",
    "due_amount": "4400.00"
  }
},
{
  "model": "students.student",
  "pk": 75,
  "fields": {
    "created_at": "2025-08-04T20:57:43.267Z",
    "updated_at": "2025-08-30T13:54:10.111Z",
    "is_active": true,
    "admission_number": "GVIS0008",
    "first_name": "SAKSHI",
    "last_name": "KUMARI",
    "father_name": "BIYAN SAH",
    "mother_name": "SANGITA DEVI",
    "date_of_birth": "2015-12-04",
    "date_of_admission": "2025-01-04",
    "aadhaar_number": "8502-1934-9475",
    "pen_number": "45622879614",
    "student_class": 4,
    "student_section": 1,
    "gender": "Female",
    "religion": "Hindu",
    "caste_category": "OBC",
    "address": "VILL- MADHKAUL, P.O- JAFFARPUR, P.S- BELSAND, DIST- SITAMARHI.",
    "mobile_number": "9354037975",
    "email": "SAKSHI420@GMAIL.COM",
    "blood_group": "Unkno",
    "student_image": "students/images/Screenshot_2025-04-20_112850.jpg",
    "aadhar_card": "students/documents/Demo_DyCWUkP.pdf",
    "transfer_certificate": "students/documents/Demo_rXYmyoU.pdf",
    "due_amount": "4400.00"
  }
},
{
  "model": "students.student",
  "pk": 76,
  "fields": {
    "created_at": "2025-08-04T20:57:43.267Z",
    "updated_at": "2025-08-30T13:54:10.124Z",
    "is_active": true,
    "admission_number": "GVIS01004",
    "first_name": "KAJAL",
    "last_name": "KUMARI",
    "father_name": "SHYAM BABU SINHGH",
    "mother_name": "SAPNA SINGH",
    "date_of_birth": "2017-02-01",
    "date_of_admission": "2025-04-01",
    "aadhaar_number": "6784-9404-7563",
    "pen_number": "98340327965",
    "student_class": 5,
    "student_section": 1,
    "gender": "Female",
    "religion": "Hindu",
    "caste_category": "General",
    "address": "TARIYANI CHHAPRA SHEOHA",
    "mobile_number": "8800433595",
    "email": "KAJAL@CO.IN",
    "blood_group": "O-",
    "student_image": "students/images/Screenshot_2025-04-20_112850.jpg",
    "aadhar_card": "students/documents/Demo_oQGGwYr.pdf",
    "transfer_certificate": "students/documents/Demo_wy7ttKD.pdf",
    "due_amount": "3200.00"
  }
},
{
  "model": "students.student",
  "pk": 77,
  "fields": {
    "created_at": "2025-08-04T20:57:43.267Z",
    "updated_at": "2025-08-30T13:54:10.137Z",
    "is_active": true,
    "admission_number": "GVIS0009",
    "first_name": "M.D SAMIULLAH",
    "last_name": "NO",
    "father_name": "M.D SAMIULLAH",
    "mother_name": "HALIMA KHATOON",
    "date_of_birth": "2025-05-07",
    "date_of_admission": "2025-04-01",
    "aadhaar_number": "2772-3261-9793",
    "pen_number": "12837565467",
    "student_class": 4,
    "student_section": 1,
    "gender": "Male",
    "religion": "Muslim",
    "caste_category": "Other",
    "address": "VILL- PARRAHI, P.O- KANSAR, P.S- BELSAND, DIST- SITAMARHI.",
    "mobile_number": "8340509603",
    "email": "ZIR34@GMAIL.COM",
    "blood_group": "Unkno",
    "student_image": "students/images/Screenshot_2025-04-20_112850.jpg",
    "aadhar_card": "students/documents/Demo_bIcjY1N.pdf",
    "transfer_certificate": "students/documents/Demo_24PUwMM.pdf",
    "due_amount": "4400.00"
  }
},
{
  "model": "students.student",
  "pk": 78,
  "fields": {
    "created_at": "2025-08-04T20:57:43.267Z",
    "updated_at": "2025-08-30T13:54:10.157Z",
    "is_active": true,
    "admission_number": "GVIS01005",
    "first_name": "PRIYANSHU",
    "last_name": "KUMAR",
    "father_name": "ABHAY SINGH",
    "mother_name": "NIKKI DEVI",
    "date_of_birth": "2014-11-28",
    "date_of_admission": "2025-04-01",
    "aadhaar_number": "6088-1190-3409",
    "pen_number": "76834209813",
    "student_class": 5,
    "student_section": 1,
    "gender": "Male",
    "religion": "Hindu",
    "caste_category": "General",
    "address": "MADHUKAUL, JAFARPUR, BELSAND, SITAMADHI PIN-843316",
    "mobile_number": "7383766852",
    "email": "PRIYANSHU@CO.IN",
    "blood_group": "A-",
    "student_image": "students/images/Screenshot_2025-04-20_112850.jpg",
    "aadhar_card": "students/documents/Demo_fDeahXt.pdf",
    "transfer_certificate": "students/documents/Demo_BiToMqg.pdf",
    "due_amount": "5400.00"
  }
},
{
  "model": "students.student",
  "pk": 79,
  "fields": {
    "created_at": "2025-08-04T20:57:43.267Z",
    "updated_at": "2025-08-30T13:54:10.171Z",
    "is_active": true,
    "admission_number": "GVIS0013",
    "first_name": "ANUSHKA",
    "last_name": "SAH",
    "father_name": "RAKESH SAH",
    "mother_name": "KANCHAN DEVI",
    "date_of_birth": "2020-12-25",
    "date_of_admission": "2025-04-01",
    "aadhaar_number": "1234-5678-9876",
    "pen_number": "12345678901",
    "student_class": 1,
    "student_section": 1,
    "gender": "Female",
    "religion": "Hindu",
    "caste_category": "OBC",
    "address": "MARAR BELSAND",
    "mobile_number": "8228960742",
    "email": "DEMO@bh.in",
    "blood_group": "Unkno",
    "student_image": "students/images/Screenshot_2025-04-20_112850.jpg",
    "aadhar_card": "students/documents/Demo_N67wEnC.pdf",
    "transfer_certificate": "students/documents/Demo_jJdFfr9.pdf",
    "due_amount": "4400.00"
  }
},
{
  "model": "students.student",
  "pk": 80,
  "fields": {
    "created_at": "2025-08-04T20:57:43.267Z",
    "updated_at": "2025-08-30T13:54:10.183Z",
    "is_active": true,
    "admission_number": "GVIS0010",
    "first_name": "ANANYA",
    "last_name": "KUMARI",
    "father_name": "DINKAR JHA",
    "mother_name": "MADHU JHA",
    "date_of_birth": "2019-02-04",
    "date_of_admission": "2025-04-01",
    "aadhaar_number": "8565-1934-9475",
    "pen_number": "23374643782",
    "student_class": 4,
    "student_section": 1,
    "gender": "Female",
    "religion": "Hindu",
    "caste_category": "General",
    "address": "VILL+P.O+P.S-TARIYANI CHHAPRA , DIST- SHEOHAR.",
    "mobile_number": "7480950731",
    "email": "ANANYA03@GMAIL.COM",
    "blood_group": "Unkno",
    "student_image": "students/images/Screenshot_2025-04-20_112850.jpg",
    "aadhar_card": "students/documents/Demo_HjPiXf0.pdf",
    "transfer_certificate": "students/documents/Demo_38RDnfT.pdf",
    "due_amount": "4400.00"
  }
},
{
  "model": "students.student",
  "pk": 81,
  "fields": {
    "created_at": "2025-08-04T20:57:43.267Z",
    "updated_at": "2025-08-30T13:54:10.197Z",
    "is_active": true,
    "admission_number": "GVIS01006",
    "first_name": "UTKARSH",
    "last_name": "RAJ",
    "father_name": "KUNDAN SINGH",
    "mother_name": "POOJA SINGH",
    "date_of_birth": "2017-10-17",
    "date_of_admission": "2025-04-01",
    "aadhaar_number": "8477-6972-3680",
    "pen_number": "87946209289",
    "student_class": 5,
    "student_section": 1,
    "gender": "Male",
    "religion": "Hindu",
    "caste_category": "General",
    "address": "MADHUKAUL, JAFARPUR, BELSAND, SITAMADHI PIN-843316",
    "mobile_number": "9708006728",
    "email": "UTKARSH@CO.IN",
    "blood_group": "O+",
    "student_image": "students/images/Screenshot_2025-04-20_112850.jpg",
    "aadhar_card": "students/documents/Demo_XbtvCPc.pdf",
    "transfer_certificate": "students/documents/Demo_PiPFIWN.pdf",
    "due_amount": "3200.00"
  }
},
{
  "model": "students.student",
  "pk": 82,
  "fields": {
    "created_at": "2025-08-04T20:57:43.267Z",
    "updated_at": "2025-08-30T13:54:10.211Z",
    "is_active": true,
    "admission_number": "GVIS01007",
    "first_name": "ARYAN",
    "last_name": "KUMAR",
    "father_name": "RAMNATH THAKUR",
    "mother_name": "AMBIKA DEVI",
    "date_of_birth": "2015-11-11",
    "date_of_admission": "2025-04-01",
    "aadhaar_number": "3441-3862-4817",
    "pen_number": "98023407939",
    "student_class": 5,
    "student_section": 1,
    "gender": "Male",
    "religion": "Hindu",
    "caste_category": "EBC",
    "address": "MARAR, JAFARPUR, BELSAND, SITAMADHI PIN-843316",
    "mobile_number": "7255069905",
    "email": "ARYAN@CO.IN",
    "blood_group": "AB-",
    "student_image": "students/images/Screenshot_2025-04-20_112850.jpg",
    "aadhar_card": "students/documents/Demo_07D6gs7.pdf",
    "transfer_certificate": "students/documents/Demo_Xdbyucq.pdf",
    "due_amount": "3200.00"
  }
},
{
  "model": "students.student",
  "pk": 83,
  "fields": {
    "created_at": "2025-08-04T20:57:43.267Z",
    "updated_at": "2025-08-30T13:54:10.226Z",
    "is_active": true,
    "admission_number": "GVIS01008",
    "first_name": "SHEKHAR",
    "last_name": "SUMAN",
    "father_name": "BIGU SAH",
    "mother_name": "GITA DEVI",
    "date_of_birth": "2016-03-06",
    "date_of_admission": "2025-04-01",
    "aadhaar_number": "3312-1751-8564",
    "pen_number": "87130932789",
    "student_class": 5,
    "student_section": 1,
    "gender": "Male",
    "religion": "Hindu",
    "caste_category": "OBC",
    "address": "TARIYANI CHHAPRA SHEOHAR",
    "mobile_number": "8873873931",
    "email": "SHAKNARI@CO.IN",
    "blood_group": "A+",
    "student_image": "students/images/Screenshot_2025-04-20_112850.jpg",
    "aadhar_card": "students/documents/Demo_szqwfnO.pdf",
    "transfer_certificate": "students/documents/Demo_zr4IwL9.pdf",
    "due_amount": "3200.00"
  }
},
{
  "model": "students.student",
  "pk": 84,
  "fields": {
    "created_at": "2025-08-04T20:57:43.267Z",
    "updated_at": "2025-08-30T13:54:10.244Z",
    "is_active": true,
    "admission_number": "GVIS01009",
    "first_name": "IMANSHU",
    "last_name": "RAJ",
    "father_name": "RANJEET BAITHA",
    "mother_name": "ANCHLA DEVI",
    "date_of_birth": "2014-10-30",
    "date_of_admission": "2025-04-01",
    "aadhaar_number": "2681-9629-5298",
    "pen_number": "78813890312",
    "student_class": 5,
    "student_section": 1,
    "gender": "Male",
    "religion": "Hindu",
    "caste_category": "OBC",
    "address": "TARIYANI CHHAPRA SHEOHAR",
    "mobile_number": "7091012202",
    "email": "HIMAN@CO.IN",
    "blood_group": "A+",
    "student_image": "students/images/Screenshot_2025-04-20_112850.jpg",
    "aadhar_card": "students/documents/Demo_UNUepJG.pdf",
    "transfer_certificate": "students/documents/Demo_hUrE72o.pdf",
    "due_amount": "3200.00"
  }
},
{
  "model": "students.student",
  "pk": 85,
  "fields": {
    "created_at": "2025-08-04T20:57:43.267Z",
    "updated_at": "2025-08-30T13:54:10.259Z",
    "is_active": true,
    "admission_number": "GVIS0014",
    "first_name": "KUNG",
    "last_name": "SINGH",
    "father_name": "BHARAT SINGH",
    "mother_name": "SANJU DEVI",
    "date_of_birth": "2017-04-26",
    "date_of_admission": "2025-04-01",
    "aadhaar_number": "1234-5678-9876",
    "pen_number": "12345678901",
    "student_class": 1,
    "student_section": 1,
    "gender": "Male",
    "religion": "Hindu",
    "caste_category": "General",
    "address": "MARAR BELSAND",
    "mobile_number": "7654358978",
    "email": "DEMO@bh.in",
    "blood_group": "Unkno",
    "student_image": "students/images/Screenshot_2025-04-20_112850.jpg",
    "aadhar_card": "students/documents/Demo_apLrNwy.pdf",
    "transfer_certificate": "students/documents/Demo_l2YJske.pdf",
    "due_amount": "4400.00"
  }
},
{
  "model": "students.student",
  "pk": 86,
  "fields": {
    "created_at": "2025-08-04T20:57:43.267Z",
    "updated_at": "2025-08-30T13:54:10.271Z",
    "is_active": true,
    "admission_number": "GVIS01010",
    "first_name": "ARUHI",
    "last_name": "KUMARI",
    "father_name": "ANIL MANDAL",
    "mother_name": "CHANDA DEVI",
    "date_of_birth": "2015-01-28",
    "date_of_admission": "2025-04-01",
    "aadhaar_number": "2178-7374-2508",
    "pen_number": "87312894894",
    "student_class": 5,
    "student_section": 1,
    "gender": "Female",
    "religion": "Hindu",
    "caste_category": "OBC",
    "address": "TARIYANI CHHAPRA SHEOHAR",
    "mobile_number": "8235694602",
    "email": "ARUHI@CO.IN",
    "blood_group": "B+",
    "student_image": "students/images/Screenshot_2025-04-20_112850.jpg",
    "aadhar_card": "students/documents/Demo_YNNpHp0.pdf",
    "transfer_certificate": "students/documents/Demo_553nCxu.pdf",
    "due_amount": "3200.00"
  }
},
{
  "model": "students.student",
  "pk": 87,
  "fields": {
    "created_at": "2025-08-04T20:57:43.267Z",
    "updated_at": "2025-08-30T13:54:10.283Z",
    "is_active": true,
    "admission_number": "GVIS0015",
    "first_name": "VEER",
    "last_name": "SINGH",
    "father_name": "SATISH SINGH",
    "mother_name": "NISHA DEVI",
    "date_of_birth": "2019-11-17",
    "date_of_admission": "2025-04-01",
    "aadhaar_number": "1234-5678-9876",
    "pen_number": "",
    "student_class": 1,
    "student_section": 1,
    "gender": "Male",
    "religion": "Hindu",
    "caste_category": "General",
    "address": "TARIYANI CHAPDA",
    "mobile_number": "7352485119",
    "email": "DEMO@bh.in",
    "blood_group": "Unkno",
    "student_image": "students/images/Screenshot_2025-04-20_112850.jpg",
    "aadhar_card": "students/documents/Demo_5SOOFE4.pdf",
    "transfer_certificate": "students/documents/Demo_OSkdOkl.pdf",
    "due_amount": "4400.00"
  }
},
{
  "model": "students.student",
  "pk": 88,
  "fields": {
    "created_at": "2025-08-04T20:57:43.267Z",
    "updated_at": "2025-08-30T13:54:10.297Z",
    "is_active": true,
    "admission_number": "GVIS02001",
    "first_name": "BAJRANGI",
    "last_name": "KUMAR",
    "father_name": "CHINKU  MANDAL",
    "mother_name": "SITA DEVI",
    "date_of_birth": "2015-02-19",
    "date_of_admission": "2025-04-01",
    "aadhaar_number": "2233-8854-8672",
    "pen_number": "87324989138",
    "student_class": 6,
    "student_section": 1,
    "gender": "Male",
    "religion": "Hindu",
    "caste_category": "OBC",
    "address": "TARIYANI CHHAPRA SHEOHAR",
    "mobile_number": "7070542211",
    "email": "BAJRANGI@CO.IN",
    "blood_group": "O-",
    "student_image": "students/images/Screenshot_2025-04-20_112850.jpg",
    "aadhar_card": "students/documents/Demo_RrLBwOB.pdf",
    "transfer_certificate": "students/documents/Demo_TwNPjYC.pdf",
    "due_amount": "3200.00"
  }
},
{
  "model": "students.student",
  "pk": 89,
  "fields": {
    "created_at": "2025-08-04T20:57:43.267Z",
    "updated_at": "2025-08-30T13:54:10.311Z",
    "is_active": true,
    "admission_number": "GVIS02002",
    "first_name": "KHUSHI",
    "last_name": "KUMARI",
    "father_name": "SARVESH PANDEY",
    "mother_name": "ASMITA BHARTI",
    "date_of_birth": "2015-02-12",
    "date_of_admission": "2025-04-01",
    "aadhaar_number": "2331-7681-7654",
    "pen_number": "87234099018",
    "student_class": 6,
    "student_section": 1,
    "gender": "Female",
    "religion": "Hindu",
    "caste_category": "General",
    "address": "MARAR, JAFARPUR, BELSAND, SITAMADHI PIN-843316",
    "mobile_number": "7079905726",
    "email": "KHUSHI@CO.IN",
    "blood_group": "A+",
    "student_image": "students/images/Screenshot_2025-04-20_112850.jpg",
    "aadhar_card": "students/documents/Demo_h58bsxz.pdf",
    "transfer_certificate": "students/documents/Demo_DVvD8Mj.pdf",
    "due_amount": "3200.00"
  }
},
{
  "model": "students.student",
  "pk": 90,
  "fields": {
    "created_at": "2025-08-04T20:57:43.267Z",
    "updated_at": "2025-08-30T13:54:10.324Z",
    "is_active": true,
    "admission_number": "GVIS02003",
    "first_name": "SUNNY",
    "last_name": "KUMAR",
    "father_name": "MUNTUN MANDAL",
    "mother_name": "MIRA DEVI",
    "date_of_birth": "2016-12-08",
    "date_of_admission": "2025-01-04",
    "aadhaar_number": "6643-8721-8471",
    "pen_number": "72990298438",
    "student_class": 6,
    "student_section": 1,
    "gender": "Male",
    "religion": "Hindu",
    "caste_category": "OBC",
    "address": "TARIYANI CHHAPRA SHEOHAR",
    "mobile_number": "7829377271",
    "email": "SUNNY@CO.IN",
    "blood_group": "O-",
    "student_image": "students/images/Screenshot_2025-04-20_112850.jpg",
    "aadhar_card": "students/documents/Demo_z9t9sBy.pdf",
    "transfer_certificate": "students/documents/Demo_OXJCmhx.pdf",
    "due_amount": "3200.00"
  }
},
{
  "model": "students.student",
  "pk": 91,
  "fields": {
    "created_at": "2025-08-04T20:57:43.267Z",
    "updated_at": "2025-08-30T13:54:10.336Z",
    "is_active": true,
    "admission_number": "GVIS0016",
    "first_name": "ARYAN",
    "last_name": "KUMAR",
    "father_name": "ROHIT MANDAL",
    "mother_name": "KAJAL DEVI",
    "date_of_birth": "2019-02-03",
    "date_of_admission": "2025-01-01",
    "aadhaar_number": "1234-5678-9876",
    "pen_number": "12345678901",
    "student_class": 1,
    "student_section": 1,
    "gender": "Male",
    "religion": "Hindu",
    "caste_category": "General",
    "address": "TARIYANI CHAPRA",
    "mobile_number": "9297632954",
    "email": "DEMO@bh.in",
    "blood_group": "Unkno",
    "student_image": "students/images/Screenshot_2025-04-20_112850.jpg",
    "aadhar_card": "students/documents/Demo_MrYXVVc.pdf",
    "transfer_certificate": "students/documents/Demo_snSnGV8.pdf",
    "due_amount": "4400.00"
  }
},
{
  "model": "students.student",
  "pk": 92,
  "fields": {
    "created_at": "2025-08-04T20:57:43.267Z",
    "updated_at": "2025-08-30T13:54:10.348Z",
    "is_active": true,
    "admission_number": "GVIS0017",
    "first_name": "ISHAN",
    "last_name": "SINGH",
    "father_name": "AKASH SINGH",
    "mother_name": "MAUSHAM DEVI",
    "date_of_birth": "2019-12-27",
    "date_of_admission": "2025-04-01",
    "aadhaar_number": "1234-5678-9876",
    "pen_number": "12345678901",
    "student_class": 1,
    "student_section": 1,
    "gender": "Male",
    "religion": "Hindu",
    "caste_category": "General",
    "address": "MADHKAUL",
    "mobile_number": "9534421102",
    "email": "DEMO@bh.in",
    "blood_group": "Unkno",
    "student_image": "students/images/Screenshot_2025-04-20_112850.jpg",
    "aadhar_card": "students/documents/Demo_iUeyXBe.pdf",
    "transfer_certificate": "students/documents/Demo_2vplY18.pdf",
    "due_amount": "4400.00"
  }
},
{
  "model": "students.student",
  "pk": 93,
  "fields": {
    "created_at": "2025-08-04T20:57:43.267Z",
    "updated_at": "2025-08-30T13:54:10.364Z",
    "is_active": true,
    "admission_number": "GVIS02004",
    "first_name": "AMITESH",
    "last_name": "KUMAR",
    "father_name": "AMRMEDAR KUMAR",
    "mother_name": "AARTI DEVI",
    "date_of_birth": "2016-03-30",
    "date_of_admission": "2025-01-04",
    "aadhaar_number": "4250-3253-9751",
    "pen_number": "87290472091",
    "student_class": 6,
    "student_section": 1,
    "gender": "Male",
    "religion": "Hindu",
    "caste_category": "OBC",
    "address": "HANSHAUR , TARIYANI CHHAPRA SHEOHAR",
    "mobile_number": "9507726343",
    "email": "AMITESH@CO.IN",
    "blood_group": "O-",
    "student_image": "students/images/Screenshot_2025-04-20_112850.jpg",
    "aadhar_card": "students/documents/Demo_ZWbMn18.pdf",
    "transfer_certificate": "students/documents/Demo_SCBh0W1.pdf",
    "due_amount": "3200.00"
  }
},
{
  "model": "students.student",
  "pk": 94,
  "fields": {
    "created_at": "2025-08-04T20:57:43.267Z",
    "updated_at": "2025-08-30T13:54:10.377Z",
    "is_active": true,
    "admission_number": "GVIS0018",
    "first_name": "PRITAM KUMAR",
    "last_name": "MANDAL",
    "father_name": "PRAKASH KR MANDAL",
    "mother_name": "RAGNI DEVI",
    "date_of_birth": "2018-10-30",
    "date_of_admission": "2025-04-01",
    "aadhaar_number": "1234-5678-9876",
    "pen_number": "12345678901",
    "student_class": 1,
    "student_section": 1,
    "gender": "Male",
    "religion": "Hindu",
    "caste_category": "OBC",
    "address": "TARIYANI CHHAPRA",
    "mobile_number": "8560041897",
    "email": "DEMO@bh.in",
    "blood_group": "Unkno",
    "student_image": "students/images/Screenshot_2025-04-20_112850.jpg",
    "aadhar_card": "students/documents/Demo_sbIeJHJ.pdf",
    "transfer_certificate": "students/documents/Demo_SMa6218.pdf",
    "due_amount": "4400.00"
  }
},
{
  "model": "students.student",
  "pk": 95,
  "fields": {
    "created_at": "2025-08-04T20:57:43.267Z",
    "updated_at": "2025-08-30T13:54:10.390Z",
    "is_active": true,
    "admission_number": "GVIS02005",
    "first_name": "TRISHA",
    "last_name": "KUMARI",
    "father_name": "DHARMENDRA SINGH",
    "mother_name": "SAVITA DEVI",
    "date_of_birth": "2016-06-25",
    "date_of_admission": "2025-04-01",
    "aadhaar_number": "8753-4811-8456",
    "pen_number": "87732947832",
    "student_class": 6,
    "student_section": 1,
    "gender": "Female",
    "religion": "Hindu",
    "caste_category": "General",
    "address": "MARAR, JAFARPUR, BELSAND, SITAMADHI PIN-843316",
    "mobile_number": "9708788872",
    "email": "TRISHA@CO.IN",
    "blood_group": "O-",
    "student_image": "students/images/Screenshot_2025-04-20_112850.jpg",
    "aadhar_card": "students/documents/Demo_XsJrU0P.pdf",
    "transfer_certificate": "students/documents/Demo_MGpty5K.pdf",
    "due_amount": "3200.00"
  }
},
{
  "model": "students.student",
  "pk": 96,
  "fields": {
    "created_at": "2025-08-04T20:57:43.267Z",
    "updated_at": "2025-08-30T13:54:10.402Z",
    "is_active": true,
    "admission_number": "GVIS0019",
    "first_name": "TANIYA",
    "last_name": "KUMARI",
    "father_name": "DEEPAK SAH",
    "mother_name": "BABITA DEVI",
    "date_of_birth": "2018-05-04",
    "date_of_admission": "2025-04-01",
    "aadhaar_number": "1234-5678-9876",
    "pen_number": "12345678901",
    "student_class": 1,
    "student_section": 1,
    "gender": "Female",
    "religion": "Hindu",
    "caste_category": "OBC",
    "address": "TARIYANI CHAPRA",
    "mobile_number": "8083667139",
    "email": "DEMO@bh.in",
    "blood_group": "Unkno",
    "student_image": "students/images/Screenshot_2025-04-20_112850.jpg",
    "aadhar_card": "students/documents/Demo_JHuz61K.pdf",
    "transfer_certificate": "students/documents/Demo_rLAy6Bj.pdf",
    "due_amount": "4400.00"
  }
},
{
  "model": "students.student",
  "pk": 97,
  "fields": {
    "created_at": "2025-08-04T20:57:43.267Z",
    "updated_at": "2025-08-30T13:54:10.416Z",
    "is_active": true,
    "admission_number": "GVIS020036",
    "first_name": "ANUSHKA",
    "last_name": "KUMARI",
    "father_name": "PAPPU KUMAR SINGH",
    "mother_name": "GANITA DEVI",
    "date_of_birth": "2017-10-20",
    "date_of_admission": "2025-04-01",
    "aadhaar_number": "7439-7219-8291",
    "pen_number": "87924390301",
    "student_class": 6,
    "student_section": 1,
    "gender": "Female",
    "religion": "Hindu",
    "caste_category": "General",
    "address": "MARAR, JAFARPUR, BELSAND, SITAMADHI PIN-843316",
    "mobile_number": "9122870637",
    "email": "ANUSHKA@CO.IN",
    "blood_group": "A+",
    "student_image": "students/images/Screenshot_2025-04-20_112850.jpg",
    "aadhar_card": "students/documents/Demo_OVkjlHe.pdf",
    "transfer_certificate": "students/documents/Demo_qHUtJia.pdf",
    "due_amount": "3200.00"
  }
},
{
  "model": "students.student",
  "pk": 98,
  "fields": {
    "created_at": "2025-08-04T20:57:43.267Z",
    "updated_at": "2025-08-30T13:54:10.428Z",
    "is_active": true,
    "admission_number": "GVIS0020",
    "first_name": "ANURADHA",
    "last_name": "SINGH",
    "father_name": "RAJESH SINGH",
    "mother_name": "KHUSHBU DEVI",
    "date_of_birth": "2019-12-15",
    "date_of_admission": "2025-04-01",
    "aadhaar_number": "1234-5678-9876",
    "pen_number": "12345678901",
    "student_class": 1,
    "student_section": 1,
    "gender": "Female",
    "religion": "Hindu",
    "caste_category": "General",
    "address": "TARIYANI CHHAPRA",
    "mobile_number": "7260939308",
    "email": "DEMO@bh.in",
    "blood_group": "Unkno",
    "student_image": "students/images/Screenshot_2025-04-20_112850.jpg",
    "aadhar_card": "students/documents/Demo_Bu2ySQq.pdf",
    "transfer_certificate": "students/documents/Demo_vRNrJz7.pdf",
    "due_amount": "4400.00"
  }
},
{
  "model": "students.student",
  "pk": 99,
  "fields": {
    "created_at": "2025-08-04T20:57:43.267Z",
    "updated_at": "2025-08-30T13:54:10.442Z",
    "is_active": true,
    "admission_number": "GVIS02007",
    "first_name": "PINU",
    "last_name": "SINGH",
    "father_name": "YIDHI BHUSHAN SINGH",
    "mother_name": "PRIYANKA SINGH",
    "date_of_birth": "2016-08-17",
    "date_of_admission": "2025-04-01",
    "aadhaar_number": "0248-9912-8349",
    "pen_number": "81222349348",
    "student_class": 6,
    "student_section": 1,
    "gender": "Female",
    "religion": "Hindu",
    "caste_category": "General",
    "address": "TARIYANI CHHAPRA SHEOHAR",
    "mobile_number": "9365902328",
    "email": "PINU@CO.IN",
    "blood_group": "AB+",
    "student_image": "students/images/Screenshot_2025-04-20_112850.jpg",
    "aadhar_card": "students/documents/Demo_eABtjk6.pdf",
    "transfer_certificate": "students/documents/Demo_6Znldzg.pdf",
    "due_amount": "3200.00"
  }
},
{
  "model": "students.student",
  "pk": 100,
  "fields": {
    "created_at": "2025-08-04T20:57:43.267Z",
    "updated_at": "2025-08-30T13:54:10.460Z",
    "is_active": true,
    "admission_number": "GVIS02008",
    "first_name": "VIRAT",
    "last_name": "KUMAR",
    "father_name": "VIDHI BHUSHAN SINGH",
    "mother_name": "PRIYANKA SINGH",
    "date_of_birth": "2016-08-17",
    "date_of_admission": "2025-04-01",
    "aadhaar_number": "4019-0729-9288",
    "pen_number": "87923902398",
    "student_class": 6,
    "student_section": 1,
    "gender": "Male",
    "religion": "Hindu",
    "caste_category": "General",
    "address": "TARIYANI CHHAPRA SHEOHAR",
    "mobile_number": "9365902328",
    "email": "VIRAT@CO.IN",
    "blood_group": "A+",
    "student_image": "students/images/Screenshot_2025-04-20_112850.jpg",
    "aadhar_card": "students/documents/Demo_PZm0Plh.pdf",
    "transfer_certificate": "students/documents/Demo_hPUpYAE.pdf",
    "due_amount": "3200.00"
  }
},
{
  "model": "students.student",
  "pk": 101,
  "fields": {
    "created_at": "2025-08-04T20:57:43.267Z",
    "updated_at": "2025-08-30T13:54:10.474Z",
    "is_active": true,
    "admission_number": "GVIS02009",
    "first_name": "SURYANSH",
    "last_name": "KUMAR",
    "father_name": "RANUJ KUMAR SINGH",
    "mother_name": "KRISHNA DEVI",
    "date_of_birth": "2016-02-02",
    "date_of_admission": "2025-04-01",
    "aadhaar_number": "7823-8232-8239",
    "pen_number": "87312031298",
    "student_class": 6,
    "student_section": 1,
    "gender": "Male",
    "religion": "Hindu",
    "caste_category": "General",
    "address": "MADHUKAUL, JAFARPUR, BELSAND, SITAMADHI PIN-843316",
    "mobile_number": "6200669601",
    "email": "SURYANSH@CO.IN",
    "blood_group": "A+",
    "student_image": "students/images/Screenshot_2025-04-20_112850.jpg",
    "aadhar_card": "students/documents/Demo_lImLEc3.pdf",
    "transfer_certificate": "students/documents/Demo_2GD7N03.pdf",
    "due_amount": "3200.00"
  }
},
{
  "model": "students.student",
  "pk": 102,
  "fields": {
    "created_at": "2025-08-04T20:57:43.267Z",
    "updated_at": "2025-08-30T13:54:10.487Z",
    "is_active": true,
    "admission_number": "GVIS02010",
    "first_name": "MD.ABDULLAH",
    "last_name": "ALAM",
    "father_name": "MD. SAMIULLAM",
    "mother_name": "HALIMA KHATOON",
    "date_of_birth": "2013-04-01",
    "date_of_admission": "2025-04-01",
    "aadhaar_number": "5272-8230-8291",
    "pen_number": "82903421900",
    "student_class": 6,
    "student_section": 1,
    "gender": "Male",
    "religion": "Muslim",
    "caste_category": "OBC",
    "address": "PARRAHI, KANSAR, BELSAND,SITAMERHI PIN-843316",
    "mobile_number": "8340509603",
    "email": "ABDULLAM@CO.IN",
    "blood_group": "A+",
    "student_image": "students/images/Screenshot_2025-04-20_112850.jpg",
    "aadhar_card": "students/documents/Demo_z19CIZj.pdf",
    "transfer_certificate": "students/documents/Demo_IdFCtRj.pdf",
    "due_amount": "3200.00"
  }
},
{
  "model": "students.student",
  "pk": 103,
  "fields": {
    "created_at": "2025-08-04T20:57:43.267Z",
    "updated_at": "2025-08-30T15:57:03.902Z",
    "is_active": true,
    "admission_number": "GVIS00311",
    "first_name": "ABHINASH",
    "last_name": "KUMAR",
    "father_name": "ASHOK RAY",
    "mother_name": "REKHA DEVI",
    "date_of_birth": "2019-12-20",
    "date_of_admission": "2025-04-01",
    "aadhaar_number": "1234-5678-9876",
    "pen_number": "12345678901",
    "student_class": 15,
    "student_section": 1,
    "gender": "Male",
    "religion": "Hindu",
    "caste_category": "OBC",
    "address": "KANSAR BELSAND",
    "mobile_number": "7546091389",
    "email": "DEMO@bh.in",
    "blood_group": "Unkno",
    "student_image": "students/images/Screenshot_2025-04-20_112850.jpg",
    "aadhar_card": "students/documents/Demo_IjaoVq6.pdf",
    "transfer_certificate": "students/documents/Demo_udTG5cO.pdf",
    "due_amount": "4579.00"
  }
},
{
  "model": "students.student",
  "pk": 108,
  "fields": {
    "created_at": "2025-08-04T20:57:43.267Z",
    "updated_at": "2025-08-31T02:25:17.881Z",
    "is_active": false,
    "admission_number": "demo",
    "first_name": "lovely",
    "last_name": "kumari",
    "father_name": "Father's Name",
    "mother_name": "Mother's Name",
    "date_of_birth": "2025-07-22",
    "date_of_admission": "2025-07-22",
    "aadhaar_number": "1234-5678-9012",
    "pen_number": "12345678901",
    "student_class": 6,
    "student_section": 1,
    "gender": "Other",
    "religion": "Hindu",
    "caste_category": "General",
    "address": "ward 11\r\nkailashpuri\r\ndumra",
    "mobile_number": "9955590919",
    "email": "TEST@bh.in",
    "blood_group": "UNKN",
    "student_image": "students/images/Yurj_q61FB0e.png",
    "aadhar_card": "students/documents/Yurj_F91tGPD.png",
    "transfer_certificate": "students/documents/Yurj_PVRfbFV.png",
    "due_amount": "5400.00"
  }
},
{
  "model": "students.student",
  "pk": 110,
  "fields": {
    "created_at": "2025-08-18T08:32:49.525Z",
    "updated_at": "2025-08-18T08:32:49.525Z",
    "is_active": true,
    "admission_number": "TEST001",
    "first_name": "Test",
    "last_name": "Student",
    "father_name": "Test Father",
    "mother_name": "Test Mother",
    "date_of_birth": "2010-01-01",
    "date_of_admission": "2024-01-01",
    "aadhaar_number": null,
    "pen_number": null,
    "student_class": 19,
    "student_section": 1,
    "gender": "Male",
    "religion": "Hindu",
    "caste_category": "General",
    "address": "Test Address",
    "mobile_number": "9876543210",
    "email": "test@student.com",
    "blood_group": "A+",
    "student_image": "",
    "aadhar_card": "",
    "transfer_certificate": "",
    "due_amount": "0.00"
  }
},
{
  "model": "transport.route",
  "pk": 3,
  "fields": {
    "name": "Route 1"
  }
},
{
  "model": "transport.route",
  "pk": 6,
  "fields": {
    "name": "Route 3"
  }
},
{
  "model": "transport.route",
  "pk": 7,
  "fields": {
    "name": "Route 4"
  }
},
{
  "model": "transport.route",
  "pk": 10,
  "fields": {
    "name": "Route 5"
  }
},
{
  "model": "transport.route",
  "pk": 11,
  "fields": {
    "name": "Route 6"
  }
},
{
  "model": "transport.stoppage",
  "pk": 4,
  "fields": {
    "route": 3,
    "name": "Madhkaul"
  }
},
{
  "model": "transport.stoppage",
  "pk": 5,
  "fields": {
    "route": 3,
    "name": "Jaffarpur"
  }
},
{
  "model": "transport.stoppage",
  "pk": 10,
  "fields": {
    "route": 3,
    "name": "Rupauli"
  }
},
{
  "model": "transport.stoppage",
  "pk": 12,
  "fields": {
    "route": 6,
    "name": "Belsand"
  }
},
{
  "model": "transport.stoppage",
  "pk": 13,
  "fields": {
    "route": 6,
    "name": "Patahi"
  }
},
{
  "model": "transport.stoppage",
  "pk": 14,
  "fields": {
    "route": 7,
    "name": "Tariyani Chhapra"
  }
},
{
  "model": "transport.stoppage",
  "pk": 15,
  "fields": {
    "route": 7,
    "name": "Hansaur"
  }
},
{
  "model": "transport.stoppage",
  "pk": 16,
  "fields": {
    "route": 7,
    "name": "Dumra"
  }
},
{
  "model": "transport.stoppage",
  "pk": 17,
  "fields": {
    "route": 7,
    "name": "Kundal"
  }
},
{
  "model": "transport.stoppage",
  "pk": 19,
  "fields": {
    "route": 10,
    "name": "Simra"
  }
},
{
  "model": "transport.stoppage",
  "pk": 20,
  "fields": {
    "route": 3,
    "name": "Partapur"
  }
},
{
  "model": "transport.transportassignment",
  "pk": 11,
  "fields": {
    "student": 4,
    "route": 3,
    "stoppage": 5,
    "assigned_date": "2025-07-21"
  }
},
{
  "model": "transport.transportassignment",
  "pk": 12,
  "fields": {
    "student": 108,
    "route": 10,
    "stoppage": 19,
    "assigned_date": "2025-07-22"
  }
},
{
  "model": "transport.transportassignment",
  "pk": 13,
  "fields": {
    "student": 11,
    "route": 10,
    "stoppage": 19,
    "assigned_date": "2025-08-15"
  }
},
{
  "model": "transport.transportassignment",
  "pk": 14,
  "fields": {
    "student": 103,
    "route": 7,
    "stoppage": 17,
    "assigned_date": "2025-08-15"
  }
},
{
  "model": "transport.transportassignment",
  "pk": 15,
  "fields": {
    "student": 78,
    "route": 10,
    "stoppage": 19,
    "assigned_date": "2025-08-15"
  }
},
{
  "model": "student_fees.feedeposit",
  "pk": 157,
  "fields": {
    "student": 103,
    "fees_group": null,
    "fees_type": 51,
    "amount": "1000.00",
    "discount": "0.00",
    "paid_amount": "1000.00",
    "receipt_no": "REC-0001",
    "deposit_date": "2025-08-30T15:57:03.912Z",
    "payment_mode": "Cash",
    "transaction_no": "",
    "payment_source": "",
    "note": null
  }
},
{
  "model": "student_fees.feedeposit",
  "pk": 158,
  "fields": {
    "student": 103,
    "fees_group": null,
    "fees_type": null,
    "amount": "21.00",
    "discount": "0.00",
    "paid_amount": "21.00",
    "receipt_no": "REC-0001",
    "deposit_date": "2025-08-30T15:57:03.912Z",
    "payment_mode": "Cash",
    "transaction_no": "",
    "payment_source": "",
    "note": "Fine Payment: Late Fees Fine - September"
  }
},
{
  "model": "student_fees.feedeposit",
  "pk": 159,
  "fields": {
    "student": 103,
    "fees_group": null,
    "fees_type": 77,
    "amount": "200.00",
    "discount": "0.00",
    "paid_amount": "200.00",
    "receipt_no": "REC-0001",
    "deposit_date": "2025-08-30T15:57:03.913Z",
    "payment_mode": "Cash",
    "transaction_no": "",
    "payment_source": "",
    "note": null
  }
},
{
  "model": "student_fees.feedeposit",
  "pk": 160,
  "fields": {
    "student": 103,
    "fees_group": null,
    "fees_type": 71,
    "amount": "700.00",
    "discount": "0.00",
    "paid_amount": "700.00",
    "receipt_no": "REC-0001",
    "deposit_date": "2025-08-30T15:57:03.913Z",
    "payment_mode": "Cash",
    "transaction_no": "",
    "payment_source": "",
    "note": null
  }
},
{
  "model": "student_fees.feedeposit",
  "pk": 161,
  "fields": {
    "student": 103,
    "fees_group": null,
    "fees_type": 50,
    "amount": "1000.00",
    "discount": "0.00",
    "paid_amount": "1000.00",
    "receipt_no": "REC-0001",
    "deposit_date": "2025-08-30T15:57:03.913Z",
    "payment_mode": "Cash",
    "transaction_no": "",
    "payment_source": "",
    "note": null
  }
},
{
  "model": "student_fees.feedeposit",
  "pk": 162,
  "fields": {
    "student": 103,
    "fees_group": null,
    "fees_type": 70,
    "amount": "700.00",
    "discount": "0.00",
    "paid_amount": "700.00",
    "receipt_no": "REC-0001",
    "deposit_date": "2025-08-30T15:57:03.913Z",
    "payment_mode": "Cash",
    "transaction_no": "",
    "payment_source": "",
    "note": null
  }
},
{
  "model": "student_fees.feedeposit",
  "pk": 163,
  "fields": {
    "student": 108,
    "fees_group": null,
    "fees_type": 34,
    "amount": "700.00",
    "discount": "0.00",
    "paid_amount": "700.00",
    "receipt_no": "REC-0002",
    "deposit_date": "2025-08-31T06:51:24.684Z",
    "payment_mode": "Online",
    "transaction_no": "14729789963",
    "payment_source": "SBI",
    "note": null
  }
},
{
  "model": "student_fees.feedeposit",
  "pk": 164,
  "fields": {
    "student": 108,
    "fees_group": null,
    "fees_type": 29,
    "amount": "1000.00",
    "discount": "0.00",
    "paid_amount": "1000.00",
    "receipt_no": "REC-0002",
    "deposit_date": "2025-08-31T06:51:24.684Z",
    "payment_mode": "Online",
    "transaction_no": "14729789963",
    "payment_source": "SBI",
    "note": null
  }
},
{
  "model": "fees.feesgroup",
  "pk": 2,
  "fields": {
    "created_at": "2025-08-04T20:57:43.267Z",
    "updated_at": "2025-08-15T07:26:28.494Z",
    "is_active": true,
    "fee_group": "Monthly",
    "group_type": "Tuition Fee",
    "fee_type": "Class Based",
    "related_class": null,
    "related_stoppage": null
  }
},
{
  "model": "fees.feesgroup",
  "pk": 4,
  "fields": {
    "created_at": "2025-08-04T20:57:43.267Z",
    "updated_at": "2025-08-04T20:57:43.267Z",
    "is_active": true,
    "fee_group": "Monthly",
    "group_type": "Transport",
    "fee_type": "Stoppage Based",
    "related_class": null,
    "related_stoppage": null
  }
},
{
  "model": "fees.feesgroup",
  "pk": 19,
  "fields": {
    "created_at": "2025-08-04T20:57:43.267Z",
    "updated_at": "2025-08-04T20:57:43.267Z",
    "is_active": true,
    "fee_group": "Quarterly",
    "group_type": "Exam Fees",
    "fee_type": "General",
    "related_class": null,
    "related_stoppage": null
  }
},
{
  "model": "fees.feesgroup",
  "pk": 20,
  "fields": {
    "created_at": "2025-08-04T20:57:43.267Z",
    "updated_at": "2025-08-04T20:57:43.267Z",
    "is_active": true,
    "fee_group": "One Time",
    "group_type": "Admission Fees",
    "fee_type": "General",
    "related_class": null,
    "related_stoppage": null
  }
},
{
  "model": "fees.feesgroup",
  "pk": 23,
  "fields": {
    "created_at": "2025-08-16T13:03:39.897Z",
    "updated_at": "2025-08-17T04:24:51.912Z",
    "is_active": true,
    "fee_group": "One Time",
    "group_type": "Exam Fees",
    "fee_type": "Class Based",
    "related_class": null,
    "related_stoppage": null
  }
},
{
  "model": "fees.feesgroup",
  "pk": 24,
  "fields": {
    "created_at": "2025-08-18T18:02:34.484Z",
    "updated_at": "2025-08-18T18:02:34.484Z",
    "is_active": true,
    "fee_group": "Monthly",
    "group_type": "Tuition Fee",
    "fee_type": "Stoppage Based",
    "related_class": null,
    "related_stoppage": null
  }
},
{
  "model": "fees.feesgroup",
  "pk": 25,
  "fields": {
    "created_at": "2025-08-30T12:44:08.964Z",
    "updated_at": "2025-08-30T12:44:08.964Z",
    "is_active": true,
    "fee_group": "Test Group",
    "group_type": "Tuition Fee",
    "fee_type": "Monthly",
    "related_class": null,
    "related_stoppage": null
  }
},
{
  "model": "fees.feesgroup",
  "pk": 26,
  "fields": {
    "created_at": "2025-08-30T13:46:52.505Z",
    "updated_at": "2025-08-30T13:46:52.505Z",
    "is_active": true,
    "fee_group": "Test Group",
    "group_type": "Tuition Fee",
    "fee_type": "Monthly",
    "related_class": null,
    "related_stoppage": null
  }
},
{
  "model": "fees.feestype",
  "pk": 4,
  "fields": {
    "created_at": "2025-08-30T13:53:14.942Z",
    "updated_at": "2025-08-30T13:53:14.942Z",
    "is_active": true,
    "fee_group": 2,
    "group_type": "Tuition Fee",
    "fee_type": "Nursary",
    "amount_type": "April25",
    "amount": "600.00",
    "class_name": "Nursary",
    "related_stoppage": null
  }
},
{
  "model": "fees.feestype",
  "pk": 8,
  "fields": {
    "created_at": "2025-08-30T13:53:14.984Z",
    "updated_at": "2025-08-30T13:53:14.984Z",
    "is_active": true,
    "fee_group": 2,
    "group_type": "Tuition Fee",
    "fee_type": "UKG",
    "amount_type": "April25",
    "amount": "600.00",
    "class_name": "UKG",
    "related_stoppage": null
  }
},
{
  "model": "fees.feestype",
  "pk": 25,
  "fields": {
    "created_at": "2025-08-30T13:53:14.987Z",
    "updated_at": "2025-08-30T13:53:14.987Z",
    "is_active": true,
    "fee_group": 2,
    "group_type": "Tuition Fee",
    "fee_type": "Class 3",
    "amount_type": "April25",
    "amount": "700.00",
    "class_name": "Class_3",
    "related_stoppage": null
  }
},
{
  "model": "fees.feestype",
  "pk": 26,
  "fields": {
    "created_at": "2025-08-30T13:53:14.991Z",
    "updated_at": "2025-08-30T13:53:14.991Z",
    "is_active": true,
    "fee_group": 2,
    "group_type": "Tuition Fee",
    "fee_type": "Class_2",
    "amount_type": "April25",
    "amount": "700.00",
    "class_name": "Class_2",
    "related_stoppage": null
  }
},
{
  "model": "fees.feestype",
  "pk": 27,
  "fields": {
    "created_at": "2025-08-30T13:53:14.993Z",
    "updated_at": "2025-08-30T13:53:14.993Z",
    "is_active": true,
    "fee_group": 20,
    "group_type": "Admission Fees",
    "fee_type": "Admission Fees",
    "amount_type": "Admission Fees",
    "amount": "1000.00",
    "class_name": null,
    "related_stoppage": null
  }
},
{
  "model": "fees.feestype",
  "pk": 28,
  "fields": {
    "created_at": "2025-08-30T13:53:14.996Z",
    "updated_at": "2025-08-30T13:53:14.996Z",
    "is_active": true,
    "fee_group": 20,
    "group_type": "Admission Fees",
    "fee_type": "Registration fee",
    "amount_type": "Registration fee",
    "amount": "1000.00",
    "class_name": null,
    "related_stoppage": null
  }
},
{
  "model": "fees.feestype",
  "pk": 29,
  "fields": {
    "created_at": "2025-08-30T13:53:14.998Z",
    "updated_at": "2025-08-30T13:53:14.998Z",
    "is_active": true,
    "fee_group": 20,
    "group_type": "Admission Fees",
    "fee_type": "Development ",
    "amount_type": "Development ",
    "amount": "1000.00",
    "class_name": null,
    "related_stoppage": null
  }
},
{
  "model": "fees.feestype",
  "pk": 30,
  "fields": {
    "created_at": "2025-08-30T13:53:15.000Z",
    "updated_at": "2025-08-30T13:53:15.000Z",
    "is_active": true,
    "fee_group": 4,
    "group_type": "Transport",
    "fee_type": "Transport - Madhkaul",
    "amount_type": "April25",
    "amount": "500.00",
    "class_name": null,
    "related_stoppage": 4
  }
},
{
  "model": "fees.feestype",
  "pk": 31,
  "fields": {
    "created_at": "2025-08-30T13:53:15.004Z",
    "updated_at": "2025-08-30T13:53:15.004Z",
    "is_active": true,
    "fee_group": 4,
    "group_type": "Transport",
    "fee_type": "Transport - Jafarpur",
    "amount_type": "April25",
    "amount": "600.00",
    "class_name": null,
    "related_stoppage": 5
  }
},
{
  "model": "fees.feestype",
  "pk": 32,
  "fields": {
    "created_at": "2025-08-30T13:53:15.007Z",
    "updated_at": "2025-08-30T13:53:15.007Z",
    "is_active": true,
    "fee_group": 2,
    "group_type": "Tuition Fee",
    "fee_type": "Play",
    "amount_type": "April25",
    "amount": "600.00",
    "class_name": "Play",
    "related_stoppage": null
  }
},
{
  "model": "fees.feestype",
  "pk": 33,
  "fields": {
    "created_at": "2025-08-30T13:53:15.009Z",
    "updated_at": "2025-08-30T13:53:15.009Z",
    "is_active": true,
    "fee_group": 2,
    "group_type": "Tuition Fee",
    "fee_type": "Play",
    "amount_type": "May25",
    "amount": "600.00",
    "class_name": "Play",
    "related_stoppage": null
  }
},
{
  "model": "fees.feestype",
  "pk": 34,
  "fields": {
    "created_at": "2025-08-30T13:53:15.012Z",
    "updated_at": "2025-08-30T13:53:15.012Z",
    "is_active": true,
    "fee_group": 2,
    "group_type": "Tuition Fee",
    "fee_type": "Class_2",
    "amount_type": "May25",
    "amount": "700.00",
    "class_name": "Class_2",
    "related_stoppage": null
  }
},
{
  "model": "fees.feestype",
  "pk": 35,
  "fields": {
    "created_at": "2025-08-30T13:53:15.014Z",
    "updated_at": "2025-08-30T13:53:15.014Z",
    "is_active": true,
    "fee_group": 2,
    "group_type": "Tuition Fee",
    "fee_type": "Class_3",
    "amount_type": "May25",
    "amount": "700.00",
    "class_name": "Class_3",
    "related_stoppage": null
  }
},
{
  "model": "fees.feestype",
  "pk": 36,
  "fields": {
    "created_at": "2025-08-30T13:53:15.016Z",
    "updated_at": "2025-08-30T13:53:15.016Z",
    "is_active": true,
    "fee_group": 2,
    "group_type": "Tuition Fee",
    "fee_type": "Class_1",
    "amount_type": "April25",
    "amount": "700.00",
    "class_name": "Class_1",
    "related_stoppage": null
  }
},
{
  "model": "fees.feestype",
  "pk": 37,
  "fields": {
    "created_at": "2025-08-30T13:53:15.021Z",
    "updated_at": "2025-08-30T13:53:15.022Z",
    "is_active": true,
    "fee_group": 2,
    "group_type": "Tuition Fee",
    "fee_type": "Class_1",
    "amount_type": "May25",
    "amount": "700.00",
    "class_name": "Class_1",
    "related_stoppage": null
  }
},
{
  "model": "fees.feestype",
  "pk": 39,
  "fields": {
    "created_at": "2025-08-30T13:53:15.024Z",
    "updated_at": "2025-08-30T13:53:15.024Z",
    "is_active": true,
    "fee_group": 2,
    "group_type": "Tuition Fee",
    "fee_type": "Class_4",
    "amount_type": "May25",
    "amount": "700.00",
    "class_name": "Class_4",
    "related_stoppage": null
  }
},
{
  "model": "fees.feestype",
  "pk": 40,
  "fields": {
    "created_at": "2025-08-30T13:53:15.027Z",
    "updated_at": "2025-08-30T13:53:15.027Z",
    "is_active": true,
    "fee_group": 2,
    "group_type": "Tuition Fee",
    "fee_type": "Class_5",
    "amount_type": "April25",
    "amount": "800.00",
    "class_name": "Class_5",
    "related_stoppage": null
  }
},
{
  "model": "fees.feestype",
  "pk": 41,
  "fields": {
    "created_at": "2025-08-30T13:53:15.029Z",
    "updated_at": "2025-08-30T13:53:15.029Z",
    "is_active": true,
    "fee_group": 2,
    "group_type": "Tuition Fee",
    "fee_type": "Class_5",
    "amount_type": "May25",
    "amount": "800.00",
    "class_name": "Class_5",
    "related_stoppage": null
  }
},
{
  "model": "fees.feestype",
  "pk": 42,
  "fields": {
    "created_at": "2025-08-30T13:53:15.031Z",
    "updated_at": "2025-08-30T13:53:15.031Z",
    "is_active": true,
    "fee_group": 2,
    "group_type": "Tuition Fee",
    "fee_type": "Class_6",
    "amount_type": "April25",
    "amount": "800.00",
    "class_name": "Class_6",
    "related_stoppage": null
  }
},
{
  "model": "fees.feestype",
  "pk": 43,
  "fields": {
    "created_at": "2025-08-30T13:53:15.034Z",
    "updated_at": "2025-08-30T13:53:15.034Z",
    "is_active": true,
    "fee_group": 2,
    "group_type": "Tuition Fee",
    "fee_type": "Class_6",
    "amount_type": "May25",
    "amount": "800.00",
    "class_name": "Class_6",
    "related_stoppage": null
  }
},
{
  "model": "fees.feestype",
  "pk": 44,
  "fields": {
    "created_at": "2025-08-30T13:53:15.037Z",
    "updated_at": "2025-08-30T13:53:15.037Z",
    "is_active": true,
    "fee_group": 2,
    "group_type": "Tuition Fee",
    "fee_type": "Class_7",
    "amount_type": "April25",
    "amount": "800.00",
    "class_name": "Class_7",
    "related_stoppage": null
  }
},
{
  "model": "fees.feestype",
  "pk": 45,
  "fields": {
    "created_at": "2025-08-30T13:53:15.040Z",
    "updated_at": "2025-08-30T13:53:15.040Z",
    "is_active": true,
    "fee_group": 2,
    "group_type": "Tuition Fee",
    "fee_type": "Class_7",
    "amount_type": "May25",
    "amount": "800.00",
    "class_name": "Class_7",
    "related_stoppage": null
  }
},
{
  "model": "fees.feestype",
  "pk": 46,
  "fields": {
    "created_at": "2025-08-30T13:53:15.043Z",
    "updated_at": "2025-08-30T13:53:15.043Z",
    "is_active": true,
    "fee_group": 2,
    "group_type": "Tuition Fee",
    "fee_type": "Class_8",
    "amount_type": "April25",
    "amount": "800.00",
    "class_name": "Class_8",
    "related_stoppage": null
  }
},
{
  "model": "fees.feestype",
  "pk": 47,
  "fields": {
    "created_at": "2025-08-30T13:53:15.045Z",
    "updated_at": "2025-08-30T13:53:15.045Z",
    "is_active": true,
    "fee_group": 2,
    "group_type": "Tuition Fee",
    "fee_type": "Class_8",
    "amount_type": "May25",
    "amount": "800.00",
    "class_name": "Class_8",
    "related_stoppage": null
  }
},
{
  "model": "fees.feestype",
  "pk": 48,
  "fields": {
    "created_at": "2025-08-30T13:53:15.047Z",
    "updated_at": "2025-08-30T13:53:15.047Z",
    "is_active": true,
    "fee_group": 2,
    "group_type": "Tuition Fee",
    "fee_type": "Class_9",
    "amount_type": "April25",
    "amount": "1000.00",
    "class_name": "Class_9",
    "related_stoppage": null
  }
},
{
  "model": "fees.feestype",
  "pk": 49,
  "fields": {
    "created_at": "2025-08-30T13:53:15.050Z",
    "updated_at": "2025-08-30T13:53:15.050Z",
    "is_active": true,
    "fee_group": 2,
    "group_type": "Tuition Fee",
    "fee_type": "Class_9",
    "amount_type": "May25",
    "amount": "1000.00",
    "class_name": "Class_9",
    "related_stoppage": null
  }
},
{
  "model": "fees.feestype",
  "pk": 50,
  "fields": {
    "created_at": "2025-08-30T13:53:15.052Z",
    "updated_at": "2025-08-30T13:53:15.052Z",
    "is_active": true,
    "fee_group": 2,
    "group_type": "Tuition Fee",
    "fee_type": "Class_10",
    "amount_type": "April25",
    "amount": "1000.00",
    "class_name": "Class_10",
    "related_stoppage": null
  }
},
{
  "model": "fees.feestype",
  "pk": 51,
  "fields": {
    "created_at": "2025-08-30T13:53:15.055Z",
    "updated_at": "2025-08-30T13:53:15.055Z",
    "is_active": true,
    "fee_group": 2,
    "group_type": "Tuition Fee",
    "fee_type": "Class_10",
    "amount_type": "May25",
    "amount": "1000.00",
    "class_name": "Class_10",
    "related_stoppage": null
  }
},
{
  "model": "fees.feestype",
  "pk": 52,
  "fields": {
    "created_at": "2025-08-30T13:53:15.057Z",
    "updated_at": "2025-08-30T13:53:15.057Z",
    "is_active": true,
    "fee_group": 4,
    "group_type": "Transport",
    "fee_type": "Transport - Madhkaul",
    "amount_type": "May25",
    "amount": "500.00",
    "class_name": null,
    "related_stoppage": 4
  }
},
{
  "model": "fees.feestype",
  "pk": 53,
  "fields": {
    "created_at": "2025-08-30T13:53:15.060Z",
    "updated_at": "2025-08-30T13:53:15.060Z",
    "is_active": true,
    "fee_group": 4,
    "group_type": "Transport",
    "fee_type": "Transport - Jafarpur",
    "amount_type": "May25",
    "amount": "600.00",
    "class_name": null,
    "related_stoppage": 5
  }
},
{
  "model": "fees.feestype",
  "pk": 54,
  "fields": {
    "created_at": "2025-08-30T13:53:15.062Z",
    "updated_at": "2025-08-30T13:53:15.062Z",
    "is_active": true,
    "fee_group": 4,
    "group_type": "Transport",
    "fee_type": "Transport - Chandauli",
    "amount_type": "April25",
    "amount": "600.00",
    "class_name": null,
    "related_stoppage": null
  }
},
{
  "model": "fees.feestype",
  "pk": 55,
  "fields": {
    "created_at": "2025-08-30T13:53:15.065Z",
    "updated_at": "2025-08-30T13:53:15.065Z",
    "is_active": true,
    "fee_group": 4,
    "group_type": "Transport",
    "fee_type": "Transport - Chandauli",
    "amount_type": "May25",
    "amount": "600.00",
    "class_name": null,
    "related_stoppage": null
  }
},
{
  "model": "fees.feestype",
  "pk": 56,
  "fields": {
    "created_at": "2025-08-30T13:53:15.067Z",
    "updated_at": "2025-08-30T13:53:15.067Z",
    "is_active": true,
    "fee_group": 4,
    "group_type": "Transport",
    "fee_type": "Transport - Parrahi",
    "amount_type": "April25",
    "amount": "600.00",
    "class_name": null,
    "related_stoppage": null
  }
},
{
  "model": "fees.feestype",
  "pk": 57,
  "fields": {
    "created_at": "2025-08-30T13:53:15.070Z",
    "updated_at": "2025-08-30T13:53:15.070Z",
    "is_active": true,
    "fee_group": 4,
    "group_type": "Transport",
    "fee_type": "Transport - Parrahi",
    "amount_type": "May25",
    "amount": "600.00",
    "class_name": null,
    "related_stoppage": null
  }
},
{
  "model": "fees.feestype",
  "pk": 58,
  "fields": {
    "created_at": "2025-08-30T13:53:15.072Z",
    "updated_at": "2025-08-30T13:53:15.072Z",
    "is_active": true,
    "fee_group": 4,
    "group_type": "Transport",
    "fee_type": "Transport - Rupauli",
    "amount_type": "April25",
    "amount": "700.00",
    "class_name": null,
    "related_stoppage": 10
  }
},
{
  "model": "fees.feestype",
  "pk": 59,
  "fields": {
    "created_at": "2025-08-30T13:53:15.075Z",
    "updated_at": "2025-08-30T13:53:15.075Z",
    "is_active": true,
    "fee_group": 4,
    "group_type": "Transport",
    "fee_type": "Transport - Rupauli",
    "amount_type": "May25",
    "amount": "700.00",
    "class_name": null,
    "related_stoppage": 10
  }
},
{
  "model": "fees.feestype",
  "pk": 60,
  "fields": {
    "created_at": "2025-08-30T13:53:15.077Z",
    "updated_at": "2025-08-30T13:53:15.077Z",
    "is_active": true,
    "fee_group": 4,
    "group_type": "Transport",
    "fee_type": "Transport - Belsand",
    "amount_type": "April25",
    "amount": "600.00",
    "class_name": null,
    "related_stoppage": 12
  }
},
{
  "model": "fees.feestype",
  "pk": 61,
  "fields": {
    "created_at": "2025-08-30T13:53:15.080Z",
    "updated_at": "2025-08-30T13:53:15.080Z",
    "is_active": true,
    "fee_group": 4,
    "group_type": "Transport",
    "fee_type": "Transport - Belsand",
    "amount_type": "May25",
    "amount": "700.00",
    "class_name": null,
    "related_stoppage": 12
  }
},
{
  "model": "fees.feestype",
  "pk": 62,
  "fields": {
    "created_at": "2025-08-30T13:53:15.082Z",
    "updated_at": "2025-08-30T13:53:15.082Z",
    "is_active": true,
    "fee_group": 4,
    "group_type": "Transport",
    "fee_type": "Transport - Patahi",
    "amount_type": "April25",
    "amount": "800.00",
    "class_name": null,
    "related_stoppage": 13
  }
},
{
  "model": "fees.feestype",
  "pk": 63,
  "fields": {
    "created_at": "2025-08-30T13:53:15.084Z",
    "updated_at": "2025-08-30T13:53:15.084Z",
    "is_active": true,
    "fee_group": 4,
    "group_type": "Transport",
    "fee_type": "Transport - Patahi",
    "amount_type": "May25",
    "amount": "800.00",
    "class_name": null,
    "related_stoppage": 13
  }
},
{
  "model": "fees.feestype",
  "pk": 64,
  "fields": {
    "created_at": "2025-08-30T13:53:15.087Z",
    "updated_at": "2025-08-30T13:53:15.087Z",
    "is_active": true,
    "fee_group": 4,
    "group_type": "Transport",
    "fee_type": "Transport - Tariyani Chhapra",
    "amount_type": "April25",
    "amount": "700.00",
    "class_name": null,
    "related_stoppage": 14
  }
},
{
  "model": "fees.feestype",
  "pk": 65,
  "fields": {
    "created_at": "2025-08-30T13:53:15.089Z",
    "updated_at": "2025-08-30T13:53:15.089Z",
    "is_active": true,
    "fee_group": 4,
    "group_type": "Transport",
    "fee_type": "Transport - Tariyani Chhapra",
    "amount_type": "May25",
    "amount": "700.00",
    "class_name": null,
    "related_stoppage": 14
  }
},
{
  "model": "fees.feestype",
  "pk": 66,
  "fields": {
    "created_at": "2025-08-30T13:53:15.091Z",
    "updated_at": "2025-08-30T13:53:15.091Z",
    "is_active": true,
    "fee_group": 4,
    "group_type": "Transport",
    "fee_type": "Transport - Hansaur",
    "amount_type": "April25",
    "amount": "800.00",
    "class_name": null,
    "related_stoppage": 15
  }
},
{
  "model": "fees.feestype",
  "pk": 67,
  "fields": {
    "created_at": "2025-08-30T13:53:15.093Z",
    "updated_at": "2025-08-30T13:53:15.093Z",
    "is_active": true,
    "fee_group": 4,
    "group_type": "Transport",
    "fee_type": "Transport - Hansaur",
    "amount_type": "May25",
    "amount": "800.00",
    "class_name": null,
    "related_stoppage": 15
  }
},
{
  "model": "fees.feestype",
  "pk": 68,
  "fields": {
    "created_at": "2025-08-30T13:53:15.095Z",
    "updated_at": "2025-08-30T13:53:15.095Z",
    "is_active": true,
    "fee_group": 4,
    "group_type": "Transport",
    "fee_type": "Transport - Dumra",
    "amount_type": "April25",
    "amount": "900.00",
    "class_name": null,
    "related_stoppage": 16
  }
},
{
  "model": "fees.feestype",
  "pk": 69,
  "fields": {
    "created_at": "2025-08-30T13:53:15.097Z",
    "updated_at": "2025-08-30T13:53:15.097Z",
    "is_active": true,
    "fee_group": 4,
    "group_type": "Transport",
    "fee_type": "Transport - Dumra",
    "amount_type": "May25",
    "amount": "900.00",
    "class_name": null,
    "related_stoppage": 16
  }
},
{
  "model": "fees.feestype",
  "pk": 70,
  "fields": {
    "created_at": "2025-08-30T13:53:15.099Z",
    "updated_at": "2025-08-30T13:53:15.099Z",
    "is_active": true,
    "fee_group": 4,
    "group_type": "Transport",
    "fee_type": "Transport - Kundal",
    "amount_type": "April25",
    "amount": "700.00",
    "class_name": null,
    "related_stoppage": 17
  }
},
{
  "model": "fees.feestype",
  "pk": 71,
  "fields": {
    "created_at": "2025-08-30T13:53:15.101Z",
    "updated_at": "2025-08-30T13:53:15.101Z",
    "is_active": true,
    "fee_group": 4,
    "group_type": "Transport",
    "fee_type": "Transport - Kundal",
    "amount_type": "May25",
    "amount": "700.00",
    "class_name": null,
    "related_stoppage": 17
  }
},
{
  "model": "fees.feestype",
  "pk": 72,
  "fields": {
    "created_at": "2025-08-30T13:53:15.105Z",
    "updated_at": "2025-08-30T13:53:15.105Z",
    "is_active": true,
    "fee_group": 2,
    "group_type": "Tuition Fee",
    "fee_type": "Class_4",
    "amount_type": "April25",
    "amount": "700.00",
    "class_name": "Class_4",
    "related_stoppage": null
  }
},
{
  "model": "fees.feestype",
  "pk": 73,
  "fields": {
    "created_at": "2025-08-30T13:53:15.108Z",
    "updated_at": "2025-08-30T13:53:15.108Z",
    "is_active": true,
    "fee_group": 2,
    "group_type": "Tuition Fee",
    "fee_type": "LKG",
    "amount_type": "April25",
    "amount": "600.00",
    "class_name": "LKG",
    "related_stoppage": null
  }
},
{
  "model": "fees.feestype",
  "pk": 74,
  "fields": {
    "created_at": "2025-08-30T13:53:15.110Z",
    "updated_at": "2025-08-30T13:53:15.110Z",
    "is_active": true,
    "fee_group": 2,
    "group_type": "Tuition Fee",
    "fee_type": "LKG",
    "amount_type": "May25",
    "amount": "600.00",
    "class_name": "LKG",
    "related_stoppage": null
  }
},
{
  "model": "fees.feestype",
  "pk": 75,
  "fields": {
    "created_at": "2025-08-30T13:53:15.112Z",
    "updated_at": "2025-08-30T13:53:15.112Z",
    "is_active": true,
    "fee_group": 2,
    "group_type": "Tuition Fee",
    "fee_type": "Nursary",
    "amount_type": "May25",
    "amount": "600.00",
    "class_name": "Nursary",
    "related_stoppage": null
  }
},
{
  "model": "fees.feestype",
  "pk": 76,
  "fields": {
    "created_at": "2025-08-30T13:53:15.114Z",
    "updated_at": "2025-08-30T13:53:15.114Z",
    "is_active": true,
    "fee_group": 2,
    "group_type": "Tuition Fee",
    "fee_type": "UKG",
    "amount_type": "May 25",
    "amount": "600.00",
    "class_name": "UKG",
    "related_stoppage": null
  }
},
{
  "model": "fees.feestype",
  "pk": 77,
  "fields": {
    "created_at": "2025-08-30T13:53:15.116Z",
    "updated_at": "2025-08-30T13:53:15.116Z",
    "is_active": true,
    "fee_group": 19,
    "group_type": "Exam Fees",
    "fee_type": "Exame",
    "amount_type": "Exame 1",
    "amount": "200.00",
    "class_name": null,
    "related_stoppage": null
  }
},
{
  "model": "fees.feestype",
  "pk": 78,
  "fields": {
    "created_at": "2025-08-30T13:53:15.119Z",
    "updated_at": "2025-08-30T13:53:15.119Z",
    "is_active": true,
    "fee_group": 4,
    "group_type": "Transport",
    "fee_type": "Transport - Simra",
    "amount_type": "April 25",
    "amount": "1100.00",
    "class_name": null,
    "related_stoppage": 19
  }
},
{
  "model": "fees.feestype",
  "pk": 79,
  "fields": {
    "created_at": "2025-08-30T13:53:15.121Z",
    "updated_at": "2025-08-30T13:53:15.121Z",
    "is_active": true,
    "fee_group": 4,
    "group_type": "Transport",
    "fee_type": "Transport - Simra",
    "amount_type": "May 25",
    "amount": "1100.00",
    "class_name": null,
    "related_stoppage": 19
  }
},
{
  "model": "fines.finetype",
  "pk": 8,
  "fields": {
    "created_at": "2025-08-05T15:34:47.265Z",
    "updated_at": "2025-08-05T15:34:47.265Z",
    "is_active": true,
    "name": "August",
    "category": "Late Fee",
    "description": "Late august fees payment."
  }
},
{
  "model": "fines.finetype",
  "pk": 9,
  "fields": {
    "created_at": "2025-08-05T15:35:44.257Z",
    "updated_at": "2025-08-05T15:35:44.257Z",
    "is_active": true,
    "name": "September",
    "category": "Late Fee",
    "description": "Late fees payment."
  }
},
{
  "model": "fines.finetype",
  "pk": 10,
  "fields": {
    "created_at": "2025-08-05T15:36:18.992Z",
    "updated_at": "2025-08-05T15:36:18.992Z",
    "is_active": true,
    "name": "Banch",
    "category": "Damage",
    "description": "Broke banch and desk of class."
  }
},
{
  "model": "fines.finetype",
  "pk": 11,
  "fields": {
    "created_at": "2025-08-05T15:36:56.930Z",
    "updated_at": "2025-08-05T15:36:56.930Z",
    "is_active": true,
    "name": "Fighting",
    "category": "Discipline",
    "description": "Given feital wound to his classmate."
  }
},
{
  "model": "fines.finetype",
  "pk": 12,
  "fields": {
    "created_at": "2025-08-07T13:42:26.500Z",
    "updated_at": "2025-08-07T13:42:26.500Z",
    "is_active": true,
    "name": "June",
    "category": "Late Fee",
    "description": "Late payment of June school fees."
  }
},
{
  "model": "fines.finetype",
  "pk": 14,
  "fields": {
    "created_at": "2025-08-13T02:00:05.455Z",
    "updated_at": "2025-08-13T02:00:05.455Z",
    "is_active": true,
    "name": "Test Fine",
    "category": "Other",
    "description": "Test fine for testing"
  }
},
{
  "model": "fines.fine",
  "pk": 4,
  "fields": {
    "created_at": "2025-08-30T13:54:08.918Z",
    "updated_at": "2025-08-30T13:54:08.919Z",
    "is_active": true,
    "class_group": 5,
    "fine_type": 8,
    "fees_type": null,
    "amount": "22.00",
    "dynamic_amount_percent": null,
    "reason": "Late august fees payment.",
    "due_date": "2025-08-05",
    "applied_date": "2025-08-30T13:54:08.919Z",
    "auto_generated": false,
    "target_scope": "Class",
    "created_by": 1
  }
},
{
  "model": "fines.fine",
  "pk": 5,
  "fields": {
    "created_at": "2025-08-30T13:54:08.963Z",
    "updated_at": "2025-08-30T13:54:08.963Z",
    "is_active": true,
    "class_group": null,
    "fine_type": 9,
    "fees_type": null,
    "amount": "21.00",
    "dynamic_amount_percent": null,
    "reason": "Late fees payment.",
    "due_date": "2025-08-05",
    "applied_date": "2025-08-30T13:54:08.963Z",
    "auto_generated": false,
    "target_scope": "All",
    "created_by": 1
  }
},
{
  "model": "fines.fine",
  "pk": 6,
  "fields": {
    "created_at": "2025-08-30T13:54:08.968Z",
    "updated_at": "2025-08-30T13:54:08.968Z",
    "is_active": true,
    "class_group": null,
    "fine_type": 10,
    "fees_type": null,
    "amount": "27.00",
    "dynamic_amount_percent": null,
    "reason": "Late fees payment.",
    "due_date": "2025-08-19",
    "applied_date": "2025-08-30T13:54:08.968Z",
    "auto_generated": false,
    "target_scope": "Individual",
    "created_by": 1
  }
},
{
  "model": "fines.fine",
  "pk": 7,
  "fields": {
    "created_at": "2025-08-30T13:54:08.973Z",
    "updated_at": "2025-08-30T13:54:08.973Z",
    "is_active": true,
    "class_group": null,
    "fine_type": 11,
    "fees_type": null,
    "amount": "82.00",
    "dynamic_amount_percent": null,
    "reason": "Given feital wound to his classmate.",
    "due_date": "2025-07-16",
    "applied_date": "2025-08-30T13:54:08.973Z",
    "auto_generated": false,
    "target_scope": "Individual",
    "created_by": 1
  }
},
{
  "model": "fines.fine",
  "pk": 998,
  "fields": {
    "created_at": "2025-08-05T15:37:39.986Z",
    "updated_at": "2025-08-05T15:37:39.986Z",
    "is_active": true,
    "class_group": null,
    "fine_type": 8,
    "fees_type": null,
    "amount": "22.00",
    "dynamic_amount_percent": null,
    "reason": "Test fine without signals",
    "due_date": "2025-08-05",
    "applied_date": "2025-08-05T15:37:39.986Z",
    "auto_generated": false,
    "target_scope": "Test",
    "created_by": 1
  }
},
{
  "model": "fines.fine",
  "pk": 999,
  "fields": {
    "created_at": "2025-08-30T13:58:55.740Z",
    "updated_at": "2025-08-30T13:58:55.740Z",
    "is_active": true,
    "class_group": null,
    "fine_type": 8,
    "fees_type": null,
    "amount": "22.00",
    "dynamic_amount_percent": null,
    "reason": "Test fine",
    "due_date": "2025-08-05",
    "applied_date": "2025-08-30T13:58:55.740Z",
    "auto_generated": false,
    "target_scope": "Test",
    "created_by": 1
  }
},
{
  "model": "fines.finestudent",
  "pk": 6,
  "fields": {
    "created_at": "2025-08-30T13:54:08.980Z",
    "updated_at": "2025-08-30T13:54:08.980Z",
    "is_active": true,
    "fine": 4,
    "student": 67,
    "is_paid": true,
    "payment_date": "2025-08-05"
  }
},
{
  "model": "fines.finestudent",
  "pk": 7,
  "fields": {
    "created_at": "2025-08-30T13:54:09.000Z",
    "updated_at": "2025-08-30T13:54:09.000Z",
    "is_active": true,
    "fine": 4,
    "student": 69,
    "is_paid": true,
    "payment_date": "2025-08-06"
  }
},
{
  "model": "fines.finestudent",
  "pk": 8,
  "fields": {
    "created_at": "2025-08-30T13:54:09.018Z",
    "updated_at": "2025-08-30T13:54:09.018Z",
    "is_active": true,
    "fine": 4,
    "student": 72,
    "is_paid": true,
    "payment_date": "2025-08-06"
  }
},
{
  "model": "fines.finestudent",
  "pk": 9,
  "fields": {
    "created_at": "2025-08-30T13:54:09.033Z",
    "updated_at": "2025-08-30T13:54:09.033Z",
    "is_active": true,
    "fine": 4,
    "student": 76,
    "is_paid": true,
    "payment_date": "2025-08-06"
  }
},
{
  "model": "fines.finestudent",
  "pk": 10,
  "fields": {
    "created_at": "2025-08-30T13:54:09.047Z",
    "updated_at": "2025-08-30T13:54:09.047Z",
    "is_active": true,
    "fine": 4,
    "student": 78,
    "is_paid": true,
    "payment_date": "2025-08-06"
  }
},
{
  "model": "fines.finestudent",
  "pk": 11,
  "fields": {
    "created_at": "2025-08-30T13:54:09.066Z",
    "updated_at": "2025-08-30T13:54:09.066Z",
    "is_active": true,
    "fine": 4,
    "student": 81,
    "is_paid": false,
    "payment_date": null
  }
},
{
  "model": "fines.finestudent",
  "pk": 12,
  "fields": {
    "created_at": "2025-08-30T13:54:09.079Z",
    "updated_at": "2025-08-30T13:54:09.079Z",
    "is_active": true,
    "fine": 4,
    "student": 82,
    "is_paid": true,
    "payment_date": "2025-08-13"
  }
},
{
  "model": "fines.finestudent",
  "pk": 13,
  "fields": {
    "created_at": "2025-08-30T13:54:09.093Z",
    "updated_at": "2025-08-30T13:54:09.093Z",
    "is_active": true,
    "fine": 4,
    "student": 83,
    "is_paid": false,
    "payment_date": null
  }
},
{
  "model": "fines.finestudent",
  "pk": 14,
  "fields": {
    "created_at": "2025-08-30T13:54:09.106Z",
    "updated_at": "2025-08-30T13:54:09.106Z",
    "is_active": true,
    "fine": 4,
    "student": 84,
    "is_paid": false,
    "payment_date": null
  }
},
{
  "model": "fines.finestudent",
  "pk": 15,
  "fields": {
    "created_at": "2025-08-30T13:54:09.122Z",
    "updated_at": "2025-08-30T13:54:09.122Z",
    "is_active": true,
    "fine": 4,
    "student": 86,
    "is_paid": false,
    "payment_date": null
  }
},
{
  "model": "fines.finestudent",
  "pk": 16,
  "fields": {
    "created_at": "2025-08-30T13:54:09.135Z",
    "updated_at": "2025-08-30T13:54:09.135Z",
    "is_active": true,
    "fine": 5,
    "student": 1,
    "is_paid": false,
    "payment_date": null
  }
},
{
  "model": "fines.finestudent",
  "pk": 17,
  "fields": {
    "created_at": "2025-08-30T13:54:09.148Z",
    "updated_at": "2025-08-30T13:54:09.148Z",
    "is_active": true,
    "fine": 5,
    "student": 3,
    "is_paid": false,
    "payment_date": null
  }
},
{
  "model": "fines.finestudent",
  "pk": 18,
  "fields": {
    "created_at": "2025-08-30T13:54:09.162Z",
    "updated_at": "2025-08-30T13:54:09.162Z",
    "is_active": true,
    "fine": 5,
    "student": 4,
    "is_paid": false,
    "payment_date": null
  }
},
{
  "model": "fines.finestudent",
  "pk": 19,
  "fields": {
    "created_at": "2025-08-30T13:54:09.177Z",
    "updated_at": "2025-08-30T13:54:09.177Z",
    "is_active": true,
    "fine": 5,
    "student": 5,
    "is_paid": false,
    "payment_date": null
  }
},
{
  "model": "fines.finestudent",
  "pk": 20,
  "fields": {
    "created_at": "2025-08-30T13:54:09.189Z",
    "updated_at": "2025-08-30T13:54:09.189Z",
    "is_active": true,
    "fine": 5,
    "student": 6,
    "is_paid": false,
    "payment_date": null
  }
},
{
  "model": "fines.finestudent",
  "pk": 21,
  "fields": {
    "created_at": "2025-08-30T13:54:09.204Z",
    "updated_at": "2025-08-30T13:54:09.204Z",
    "is_active": true,
    "fine": 5,
    "student": 7,
    "is_paid": false,
    "payment_date": null
  }
},
{
  "model": "fines.finestudent",
  "pk": 22,
  "fields": {
    "created_at": "2025-08-30T13:54:09.217Z",
    "updated_at": "2025-08-30T13:54:09.217Z",
    "is_active": true,
    "fine": 5,
    "student": 10,
    "is_paid": false,
    "payment_date": null
  }
},
{
  "model": "fines.finestudent",
  "pk": 23,
  "fields": {
    "created_at": "2025-08-30T13:54:09.234Z",
    "updated_at": "2025-08-30T13:54:09.234Z",
    "is_active": true,
    "fine": 5,
    "student": 11,
    "is_paid": false,
    "payment_date": null
  }
},
{
  "model": "fines.finestudent",
  "pk": 24,
  "fields": {
    "created_at": "2025-08-30T13:54:09.249Z",
    "updated_at": "2025-08-30T13:54:09.249Z",
    "is_active": true,
    "fine": 5,
    "student": 12,
    "is_paid": false,
    "payment_date": null
  }
},
{
  "model": "fines.finestudent",
  "pk": 25,
  "fields": {
    "created_at": "2025-08-30T13:54:09.269Z",
    "updated_at": "2025-08-30T13:54:09.269Z",
    "is_active": true,
    "fine": 5,
    "student": 13,
    "is_paid": false,
    "payment_date": null
  }
},
{
  "model": "fines.finestudent",
  "pk": 26,
  "fields": {
    "created_at": "2025-08-30T13:54:09.285Z",
    "updated_at": "2025-08-30T13:54:09.285Z",
    "is_active": true,
    "fine": 5,
    "student": 14,
    "is_paid": false,
    "payment_date": null
  }
},
{
  "model": "fines.finestudent",
  "pk": 27,
  "fields": {
    "created_at": "2025-08-30T13:54:09.301Z",
    "updated_at": "2025-08-30T13:54:09.301Z",
    "is_active": true,
    "fine": 5,
    "student": 15,
    "is_paid": false,
    "payment_date": null
  }
},
{
  "model": "fines.finestudent",
  "pk": 28,
  "fields": {
    "created_at": "2025-08-30T13:54:09.316Z",
    "updated_at": "2025-08-30T13:54:09.316Z",
    "is_active": true,
    "fine": 5,
    "student": 16,
    "is_paid": false,
    "payment_date": null
  }
},
{
  "model": "fines.finestudent",
  "pk": 29,
  "fields": {
    "created_at": "2025-08-30T13:54:09.330Z",
    "updated_at": "2025-08-30T13:54:09.330Z",
    "is_active": true,
    "fine": 5,
    "student": 17,
    "is_paid": false,
    "payment_date": null
  }
},
{
  "model": "fines.finestudent",
  "pk": 30,
  "fields": {
    "created_at": "2025-08-30T13:54:09.343Z",
    "updated_at": "2025-08-30T13:54:09.344Z",
    "is_active": true,
    "fine": 5,
    "student": 18,
    "is_paid": false,
    "payment_date": null
  }
},
{
  "model": "fines.finestudent",
  "pk": 31,
  "fields": {
    "created_at": "2025-08-30T13:54:09.357Z",
    "updated_at": "2025-08-30T13:54:09.357Z",
    "is_active": true,
    "fine": 5,
    "student": 19,
    "is_paid": false,
    "payment_date": null
  }
},
{
  "model": "fines.finestudent",
  "pk": 32,
  "fields": {
    "created_at": "2025-08-30T13:54:09.369Z",
    "updated_at": "2025-08-30T13:54:09.369Z",
    "is_active": true,
    "fine": 5,
    "student": 20,
    "is_paid": false,
    "payment_date": null
  }
},
{
  "model": "fines.finestudent",
  "pk": 33,
  "fields": {
    "created_at": "2025-08-30T13:54:09.385Z",
    "updated_at": "2025-08-30T13:54:09.385Z",
    "is_active": true,
    "fine": 5,
    "student": 21,
    "is_paid": false,
    "payment_date": null
  }
},
{
  "model": "fines.finestudent",
  "pk": 34,
  "fields": {
    "created_at": "2025-08-30T13:54:09.398Z",
    "updated_at": "2025-08-30T13:54:09.398Z",
    "is_active": true,
    "fine": 5,
    "student": 22,
    "is_paid": false,
    "payment_date": null
  }
},
{
  "model": "fines.finestudent",
  "pk": 35,
  "fields": {
    "created_at": "2025-08-30T13:54:09.410Z",
    "updated_at": "2025-08-30T13:54:09.410Z",
    "is_active": true,
    "fine": 5,
    "student": 23,
    "is_paid": false,
    "payment_date": null
  }
},
{
  "model": "fines.finestudent",
  "pk": 36,
  "fields": {
    "created_at": "2025-08-30T13:54:09.424Z",
    "updated_at": "2025-08-30T13:54:09.424Z",
    "is_active": true,
    "fine": 5,
    "student": 24,
    "is_paid": false,
    "payment_date": null
  }
},
{
  "model": "fines.finestudent",
  "pk": 37,
  "fields": {
    "created_at": "2025-08-30T13:54:09.438Z",
    "updated_at": "2025-08-30T13:54:09.438Z",
    "is_active": true,
    "fine": 5,
    "student": 25,
    "is_paid": false,
    "payment_date": null
  }
},
{
  "model": "fines.finestudent",
  "pk": 38,
  "fields": {
    "created_at": "2025-08-30T13:54:09.451Z",
    "updated_at": "2025-08-30T13:54:09.451Z",
    "is_active": true,
    "fine": 5,
    "student": 26,
    "is_paid": false,
    "payment_date": null
  }
},
{
  "model": "fines.finestudent",
  "pk": 39,
  "fields": {
    "created_at": "2025-08-30T13:54:09.464Z",
    "updated_at": "2025-08-30T13:54:09.464Z",
    "is_active": true,
    "fine": 5,
    "student": 27,
    "is_paid": false,
    "payment_date": null
  }
},
{
  "model": "fines.finestudent",
  "pk": 40,
  "fields": {
    "created_at": "2025-08-30T13:54:09.477Z",
    "updated_at": "2025-08-30T13:54:09.477Z",
    "is_active": true,
    "fine": 5,
    "student": 28,
    "is_paid": false,
    "payment_date": null
  }
},
{
  "model": "fines.finestudent",
  "pk": 41,
  "fields": {
    "created_at": "2025-08-30T13:54:09.492Z",
    "updated_at": "2025-08-30T13:54:09.492Z",
    "is_active": true,
    "fine": 5,
    "student": 29,
    "is_paid": false,
    "payment_date": null
  }
},
{
  "model": "fines.finestudent",
  "pk": 42,
  "fields": {
    "created_at": "2025-08-30T13:54:09.505Z",
    "updated_at": "2025-08-30T13:54:09.505Z",
    "is_active": true,
    "fine": 5,
    "student": 30,
    "is_paid": false,
    "payment_date": null
  }
},
{
  "model": "fines.finestudent",
  "pk": 43,
  "fields": {
    "created_at": "2025-08-30T13:54:09.518Z",
    "updated_at": "2025-08-30T13:54:09.518Z",
    "is_active": true,
    "fine": 5,
    "student": 31,
    "is_paid": false,
    "payment_date": null
  }
},
{
  "model": "fines.finestudent",
  "pk": 44,
  "fields": {
    "created_at": "2025-08-30T13:54:09.530Z",
    "updated_at": "2025-08-30T13:54:09.530Z",
    "is_active": true,
    "fine": 5,
    "student": 32,
    "is_paid": false,
    "payment_date": null
  }
},
{
  "model": "fines.finestudent",
  "pk": 45,
  "fields": {
    "created_at": "2025-08-30T13:54:09.544Z",
    "updated_at": "2025-08-30T13:54:09.544Z",
    "is_active": true,
    "fine": 5,
    "student": 33,
    "is_paid": false,
    "payment_date": null
  }
},
{
  "model": "fines.finestudent",
  "pk": 46,
  "fields": {
    "created_at": "2025-08-30T13:54:09.557Z",
    "updated_at": "2025-08-30T13:54:09.557Z",
    "is_active": true,
    "fine": 5,
    "student": 34,
    "is_paid": false,
    "payment_date": null
  }
},
{
  "model": "fines.finestudent",
  "pk": 47,
  "fields": {
    "created_at": "2025-08-30T13:54:09.572Z",
    "updated_at": "2025-08-30T13:54:09.572Z",
    "is_active": true,
    "fine": 5,
    "student": 35,
    "is_paid": false,
    "payment_date": null
  }
},
{
  "model": "fines.finestudent",
  "pk": 48,
  "fields": {
    "created_at": "2025-08-30T13:54:09.586Z",
    "updated_at": "2025-08-30T13:54:09.586Z",
    "is_active": true,
    "fine": 5,
    "student": 36,
    "is_paid": false,
    "payment_date": null
  }
},
{
  "model": "fines.finestudent",
  "pk": 49,
  "fields": {
    "created_at": "2025-08-30T13:54:09.600Z",
    "updated_at": "2025-08-30T13:54:09.600Z",
    "is_active": true,
    "fine": 5,
    "student": 37,
    "is_paid": false,
    "payment_date": null
  }
},
{
  "model": "fines.finestudent",
  "pk": 50,
  "fields": {
    "created_at": "2025-08-30T13:54:09.613Z",
    "updated_at": "2025-08-30T13:54:09.613Z",
    "is_active": true,
    "fine": 5,
    "student": 38,
    "is_paid": false,
    "payment_date": null
  }
},
{
  "model": "fines.finestudent",
  "pk": 51,
  "fields": {
    "created_at": "2025-08-30T13:54:09.626Z",
    "updated_at": "2025-08-30T13:54:09.626Z",
    "is_active": true,
    "fine": 5,
    "student": 39,
    "is_paid": false,
    "payment_date": null
  }
},
{
  "model": "fines.finestudent",
  "pk": 52,
  "fields": {
    "created_at": "2025-08-30T13:54:09.638Z",
    "updated_at": "2025-08-30T13:54:09.638Z",
    "is_active": true,
    "fine": 5,
    "student": 40,
    "is_paid": false,
    "payment_date": null
  }
},
{
  "model": "fines.finestudent",
  "pk": 53,
  "fields": {
    "created_at": "2025-08-30T13:54:09.651Z",
    "updated_at": "2025-08-30T13:54:09.651Z",
    "is_active": true,
    "fine": 5,
    "student": 41,
    "is_paid": false,
    "payment_date": null
  }
},
{
  "model": "fines.finestudent",
  "pk": 54,
  "fields": {
    "created_at": "2025-08-30T13:54:09.665Z",
    "updated_at": "2025-08-30T13:54:09.665Z",
    "is_active": true,
    "fine": 5,
    "student": 42,
    "is_paid": false,
    "payment_date": null
  }
},
{
  "model": "fines.finestudent",
  "pk": 55,
  "fields": {
    "created_at": "2025-08-30T13:54:09.679Z",
    "updated_at": "2025-08-30T13:54:09.679Z",
    "is_active": true,
    "fine": 5,
    "student": 43,
    "is_paid": false,
    "payment_date": null
  }
},
{
  "model": "fines.finestudent",
  "pk": 56,
  "fields": {
    "created_at": "2025-08-30T13:54:09.693Z",
    "updated_at": "2025-08-30T13:54:09.693Z",
    "is_active": true,
    "fine": 5,
    "student": 44,
    "is_paid": false,
    "payment_date": null
  }
},
{
  "model": "fines.finestudent",
  "pk": 57,
  "fields": {
    "created_at": "2025-08-30T13:54:09.706Z",
    "updated_at": "2025-08-30T13:54:09.706Z",
    "is_active": true,
    "fine": 5,
    "student": 45,
    "is_paid": false,
    "payment_date": null
  }
},
{
  "model": "fines.finestudent",
  "pk": 58,
  "fields": {
    "created_at": "2025-08-30T13:54:09.719Z",
    "updated_at": "2025-08-30T13:54:09.719Z",
    "is_active": true,
    "fine": 5,
    "student": 46,
    "is_paid": false,
    "payment_date": null
  }
},
{
  "model": "fines.finestudent",
  "pk": 59,
  "fields": {
    "created_at": "2025-08-30T13:54:09.733Z",
    "updated_at": "2025-08-30T13:54:09.733Z",
    "is_active": true,
    "fine": 5,
    "student": 47,
    "is_paid": false,
    "payment_date": null
  }
},
{
  "model": "fines.finestudent",
  "pk": 60,
  "fields": {
    "created_at": "2025-08-30T13:54:09.745Z",
    "updated_at": "2025-08-30T13:54:09.745Z",
    "is_active": true,
    "fine": 5,
    "student": 48,
    "is_paid": false,
    "payment_date": null
  }
},
{
  "model": "fines.finestudent",
  "pk": 61,
  "fields": {
    "created_at": "2025-08-30T13:54:09.759Z",
    "updated_at": "2025-08-30T13:54:09.759Z",
    "is_active": true,
    "fine": 5,
    "student": 49,
    "is_paid": false,
    "payment_date": null
  }
},
{
  "model": "fines.finestudent",
  "pk": 62,
  "fields": {
    "created_at": "2025-08-30T13:54:09.774Z",
    "updated_at": "2025-08-30T13:54:09.774Z",
    "is_active": true,
    "fine": 5,
    "student": 50,
    "is_paid": false,
    "payment_date": null
  }
},
{
  "model": "fines.finestudent",
  "pk": 63,
  "fields": {
    "created_at": "2025-08-30T13:54:09.786Z",
    "updated_at": "2025-08-30T13:54:09.786Z",
    "is_active": true,
    "fine": 5,
    "student": 51,
    "is_paid": false,
    "payment_date": null
  }
},
{
  "model": "fines.finestudent",
  "pk": 64,
  "fields": {
    "created_at": "2025-08-30T13:54:09.799Z",
    "updated_at": "2025-08-30T13:54:09.799Z",
    "is_active": true,
    "fine": 5,
    "student": 52,
    "is_paid": false,
    "payment_date": null
  }
},
{
  "model": "fines.finestudent",
  "pk": 65,
  "fields": {
    "created_at": "2025-08-30T13:54:09.814Z",
    "updated_at": "2025-08-30T13:54:09.814Z",
    "is_active": true,
    "fine": 5,
    "student": 53,
    "is_paid": false,
    "payment_date": null
  }
},
{
  "model": "fines.finestudent",
  "pk": 66,
  "fields": {
    "created_at": "2025-08-30T13:54:09.826Z",
    "updated_at": "2025-08-30T13:54:09.826Z",
    "is_active": true,
    "fine": 5,
    "student": 54,
    "is_paid": false,
    "payment_date": null
  }
},
{
  "model": "fines.finestudent",
  "pk": 67,
  "fields": {
    "created_at": "2025-08-30T13:54:09.839Z",
    "updated_at": "2025-08-30T13:54:09.839Z",
    "is_active": true,
    "fine": 5,
    "student": 55,
    "is_paid": false,
    "payment_date": null
  }
},
{
  "model": "fines.finestudent",
  "pk": 68,
  "fields": {
    "created_at": "2025-08-30T13:54:09.851Z",
    "updated_at": "2025-08-30T13:54:09.851Z",
    "is_active": true,
    "fine": 5,
    "student": 56,
    "is_paid": false,
    "payment_date": null
  }
},
{
  "model": "fines.finestudent",
  "pk": 69,
  "fields": {
    "created_at": "2025-08-30T13:54:09.864Z",
    "updated_at": "2025-08-30T13:54:09.864Z",
    "is_active": true,
    "fine": 5,
    "student": 57,
    "is_paid": false,
    "payment_date": null
  }
},
{
  "model": "fines.finestudent",
  "pk": 70,
  "fields": {
    "created_at": "2025-08-30T13:54:09.876Z",
    "updated_at": "2025-08-30T13:54:09.876Z",
    "is_active": true,
    "fine": 5,
    "student": 58,
    "is_paid": false,
    "payment_date": null
  }
},
{
  "model": "fines.finestudent",
  "pk": 71,
  "fields": {
    "created_at": "2025-08-30T13:54:09.888Z",
    "updated_at": "2025-08-30T13:54:09.888Z",
    "is_active": true,
    "fine": 5,
    "student": 59,
    "is_paid": false,
    "payment_date": null
  }
},
{
  "model": "fines.finestudent",
  "pk": 72,
  "fields": {
    "created_at": "2025-08-30T13:54:09.901Z",
    "updated_at": "2025-08-30T13:54:09.901Z",
    "is_active": true,
    "fine": 5,
    "student": 60,
    "is_paid": false,
    "payment_date": null
  }
},
{
  "model": "fines.finestudent",
  "pk": 73,
  "fields": {
    "created_at": "2025-08-30T13:54:09.913Z",
    "updated_at": "2025-08-30T13:54:09.913Z",
    "is_active": true,
    "fine": 5,
    "student": 61,
    "is_paid": false,
    "payment_date": null
  }
},
{
  "model": "fines.finestudent",
  "pk": 74,
  "fields": {
    "created_at": "2025-08-30T13:54:09.926Z",
    "updated_at": "2025-08-30T13:54:09.926Z",
    "is_active": true,
    "fine": 5,
    "student": 62,
    "is_paid": false,
    "payment_date": null
  }
},
{
  "model": "fines.finestudent",
  "pk": 75,
  "fields": {
    "created_at": "2025-08-30T13:54:09.939Z",
    "updated_at": "2025-08-30T13:54:09.939Z",
    "is_active": true,
    "fine": 5,
    "student": 63,
    "is_paid": false,
    "payment_date": null
  }
},
{
  "model": "fines.finestudent",
  "pk": 76,
  "fields": {
    "created_at": "2025-08-30T13:54:09.952Z",
    "updated_at": "2025-08-30T13:54:09.952Z",
    "is_active": true,
    "fine": 5,
    "student": 64,
    "is_paid": false,
    "payment_date": null
  }
},
{
  "model": "fines.finestudent",
  "pk": 77,
  "fields": {
    "created_at": "2025-08-30T13:54:09.964Z",
    "updated_at": "2025-08-30T13:54:09.964Z",
    "is_active": true,
    "fine": 5,
    "student": 65,
    "is_paid": false,
    "payment_date": null
  }
},
{
  "model": "fines.finestudent",
  "pk": 78,
  "fields": {
    "created_at": "2025-08-30T13:54:09.980Z",
    "updated_at": "2025-08-30T13:54:09.980Z",
    "is_active": true,
    "fine": 5,
    "student": 66,
    "is_paid": false,
    "payment_date": null
  }
},
{
  "model": "fines.finestudent",
  "pk": 79,
  "fields": {
    "created_at": "2025-08-30T13:54:09.993Z",
    "updated_at": "2025-08-30T13:54:09.993Z",
    "is_active": true,
    "fine": 5,
    "student": 67,
    "is_paid": true,
    "payment_date": "2025-08-05"
  }
},
{
  "model": "fines.finestudent",
  "pk": 80,
  "fields": {
    "created_at": "2025-08-30T13:54:10.006Z",
    "updated_at": "2025-08-30T13:54:10.006Z",
    "is_active": true,
    "fine": 5,
    "student": 68,
    "is_paid": false,
    "payment_date": null
  }
},
{
  "model": "fines.finestudent",
  "pk": 81,
  "fields": {
    "created_at": "2025-08-30T13:54:10.019Z",
    "updated_at": "2025-08-30T13:54:10.019Z",
    "is_active": true,
    "fine": 5,
    "student": 69,
    "is_paid": true,
    "payment_date": "2025-08-06"
  }
},
{
  "model": "fines.finestudent",
  "pk": 82,
  "fields": {
    "created_at": "2025-08-30T13:54:10.033Z",
    "updated_at": "2025-08-30T13:54:10.033Z",
    "is_active": true,
    "fine": 5,
    "student": 70,
    "is_paid": false,
    "payment_date": null
  }
},
{
  "model": "fines.finestudent",
  "pk": 83,
  "fields": {
    "created_at": "2025-08-30T13:54:10.046Z",
    "updated_at": "2025-08-30T13:54:10.046Z",
    "is_active": true,
    "fine": 5,
    "student": 71,
    "is_paid": false,
    "payment_date": null
  }
},
{
  "model": "fines.finestudent",
  "pk": 84,
  "fields": {
    "created_at": "2025-08-30T13:54:10.060Z",
    "updated_at": "2025-08-30T13:54:10.060Z",
    "is_active": true,
    "fine": 5,
    "student": 72,
    "is_paid": true,
    "payment_date": "2025-08-06"
  }
},
{
  "model": "fines.finestudent",
  "pk": 85,
  "fields": {
    "created_at": "2025-08-30T13:54:10.073Z",
    "updated_at": "2025-08-30T13:54:10.073Z",
    "is_active": true,
    "fine": 5,
    "student": 73,
    "is_paid": false,
    "payment_date": null
  }
},
{
  "model": "fines.finestudent",
  "pk": 86,
  "fields": {
    "created_at": "2025-08-30T13:54:10.088Z",
    "updated_at": "2025-08-30T13:54:10.088Z",
    "is_active": true,
    "fine": 5,
    "student": 74,
    "is_paid": false,
    "payment_date": null
  }
},
{
  "model": "fines.finestudent",
  "pk": 87,
  "fields": {
    "created_at": "2025-08-30T13:54:10.100Z",
    "updated_at": "2025-08-30T13:54:10.100Z",
    "is_active": true,
    "fine": 5,
    "student": 75,
    "is_paid": false,
    "payment_date": null
  }
},
{
  "model": "fines.finestudent",
  "pk": 88,
  "fields": {
    "created_at": "2025-08-30T13:54:10.114Z",
    "updated_at": "2025-08-30T13:54:10.114Z",
    "is_active": true,
    "fine": 5,
    "student": 76,
    "is_paid": false,
    "payment_date": null
  }
},
{
  "model": "fines.finestudent",
  "pk": 89,
  "fields": {
    "created_at": "2025-08-30T13:54:10.126Z",
    "updated_at": "2025-08-30T13:54:10.126Z",
    "is_active": true,
    "fine": 5,
    "student": 77,
    "is_paid": false,
    "payment_date": null
  }
},
{
  "model": "fines.finestudent",
  "pk": 90,
  "fields": {
    "created_at": "2025-08-30T13:54:10.141Z",
    "updated_at": "2025-08-30T13:54:10.141Z",
    "is_active": true,
    "fine": 5,
    "student": 78,
    "is_paid": true,
    "payment_date": "2025-08-06"
  }
},
{
  "model": "fines.finestudent",
  "pk": 91,
  "fields": {
    "created_at": "2025-08-30T13:54:10.159Z",
    "updated_at": "2025-08-30T13:54:10.159Z",
    "is_active": true,
    "fine": 5,
    "student": 79,
    "is_paid": false,
    "payment_date": null
  }
},
{
  "model": "fines.finestudent",
  "pk": 92,
  "fields": {
    "created_at": "2025-08-30T13:54:10.173Z",
    "updated_at": "2025-08-30T13:54:10.173Z",
    "is_active": true,
    "fine": 5,
    "student": 80,
    "is_paid": false,
    "payment_date": null
  }
},
{
  "model": "fines.finestudent",
  "pk": 93,
  "fields": {
    "created_at": "2025-08-30T13:54:10.186Z",
    "updated_at": "2025-08-30T13:54:10.186Z",
    "is_active": true,
    "fine": 5,
    "student": 81,
    "is_paid": false,
    "payment_date": null
  }
},
{
  "model": "fines.finestudent",
  "pk": 94,
  "fields": {
    "created_at": "2025-08-30T13:54:10.199Z",
    "updated_at": "2025-08-30T13:54:10.199Z",
    "is_active": true,
    "fine": 5,
    "student": 82,
    "is_paid": false,
    "payment_date": null
  }
},
{
  "model": "fines.finestudent",
  "pk": 95,
  "fields": {
    "created_at": "2025-08-30T13:54:10.213Z",
    "updated_at": "2025-08-30T13:54:10.213Z",
    "is_active": true,
    "fine": 5,
    "student": 83,
    "is_paid": false,
    "payment_date": null
  }
},
{
  "model": "fines.finestudent",
  "pk": 96,
  "fields": {
    "created_at": "2025-08-30T13:54:10.229Z",
    "updated_at": "2025-08-30T13:54:10.229Z",
    "is_active": true,
    "fine": 5,
    "student": 84,
    "is_paid": false,
    "payment_date": null
  }
},
{
  "model": "fines.finestudent",
  "pk": 97,
  "fields": {
    "created_at": "2025-08-30T13:54:10.248Z",
    "updated_at": "2025-08-30T13:54:10.248Z",
    "is_active": true,
    "fine": 5,
    "student": 85,
    "is_paid": false,
    "payment_date": null
  }
},
{
  "model": "fines.finestudent",
  "pk": 98,
  "fields": {
    "created_at": "2025-08-30T13:54:10.261Z",
    "updated_at": "2025-08-30T13:54:10.261Z",
    "is_active": true,
    "fine": 5,
    "student": 86,
    "is_paid": false,
    "payment_date": null
  }
},
{
  "model": "fines.finestudent",
  "pk": 99,
  "fields": {
    "created_at": "2025-08-30T13:54:10.273Z",
    "updated_at": "2025-08-30T13:54:10.273Z",
    "is_active": true,
    "fine": 5,
    "student": 87,
    "is_paid": false,
    "payment_date": null
  }
},
{
  "model": "fines.finestudent",
  "pk": 100,
  "fields": {
    "created_at": "2025-08-30T13:54:10.286Z",
    "updated_at": "2025-08-30T13:54:10.286Z",
    "is_active": true,
    "fine": 5,
    "student": 88,
    "is_paid": false,
    "payment_date": null
  }
},
{
  "model": "fines.finestudent",
  "pk": 101,
  "fields": {
    "created_at": "2025-08-30T13:54:10.301Z",
    "updated_at": "2025-08-30T13:54:10.301Z",
    "is_active": true,
    "fine": 5,
    "student": 89,
    "is_paid": false,
    "payment_date": null
  }
},
{
  "model": "fines.finestudent",
  "pk": 102,
  "fields": {
    "created_at": "2025-08-30T13:54:10.314Z",
    "updated_at": "2025-08-30T13:54:10.314Z",
    "is_active": true,
    "fine": 5,
    "student": 90,
    "is_paid": false,
    "payment_date": null
  }
},
{
  "model": "fines.finestudent",
  "pk": 103,
  "fields": {
    "created_at": "2025-08-30T13:54:10.326Z",
    "updated_at": "2025-08-30T13:54:10.326Z",
    "is_active": true,
    "fine": 5,
    "student": 91,
    "is_paid": false,
    "payment_date": null
  }
},
{
  "model": "fines.finestudent",
  "pk": 104,
  "fields": {
    "created_at": "2025-08-30T13:54:10.338Z",
    "updated_at": "2025-08-30T13:54:10.338Z",
    "is_active": true,
    "fine": 5,
    "student": 92,
    "is_paid": false,
    "payment_date": null
  }
},
{
  "model": "fines.finestudent",
  "pk": 105,
  "fields": {
    "created_at": "2025-08-30T13:54:10.351Z",
    "updated_at": "2025-08-30T13:54:10.351Z",
    "is_active": true,
    "fine": 5,
    "student": 93,
    "is_paid": false,
    "payment_date": null
  }
},
{
  "model": "fines.finestudent",
  "pk": 106,
  "fields": {
    "created_at": "2025-08-30T13:54:10.366Z",
    "updated_at": "2025-08-30T13:54:10.366Z",
    "is_active": true,
    "fine": 5,
    "student": 94,
    "is_paid": false,
    "payment_date": null
  }
},
{
  "model": "fines.finestudent",
  "pk": 107,
  "fields": {
    "created_at": "2025-08-30T13:54:10.379Z",
    "updated_at": "2025-08-30T13:54:10.379Z",
    "is_active": true,
    "fine": 5,
    "student": 95,
    "is_paid": false,
    "payment_date": null
  }
},
{
  "model": "fines.finestudent",
  "pk": 108,
  "fields": {
    "created_at": "2025-08-30T13:54:10.393Z",
    "updated_at": "2025-08-30T13:54:10.393Z",
    "is_active": true,
    "fine": 5,
    "student": 96,
    "is_paid": false,
    "payment_date": null
  }
},
{
  "model": "fines.finestudent",
  "pk": 109,
  "fields": {
    "created_at": "2025-08-30T13:54:10.406Z",
    "updated_at": "2025-08-30T13:54:10.406Z",
    "is_active": true,
    "fine": 5,
    "student": 97,
    "is_paid": true,
    "payment_date": "2025-08-06"
  }
},
{
  "model": "fines.finestudent",
  "pk": 110,
  "fields": {
    "created_at": "2025-08-30T13:54:10.419Z",
    "updated_at": "2025-08-30T13:54:10.419Z",
    "is_active": true,
    "fine": 5,
    "student": 98,
    "is_paid": false,
    "payment_date": null
  }
},
{
  "model": "fines.finestudent",
  "pk": 111,
  "fields": {
    "created_at": "2025-08-30T13:54:10.432Z",
    "updated_at": "2025-08-30T13:54:10.432Z",
    "is_active": true,
    "fine": 5,
    "student": 99,
    "is_paid": false,
    "payment_date": null
  }
},
{
  "model": "fines.finestudent",
  "pk": 112,
  "fields": {
    "created_at": "2025-08-30T13:54:10.445Z",
    "updated_at": "2025-08-30T13:54:10.445Z",
    "is_active": true,
    "fine": 5,
    "student": 100,
    "is_paid": false,
    "payment_date": null
  }
},
{
  "model": "fines.finestudent",
  "pk": 113,
  "fields": {
    "created_at": "2025-08-30T13:54:10.462Z",
    "updated_at": "2025-08-30T13:54:10.462Z",
    "is_active": true,
    "fine": 5,
    "student": 101,
    "is_paid": false,
    "payment_date": null
  }
},
{
  "model": "fines.finestudent",
  "pk": 114,
  "fields": {
    "created_at": "2025-08-30T13:54:10.476Z",
    "updated_at": "2025-08-30T13:54:10.476Z",
    "is_active": true,
    "fine": 5,
    "student": 102,
    "is_paid": false,
    "payment_date": null
  }
},
{
  "model": "fines.finestudent",
  "pk": 115,
  "fields": {
    "created_at": "2025-08-30T13:54:10.489Z",
    "updated_at": "2025-08-30T15:57:03.887Z",
    "is_active": true,
    "fine": 5,
    "student": 103,
    "is_paid": true,
    "payment_date": "2025-08-30"
  }
},
{
  "model": "fines.finestudent",
  "pk": 117,
  "fields": {
    "created_at": "2025-08-30T13:54:10.504Z",
    "updated_at": "2025-08-30T13:54:10.504Z",
    "is_active": true,
    "fine": 6,
    "student": 13,
    "is_paid": false,
    "payment_date": null
  }
},
{
  "model": "fines.finestudent",
  "pk": 118,
  "fields": {
    "created_at": "2025-08-30T13:54:10.517Z",
    "updated_at": "2025-08-30T13:54:10.517Z",
    "is_active": true,
    "fine": 6,
    "student": 25,
    "is_paid": false,
    "payment_date": null
  }
},
{
  "model": "fines.finestudent",
  "pk": 119,
  "fields": {
    "created_at": "2025-08-30T13:54:10.531Z",
    "updated_at": "2025-08-30T13:54:10.531Z",
    "is_active": true,
    "fine": 7,
    "student": 108,
    "is_paid": true,
    "payment_date": "2025-08-07"
  }
},
{
  "model": "attendance.attendance",
  "pk": 1,
  "fields": {
    "created_at": "2025-08-15T16:47:05.677Z",
    "updated_at": "2025-08-15T16:47:05.677Z",
    "is_active": true,
    "student": 70,
    "date": "2025-08-15",
    "status": "Absent",
    "student_class": 1,
    "student_section": 1
  }
},
{
  "model": "attendance.attendance",
  "pk": 2,
  "fields": {
    "created_at": "2025-08-15T16:47:05.681Z",
    "updated_at": "2025-08-15T16:47:05.703Z",
    "is_active": true,
    "student": 74,
    "date": "2025-08-15",
    "status": "Present",
    "student_class": 1,
    "student_section": 1
  }
},
{
  "model": "attendance.attendance",
  "pk": 3,
  "fields": {
    "created_at": "2025-08-15T16:47:05.684Z",
    "updated_at": "2025-08-15T16:47:05.709Z",
    "is_active": true,
    "student": 79,
    "date": "2025-08-15",
    "status": "Present",
    "student_class": 1,
    "student_section": 1
  }
},
{
  "model": "attendance.attendance",
  "pk": 4,
  "fields": {
    "created_at": "2025-08-15T16:47:05.685Z",
    "updated_at": "2025-08-15T16:47:05.685Z",
    "is_active": true,
    "student": 85,
    "date": "2025-08-15",
    "status": "Absent",
    "student_class": 1,
    "student_section": 1
  }
},
{
  "model": "attendance.attendance",
  "pk": 5,
  "fields": {
    "created_at": "2025-08-15T16:47:05.687Z",
    "updated_at": "2025-08-15T16:47:05.712Z",
    "is_active": true,
    "student": 87,
    "date": "2025-08-15",
    "status": "Present",
    "student_class": 1,
    "student_section": 1
  }
},
{
  "model": "attendance.attendance",
  "pk": 6,
  "fields": {
    "created_at": "2025-08-15T16:47:05.689Z",
    "updated_at": "2025-08-15T16:47:05.715Z",
    "is_active": true,
    "student": 91,
    "date": "2025-08-15",
    "status": "Present",
    "student_class": 1,
    "student_section": 1
  }
},
{
  "model": "attendance.attendance",
  "pk": 7,
  "fields": {
    "created_at": "2025-08-15T16:47:05.690Z",
    "updated_at": "2025-08-15T16:47:05.690Z",
    "is_active": true,
    "student": 92,
    "date": "2025-08-15",
    "status": "Absent",
    "student_class": 1,
    "student_section": 1
  }
},
{
  "model": "attendance.attendance",
  "pk": 8,
  "fields": {
    "created_at": "2025-08-15T16:47:05.692Z",
    "updated_at": "2025-08-15T16:47:05.720Z",
    "is_active": true,
    "student": 94,
    "date": "2025-08-15",
    "status": "Present",
    "student_class": 1,
    "student_section": 1
  }
},
{
  "model": "attendance.attendance",
  "pk": 9,
  "fields": {
    "created_at": "2025-08-15T16:47:05.696Z",
    "updated_at": "2025-08-15T16:47:05.723Z",
    "is_active": true,
    "student": 96,
    "date": "2025-08-15",
    "status": "Present",
    "student_class": 1,
    "student_section": 1
  }
},
{
  "model": "attendance.attendance",
  "pk": 10,
  "fields": {
    "created_at": "2025-08-15T16:47:05.699Z",
    "updated_at": "2025-08-15T16:47:05.725Z",
    "is_active": true,
    "student": 98,
    "date": "2025-08-15",
    "status": "Present",
    "student_class": 1,
    "student_section": 1
  }
},
{
  "model": "attendance.attendance",
  "pk": 11,
  "fields": {
    "created_at": "2025-08-17T05:32:07.921Z",
    "updated_at": "2025-08-17T05:32:07.989Z",
    "is_active": true,
    "student": 70,
    "date": "2025-08-17",
    "status": "Present",
    "student_class": 1,
    "student_section": 1
  }
},
{
  "model": "attendance.attendance",
  "pk": 12,
  "fields": {
    "created_at": "2025-08-17T05:32:07.965Z",
    "updated_at": "2025-08-17T05:32:07.993Z",
    "is_active": true,
    "student": 74,
    "date": "2025-08-17",
    "status": "Present",
    "student_class": 1,
    "student_section": 1
  }
},
{
  "model": "attendance.attendance",
  "pk": 13,
  "fields": {
    "created_at": "2025-08-17T05:32:07.968Z",
    "updated_at": "2025-08-17T05:32:07.996Z",
    "is_active": true,
    "student": 79,
    "date": "2025-08-17",
    "status": "Present",
    "student_class": 1,
    "student_section": 1
  }
},
{
  "model": "attendance.attendance",
  "pk": 14,
  "fields": {
    "created_at": "2025-08-17T05:32:07.971Z",
    "updated_at": "2025-08-17T05:32:08Z",
    "is_active": true,
    "student": 85,
    "date": "2025-08-17",
    "status": "Present",
    "student_class": 1,
    "student_section": 1
  }
},
{
  "model": "attendance.attendance",
  "pk": 15,
  "fields": {
    "created_at": "2025-08-17T05:32:07.973Z",
    "updated_at": "2025-08-17T05:32:08.003Z",
    "is_active": true,
    "student": 87,
    "date": "2025-08-17",
    "status": "Present",
    "student_class": 1,
    "student_section": 1
  }
},
{
  "model": "attendance.attendance",
  "pk": 16,
  "fields": {
    "created_at": "2025-08-17T05:32:07.977Z",
    "updated_at": "2025-08-17T05:32:07.977Z",
    "is_active": true,
    "student": 91,
    "date": "2025-08-17",
    "status": "Absent",
    "student_class": 1,
    "student_section": 1
  }
},
{
  "model": "attendance.attendance",
  "pk": 17,
  "fields": {
    "created_at": "2025-08-17T05:32:07.979Z",
    "updated_at": "2025-08-17T05:32:08.007Z",
    "is_active": true,
    "student": 92,
    "date": "2025-08-17",
    "status": "Present",
    "student_class": 1,
    "student_section": 1
  }
},
{
  "model": "attendance.attendance",
  "pk": 18,
  "fields": {
    "created_at": "2025-08-17T05:32:07.981Z",
    "updated_at": "2025-08-17T05:32:08.010Z",
    "is_active": true,
    "student": 94,
    "date": "2025-08-17",
    "status": "Present",
    "student_class": 1,
    "student_section": 1
  }
},
{
  "model": "attendance.attendance",
  "pk": 19,
  "fields": {
    "created_at": "2025-08-17T05:32:07.984Z",
    "updated_at": "2025-08-17T05:32:07.984Z",
    "is_active": true,
    "student": 96,
    "date": "2025-08-17",
    "status": "Absent",
    "student_class": 1,
    "student_section": 1
  }
},
{
  "model": "attendance.attendance",
  "pk": 20,
  "fields": {
    "created_at": "2025-08-17T05:32:07.986Z",
    "updated_at": "2025-08-17T05:32:07.986Z",
    "is_active": true,
    "student": 98,
    "date": "2025-08-17",
    "status": "Absent",
    "student_class": 1,
    "student_section": 1
  }
},
{
  "model": "attendance.attendance",
  "pk": 21,
  "fields": {
    "created_at": "2025-08-19T15:31:27.141Z",
    "updated_at": "2025-08-19T15:31:27.223Z",
    "is_active": true,
    "student": 70,
    "date": "2025-08-19",
    "status": "Present",
    "student_class": 1,
    "student_section": 1
  }
},
{
  "model": "attendance.attendance",
  "pk": 22,
  "fields": {
    "created_at": "2025-08-19T15:31:27.200Z",
    "updated_at": "2025-08-19T15:31:27.226Z",
    "is_active": true,
    "student": 74,
    "date": "2025-08-19",
    "status": "Present",
    "student_class": 1,
    "student_section": 1
  }
},
{
  "model": "attendance.attendance",
  "pk": 23,
  "fields": {
    "created_at": "2025-08-19T15:31:27.203Z",
    "updated_at": "2025-08-19T15:31:27.230Z",
    "is_active": true,
    "student": 79,
    "date": "2025-08-19",
    "status": "Present",
    "student_class": 1,
    "student_section": 1
  }
},
{
  "model": "attendance.attendance",
  "pk": 24,
  "fields": {
    "created_at": "2025-08-19T15:31:27.205Z",
    "updated_at": "2025-08-19T15:31:27.233Z",
    "is_active": true,
    "student": 85,
    "date": "2025-08-19",
    "status": "Present",
    "student_class": 1,
    "student_section": 1
  }
},
{
  "model": "attendance.attendance",
  "pk": 25,
  "fields": {
    "created_at": "2025-08-19T15:31:27.207Z",
    "updated_at": "2025-08-19T15:31:27.207Z",
    "is_active": true,
    "student": 87,
    "date": "2025-08-19",
    "status": "Absent",
    "student_class": 1,
    "student_section": 1
  }
},
{
  "model": "attendance.attendance",
  "pk": 26,
  "fields": {
    "created_at": "2025-08-19T15:31:27.210Z",
    "updated_at": "2025-08-19T15:31:27.236Z",
    "is_active": true,
    "student": 91,
    "date": "2025-08-19",
    "status": "Present",
    "student_class": 1,
    "student_section": 1
  }
},
{
  "model": "attendance.attendance",
  "pk": 27,
  "fields": {
    "created_at": "2025-08-19T15:31:27.212Z",
    "updated_at": "2025-08-19T15:31:27.239Z",
    "is_active": true,
    "student": 92,
    "date": "2025-08-19",
    "status": "Present",
    "student_class": 1,
    "student_section": 1
  }
},
{
  "model": "attendance.attendance",
  "pk": 28,
  "fields": {
    "created_at": "2025-08-19T15:31:27.215Z",
    "updated_at": "2025-08-19T15:31:27.242Z",
    "is_active": true,
    "student": 94,
    "date": "2025-08-19",
    "status": "Present",
    "student_class": 1,
    "student_section": 1
  }
},
{
  "model": "attendance.attendance",
  "pk": 29,
  "fields": {
    "created_at": "2025-08-19T15:31:27.217Z",
    "updated_at": "2025-08-19T15:31:27.245Z",
    "is_active": true,
    "student": 96,
    "date": "2025-08-19",
    "status": "Present",
    "student_class": 1,
    "student_section": 1
  }
},
{
  "model": "attendance.attendance",
  "pk": 30,
  "fields": {
    "created_at": "2025-08-19T15:31:27.220Z",
    "updated_at": "2025-08-19T15:31:27.220Z",
    "is_active": true,
    "student": 98,
    "date": "2025-08-19",
    "status": "Absent",
    "student_class": 1,
    "student_section": 1
  }
},
{
  "model": "attendance.attendance",
  "pk": 31,
  "fields": {
    "created_at": "2025-08-19T15:31:50.808Z",
    "updated_at": "2025-08-19T15:31:50.901Z",
    "is_active": true,
    "student": 1,
    "date": "2025-08-19",
    "status": "Present",
    "student_class": 4,
    "student_section": 1
  }
},
{
  "model": "attendance.attendance",
  "pk": 32,
  "fields": {
    "created_at": "2025-08-19T15:31:50.849Z",
    "updated_at": "2025-08-19T15:31:50.904Z",
    "is_active": true,
    "student": 3,
    "date": "2025-08-19",
    "status": "Present",
    "student_class": 4,
    "student_section": 1
  }
},
{
  "model": "attendance.attendance",
  "pk": 33,
  "fields": {
    "created_at": "2025-08-19T15:31:50.852Z",
    "updated_at": "2025-08-19T15:31:50.907Z",
    "is_active": true,
    "student": 4,
    "date": "2025-08-19",
    "status": "Present",
    "student_class": 4,
    "student_section": 1
  }
},
{
  "model": "attendance.attendance",
  "pk": 34,
  "fields": {
    "created_at": "2025-08-19T15:31:50.854Z",
    "updated_at": "2025-08-19T15:31:50.910Z",
    "is_active": true,
    "student": 5,
    "date": "2025-08-19",
    "status": "Present",
    "student_class": 4,
    "student_section": 1
  }
},
{
  "model": "attendance.attendance",
  "pk": 35,
  "fields": {
    "created_at": "2025-08-19T15:31:50.857Z",
    "updated_at": "2025-08-19T15:31:50.914Z",
    "is_active": true,
    "student": 6,
    "date": "2025-08-19",
    "status": "Present",
    "student_class": 4,
    "student_section": 1
  }
},
{
  "model": "attendance.attendance",
  "pk": 36,
  "fields": {
    "created_at": "2025-08-19T15:31:50.859Z",
    "updated_at": "2025-08-19T15:31:50.918Z",
    "is_active": true,
    "student": 7,
    "date": "2025-08-19",
    "status": "Present",
    "student_class": 4,
    "student_section": 1
  }
},
{
  "model": "attendance.attendance",
  "pk": 37,
  "fields": {
    "created_at": "2025-08-19T15:31:50.862Z",
    "updated_at": "2025-08-19T15:31:50.862Z",
    "is_active": true,
    "student": 39,
    "date": "2025-08-19",
    "status": "Absent",
    "student_class": 4,
    "student_section": 1
  }
},
{
  "model": "attendance.attendance",
  "pk": 38,
  "fields": {
    "created_at": "2025-08-19T15:31:50.865Z",
    "updated_at": "2025-08-19T15:31:50.921Z",
    "is_active": true,
    "student": 42,
    "date": "2025-08-19",
    "status": "Present",
    "student_class": 4,
    "student_section": 1
  }
},
{
  "model": "attendance.attendance",
  "pk": 39,
  "fields": {
    "created_at": "2025-08-19T15:31:50.867Z",
    "updated_at": "2025-08-19T15:31:50.924Z",
    "is_active": true,
    "student": 45,
    "date": "2025-08-19",
    "status": "Present",
    "student_class": 4,
    "student_section": 1
  }
},
{
  "model": "attendance.attendance",
  "pk": 40,
  "fields": {
    "created_at": "2025-08-19T15:31:50.869Z",
    "updated_at": "2025-08-19T15:31:50.928Z",
    "is_active": true,
    "student": 46,
    "date": "2025-08-19",
    "status": "Present",
    "student_class": 4,
    "student_section": 1
  }
},
{
  "model": "attendance.attendance",
  "pk": 41,
  "fields": {
    "created_at": "2025-08-19T15:31:50.871Z",
    "updated_at": "2025-08-19T15:31:50.932Z",
    "is_active": true,
    "student": 61,
    "date": "2025-08-19",
    "status": "Present",
    "student_class": 4,
    "student_section": 1
  }
},
{
  "model": "attendance.attendance",
  "pk": 42,
  "fields": {
    "created_at": "2025-08-19T15:31:50.874Z",
    "updated_at": "2025-08-19T15:31:50.935Z",
    "is_active": true,
    "student": 63,
    "date": "2025-08-19",
    "status": "Present",
    "student_class": 4,
    "student_section": 1
  }
},
{
  "model": "attendance.attendance",
  "pk": 43,
  "fields": {
    "created_at": "2025-08-19T15:31:50.876Z",
    "updated_at": "2025-08-19T15:31:50.938Z",
    "is_active": true,
    "student": 65,
    "date": "2025-08-19",
    "status": "Present",
    "student_class": 4,
    "student_section": 1
  }
},
{
  "model": "attendance.attendance",
  "pk": 44,
  "fields": {
    "created_at": "2025-08-19T15:31:50.879Z",
    "updated_at": "2025-08-19T15:31:50.941Z",
    "is_active": true,
    "student": 66,
    "date": "2025-08-19",
    "status": "Present",
    "student_class": 4,
    "student_section": 1
  }
},
{
  "model": "attendance.attendance",
  "pk": 45,
  "fields": {
    "created_at": "2025-08-19T15:31:50.882Z",
    "updated_at": "2025-08-19T15:31:50.882Z",
    "is_active": true,
    "student": 68,
    "date": "2025-08-19",
    "status": "Absent",
    "student_class": 4,
    "student_section": 1
  }
},
{
  "model": "attendance.attendance",
  "pk": 46,
  "fields": {
    "created_at": "2025-08-19T15:31:50.885Z",
    "updated_at": "2025-08-19T15:31:50.944Z",
    "is_active": true,
    "student": 71,
    "date": "2025-08-19",
    "status": "Present",
    "student_class": 4,
    "student_section": 1
  }
},
{
  "model": "attendance.attendance",
  "pk": 47,
  "fields": {
    "created_at": "2025-08-19T15:31:50.887Z",
    "updated_at": "2025-08-19T15:31:50.947Z",
    "is_active": true,
    "student": 73,
    "date": "2025-08-19",
    "status": "Present",
    "student_class": 4,
    "student_section": 1
  }
},
{
  "model": "attendance.attendance",
  "pk": 48,
  "fields": {
    "created_at": "2025-08-19T15:31:50.891Z",
    "updated_at": "2025-08-19T15:31:50.950Z",
    "is_active": true,
    "student": 75,
    "date": "2025-08-19",
    "status": "Present",
    "student_class": 4,
    "student_section": 1
  }
},
{
  "model": "attendance.attendance",
  "pk": 49,
  "fields": {
    "created_at": "2025-08-19T15:31:50.893Z",
    "updated_at": "2025-08-19T15:31:50.953Z",
    "is_active": true,
    "student": 77,
    "date": "2025-08-19",
    "status": "Present",
    "student_class": 4,
    "student_section": 1
  }
},
{
  "model": "attendance.attendance",
  "pk": 50,
  "fields": {
    "created_at": "2025-08-19T15:31:50.898Z",
    "updated_at": "2025-08-19T15:31:50.898Z",
    "is_active": true,
    "student": 80,
    "date": "2025-08-19",
    "status": "Absent",
    "student_class": 4,
    "student_section": 1
  }
},
{
  "model": "promotion.promotionrule",
  "pk": 1,
  "fields": {
    "created_at": "2025-08-04T20:57:43.267Z",
    "updated_at": "2025-08-04T20:57:43.267Z",
    "is_active": false,
    "current_class": 1,
    "next_class": 3,
    "name": "LKG",
    "min_marks": 40
  }
},
{
  "model": "promotion.promotionrule",
  "pk": 2,
  "fields": {
    "created_at": "2025-08-04T20:57:43.267Z",
    "updated_at": "2025-08-04T20:57:43.267Z",
    "is_active": true,
    "current_class": 3,
    "next_class": 4,
    "name": "UKG",
    "min_marks": 33
  }
},
{
  "model": "promotion.promotionrule",
  "pk": 3,
  "fields": {
    "created_at": "2025-08-04T20:57:43.267Z",
    "updated_at": "2025-08-04T20:57:43.267Z",
    "is_active": true,
    "current_class": 4,
    "next_class": 5,
    "name": "Class_1",
    "min_marks": 33
  }
},
{
  "model": "promotion.promotionrule",
  "pk": 4,
  "fields": {
    "created_at": "2025-08-04T20:57:43.267Z",
    "updated_at": "2025-08-04T20:57:43.267Z",
    "is_active": true,
    "current_class": 5,
    "next_class": 6,
    "name": "Class_2",
    "min_marks": 33
  }
},
{
  "model": "messaging.msg91config",
  "pk": 1,
  "fields": {
    "created_at": "2025-08-31T07:06:45.229Z",
    "updated_at": "2025-08-31T07:06:45.229Z",
    "auth_key": "466878AbS44RRkI68b3cabfP1",
    "sender_id": "TXTLCL",
    "is_active": true
  }
},
{
  "model": "messaging.messagingconfig",
  "pk": 1,
  "fields": {
    "created_at": "2025-08-31T06:11:34.028Z",
    "updated_at": "2025-08-31T07:06:45.222Z",
    "sender_name": "Test School",
    "sender_phone": "+918210434250",
    "sms_enabled": true,
    "is_active": true
  }
},
{
  "model": "messaging.messagelog",
  "pk": 1,
  "fields": {
    "created_at": "2025-08-31T06:36:38.892Z",
    "updated_at": "2025-08-31T06:36:38.892Z",
    "is_active": true,
    "sender": 1,
    "message_type": "SMS",
    "recipient_type": "INDIVIDUAL",
    "message_content": "Jai Shree Ram",
    "total_recipients": 1,
    "successful_sends": 1,
    "failed_sends": 0,
    "status": "SENT",
    "class_filter": null,
    "recipient_phone": "",
    "recipient_name": "",
    "msg91_message_id": "",
    "error_message": "",
    "student": null
  }
},
{
  "model": "messaging.messagelog",
  "pk": 2,
  "fields": {
    "created_at": "2025-08-31T06:45:04.685Z",
    "updated_at": "2025-08-31T06:45:13.893Z",
    "is_active": true,
    "sender": 1,
    "message_type": "SMS",
    "recipient_type": "CLASS_STUDENTS",
    "message_content": "Jai Shree Ram",
    "total_recipients": 11,
    "successful_sends": 11,
    "failed_sends": 0,
    "status": "SENT",
    "class_filter": 6,
    "recipient_phone": "",
    "recipient_name": "",
    "msg91_message_id": "",
    "error_message": "",
    "student": null
  }
},
{
  "model": "messaging.messagelog",
  "pk": 3,
  "fields": {
    "created_at": "2025-08-31T06:45:06.078Z",
    "updated_at": "2025-08-31T06:45:15.171Z",
    "is_active": true,
    "sender": 1,
    "message_type": "SMS",
    "recipient_type": "CLASS_STUDENTS",
    "message_content": "Jai Shree Ram",
    "total_recipients": 11,
    "successful_sends": 11,
    "failed_sends": 0,
    "status": "SENT",
    "class_filter": 6,
    "recipient_phone": "",
    "recipient_name": "",
    "msg91_message_id": "",
    "error_message": "",
    "student": null
  }
},
{
  "model": "messaging.messagerecipient",
  "pk": 1,
  "fields": {
    "created_at": "2025-08-31T06:36:38.900Z",
    "updated_at": "2025-08-31T06:36:38.900Z",
    "is_active": true,
    "message_log": 1,
    "student": 108,
    "teacher": null,
    "phone_number": "9955590919",
    "name": "lovely kumari (demo)",
    "role": "Student",
    "status": "SENT",
    "error_message": ""
  }
},
{
  "model": "users.customuser",
  "pk": 1,
  "fields": {
    "password": "pbkdf2_sha256$720000$LURvxuzx8caUK6G1NF9169$f7pIYHyWEvYh3ZPWeC/jfQJx7B2M2WDovJPATJA1lSQ=",
    "last_login": "2025-08-31T09:52:08.078Z",
    "is_superuser": true,
    "username": "SuperUser",
    "first_name": "",
    "last_name": "",
    "email": "admin@gmail.com",
    "is_staff": true,
    "is_active": true,
    "date_joined": "2025-08-04T15:10:08.009Z",
    "role": "admin",
    "mobile": "8210434250",
    "profile_picture": "",
    "created_by": null,
    "groups": [],
    "user_permissions": []
  }
},
{
  "model": "users.customuser",
  "pk": 5,
  "fields": {
    "password": "pbkdf2_sha256$720000$rQuFZlH4TpRHwwn5wuRhBX$Ztp313wm4ufEwu34Noo/wdYJr0AQdzbribYo4Dwgg/I=",
    "last_login": "2025-08-05T20:40:42.977Z",
    "is_superuser": false,
    "username": "test001",
    "first_name": "Test",
    "last_name": "001",
    "email": "gidabe2516@eluxeer.com",
    "is_staff": false,
    "is_active": true,
    "date_joined": "2025-08-05T20:40:31.449Z",
    "role": "student",
    "mobile": "3456789012",
    "profile_picture": "",
    "created_by": null,
    "groups": [],
    "user_permissions": []
  }
},
{
  "model": "users.customuser",
  "pk": 6,
  "fields": {
    "password": "pbkdf2_sha256$720000$nHdKiMRuT8YRAgVvC4IRk2$IJSNoknrV8CheOKGSroZR1elkCRxuijaUULdQJXvOlM=",
    "last_login": "2025-08-17T20:53:52.711Z",
    "is_superuser": false,
    "username": "testuser",
    "first_name": "",
    "last_name": "",
    "email": "test@example.com",
    "is_staff": false,
    "is_active": true,
    "date_joined": "2025-08-13T02:00:05.173Z",
    "role": "student",
    "mobile": "",
    "profile_picture": "",
    "created_by": null,
    "groups": [],
    "user_permissions": []
  }
},
{
  "model": "users.customuser",
  "pk": 7,
  "fields": {
    "password": "pbkdf2_sha256$720000$V5ew0mTXtnYBZJCIsWrEQO$PCK0NGISSyZsM81uy2QDILYnO9be0PNrc2wQmJsbOEo=",
    "last_login": null,
    "is_superuser": false,
    "username": "school_admin",
    "first_name": "School",
    "last_name": "Admin",
    "email": "admin@example.com",
    "is_staff": false,
    "is_active": true,
    "date_joined": "2025-08-17T07:57:29.232Z",
    "role": "admin",
    "mobile": null,
    "profile_picture": "",
    "created_by": null,
    "groups": [],
    "user_permissions": []
  }
},
{
  "model": "users.customuser",
  "pk": 8,
  "fields": {
    "password": "pbkdf2_sha256$720000$S5w1v2wL05nqrjuS710Djp$xIf+pNdC5wGOLm/8WHgGPvx28q1lp5gtrem8oWuFIPg=",
    "last_login": null,
    "is_superuser": false,
    "username": "teacher1",
    "first_name": "John",
    "last_name": "Teacher",
    "email": "teacher@example.com",
    "is_staff": false,
    "is_active": true,
    "date_joined": "2025-08-17T07:57:29.647Z",
    "role": "teacher",
    "mobile": null,
    "profile_picture": "",
    "created_by": null,
    "groups": [],
    "user_permissions": []
  }
},
{
  "model": "users.customuser",
  "pk": 9,
  "fields": {
    "password": "pbkdf2_sha256$720000$mqwtqEcfjaCa5wC4R62Xgz$K/+2r3H1Z/oixh0NyXgx1odQfAFKAov6tra5+VkjWqg=",
    "last_login": "2025-08-17T20:54:19.902Z",
    "is_superuser": true,
    "username": "export_tester",
    "first_name": "",
    "last_name": "",
    "email": "tester@example.com",
    "is_staff": true,
    "is_active": true,
    "date_joined": "2025-08-17T20:54:18.647Z",
    "role": "user",
    "mobile": null,
    "profile_picture": "",
    "created_by": null,
    "groups": [],
    "user_permissions": []
  }
},
{
  "model": "users.customuser",
  "pk": 10,
  "fields": {
    "password": "",
    "last_login": null,
    "is_superuser": false,
    "username": "admin",
    "first_name": "",
    "last_name": "",
    "email": "admin@school.com",
    "is_staff": true,
    "is_active": true,
    "date_joined": "2025-08-30T14:07:30.237Z",
    "role": "user",
    "mobile": null,
    "profile_picture": "",
    "created_by": null,
    "groups": [],
    "user_permissions": []
  }
},
{
  "model": "users.usermodulepermission",
  "pk": 1,
  "fields": {
    "user": 7,
    "module": "dashboard",
    "can_view": true,
    "can_edit": true,
    "granted_by": null,
    "created_at": "2025-08-17T07:57:29.635Z"
  }
},
{
  "model": "users.usermodulepermission",
  "pk": 2,
  "fields": {
    "user": 7,
    "module": "manage_students",
    "can_view": true,
    "can_edit": true,
    "granted_by": null,
    "created_at": "2025-08-17T07:57:29.637Z"
  }
},
{
  "model": "users.usermodulepermission",
  "pk": 3,
  "fields": {
    "user": 7,
    "module": "manage_teachers",
    "can_view": true,
    "can_edit": true,
    "granted_by": null,
    "created_at": "2025-08-17T07:57:29.638Z"
  }
},
{
  "model": "users.usermodulepermission",
  "pk": 4,
  "fields": {
    "user": 7,
    "module": "manage_subjects",
    "can_view": true,
    "can_edit": true,
    "granted_by": null,
    "created_at": "2025-08-17T07:57:29.639Z"
  }
},
{
  "model": "users.usermodulepermission",
  "pk": 5,
  "fields": {
    "user": 7,
    "module": "manage_fees",
    "can_view": true,
    "can_edit": true,
    "granted_by": null,
    "created_at": "2025-08-17T07:57:29.639Z"
  }
},
{
  "model": "users.usermodulepermission",
  "pk": 6,
  "fields": {
    "user": 7,
    "module": "student_fees",
    "can_view": true,
    "can_edit": true,
    "granted_by": null,
    "created_at": "2025-08-17T07:57:29.640Z"
  }
},
{
  "model": "users.usermodulepermission",
  "pk": 7,
  "fields": {
    "user": 7,
    "module": "manage_fines",
    "can_view": true,
    "can_edit": true,
    "granted_by": null,
    "created_at": "2025-08-17T07:57:29.641Z"
  }
},
{
  "model": "users.usermodulepermission",
  "pk": 8,
  "fields": {
    "user": 7,
    "module": "manage_attendance",
    "can_view": true,
    "can_edit": true,
    "granted_by": null,
    "created_at": "2025-08-17T07:57:29.642Z"
  }
},
{
  "model": "users.usermodulepermission",
  "pk": 9,
  "fields": {
    "user": 7,
    "module": "manage_transport",
    "can_view": true,
    "can_edit": true,
    "granted_by": null,
    "created_at": "2025-08-17T07:57:29.643Z"
  }
},
{
  "model": "users.usermodulepermission",
  "pk": 10,
  "fields": {
    "user": 7,
    "module": "promotion_class",
    "can_view": true,
    "can_edit": true,
    "granted_by": null,
    "created_at": "2025-08-17T07:57:29.644Z"
  }
},
{
  "model": "users.usermodulepermission",
  "pk": 11,
  "fields": {
    "user": 7,
    "module": "reports",
    "can_view": true,
    "can_edit": true,
    "granted_by": null,
    "created_at": "2025-08-17T07:57:29.645Z"
  }
},
{
  "model": "users.usermodulepermission",
  "pk": 12,
  "fields": {
    "user": 7,
    "module": "messaging",
    "can_view": true,
    "can_edit": true,
    "granted_by": null,
    "created_at": "2025-08-17T07:57:29.646Z"
  }
},
{
  "model": "users.usermodulepermission",
  "pk": 13,
  "fields": {
    "user": 8,
    "module": "dashboard",
    "can_view": true,
    "can_edit": false,
    "granted_by": null,
    "created_at": "2025-08-17T07:57:30.051Z"
  }
},
{
  "model": "users.usermodulepermission",
  "pk": 14,
  "fields": {
    "user": 8,
    "module": "manage_students",
    "can_view": true,
    "can_edit": false,
    "granted_by": null,
    "created_at": "2025-08-17T07:57:30.052Z"
  }
},
{
  "model": "users.usermodulepermission",
  "pk": 15,
  "fields": {
    "user": 8,
    "module": "manage_attendance",
    "can_view": true,
    "can_edit": true,
    "granted_by": null,
    "created_at": "2025-08-17T07:57:30.052Z"
  }
},
{
  "model": "users.usermodulepermission",
  "pk": 16,
  "fields": {
    "user": 8,
    "module": "reports",
    "can_view": true,
    "can_edit": false,
    "granted_by": null,
    "created_at": "2025-08-17T07:57:30.053Z"
  }
},
{
  "model": "users.useractivity",
  "pk": 1,
  "fields": {
    "user": 1,
    "action": "login",
    "target_model": null,
    "target_id": null,
    "description": "User logged in",
    "ip_address": "127.0.0.1",
    "timestamp": "2025-08-17T08:36:09.343Z"
  }
},
{
  "model": "users.useractivity",
  "pk": 2,
  "fields": {
    "user": 1,
    "action": "logout",
    "target_model": null,
    "target_id": null,
    "description": "User logged out",
    "ip_address": "127.0.0.1",
    "timestamp": "2025-08-17T08:40:51.652Z"
  }
},
{
  "model": "users.useractivity",
  "pk": 3,
  "fields": {
    "user": 1,
    "action": "login",
    "target_model": null,
    "target_id": null,
    "description": "User logged in",
    "ip_address": "127.0.0.1",
    "timestamp": "2025-08-17T08:40:56.718Z"
  }
},
{
  "model": "users.useractivity",
  "pk": 4,
  "fields": {
    "user": 1,
    "action": "logout",
    "target_model": null,
    "target_id": null,
    "description": "User logged out",
    "ip_address": "127.0.0.1",
    "timestamp": "2025-08-17T08:41:01.517Z"
  }
},
{
  "model": "users.useractivity",
  "pk": 5,
  "fields": {
    "user": 1,
    "action": "login",
    "target_model": null,
    "target_id": null,
    "description": "User logged in",
    "ip_address": "127.0.0.1",
    "timestamp": "2025-08-17T08:41:04.972Z"
  }
},
{
  "model": "users.useractivity",
  "pk": 6,
  "fields": {
    "user": 1,
    "action": "logout",
    "target_model": null,
    "target_id": null,
    "description": "User logged out",
    "ip_address": "127.0.0.1",
    "timestamp": "2025-08-17T08:41:07.760Z"
  }
},
{
  "model": "users.useractivity",
  "pk": 7,
  "fields": {
    "user": 1,
    "action": "login",
    "target_model": null,
    "target_id": null,
    "description": "User logged in",
    "ip_address": "127.0.0.1",
    "timestamp": "2025-08-17T08:41:10.800Z"
  }
},
{
  "model": "users.useractivity",
  "pk": 8,
  "fields": {
    "user": 1,
    "action": "login",
    "target_model": null,
    "target_id": null,
    "description": "User logged in",
    "ip_address": "127.0.0.1",
    "timestamp": "2025-08-17T16:32:48.047Z"
  }
},
{
  "model": "users.useractivity",
  "pk": 9,
  "fields": {
    "user": 1,
    "action": "login",
    "target_model": null,
    "target_id": null,
    "description": "User logged in",
    "ip_address": "127.0.0.1",
    "timestamp": "2025-08-17T18:54:35.004Z"
  }
},
{
  "model": "users.useractivity",
  "pk": 10,
  "fields": {
    "user": 1,
    "action": "login",
    "target_model": null,
    "target_id": null,
    "description": "User logged in",
    "ip_address": "127.0.0.1",
    "timestamp": "2025-08-17T19:08:00.099Z"
  }
},
{
  "model": "users.useractivity",
  "pk": 11,
  "fields": {
    "user": 1,
    "action": "login",
    "target_model": null,
    "target_id": null,
    "description": "User logged in",
    "ip_address": "127.0.0.1",
    "timestamp": "2025-08-17T19:19:17.773Z"
  }
},
{
  "model": "users.useractivity",
  "pk": 12,
  "fields": {
    "user": 1,
    "action": "login",
    "target_model": null,
    "target_id": null,
    "description": "User logged in",
    "ip_address": "127.0.0.1",
    "timestamp": "2025-08-17T19:21:10.216Z"
  }
},
{
  "model": "users.useractivity",
  "pk": 13,
  "fields": {
    "user": 1,
    "action": "login",
    "target_model": null,
    "target_id": null,
    "description": "User logged in",
    "ip_address": "127.0.0.1",
    "timestamp": "2025-08-17T19:21:11.517Z"
  }
},
{
  "model": "users.useractivity",
  "pk": 14,
  "fields": {
    "user": 1,
    "action": "login",
    "target_model": null,
    "target_id": null,
    "description": "User logged in",
    "ip_address": "127.0.0.1",
    "timestamp": "2025-08-26T04:29:28.846Z"
  }
},
{
  "model": "users.useractivity",
  "pk": 15,
  "fields": {
    "user": 1,
    "action": "login",
    "target_model": null,
    "target_id": null,
    "description": "User logged in",
    "ip_address": "192.168.1.4",
    "timestamp": "2025-08-30T15:42:29.204Z"
  }
},
{
  "model": "users.useractivity",
  "pk": 16,
  "fields": {
    "user": 1,
    "action": "login",
    "target_model": null,
    "target_id": null,
    "description": "User logged in",
    "ip_address": "127.0.0.1",
    "timestamp": "2025-08-31T02:40:00.994Z"
  }
}
]
