[
{
  "model": "school_profile.schoolprofile",
  "pk": 1,
  "fields": {
    "school_name": "Gyan Varsha International School",
    "principal_name": "Sumit Chaudhary",
    "address": "Madhkaul, Belsand",
    "email": "gvismadhkaul@gmail.com",
    "mobile": "9135748551",
    "registration_number": "SIT/BEL/015/EE/20",
    "website": null,
    "logo": "school_logos/humming-bird-1935665_1920.png",
    "academic_calendar": "",
    "start_date": "2025-04-01",
    "end_date": "2026-03-31",
    "academic_session_start_month": 4
  }
},
{
  "model": "teachers.teacher",
  "pk": 1,
  "fields": {
    "name": "Shambhu Jha Sir",
    "mobile": "9525377010",
    "email": "9473089919@bh.com",
    "qualification": "BED",
    "joining_date": "2025-04-22",
    "photo": "teacher_photos/Screenshot_2025-04-20_112850.jpg",
    "resume": "teacher_resumes/RBI_ICICI.pdf",
    "joining_letter": "teacher_letters/RBI_ICICI.pdf"
  }
},
{
  "model": "teachers.teacher",
  "pk": 2,
  "fields": {
    "name": "Sanjay Kumar Thakur",
    "mobile": "9525377123",
    "email": "admin@school.in",
    "qualification": "BED",
    "joining_date": "2025-04-20",
    "photo": "teacher_photos/Screenshot_2025-04-20_112850_EsshiNV.jpg",
    "resume": "teacher_resumes/RBI_ICICI_w4anuni.pdf",
    "joining_letter": "teacher_letters/RBI_ICICI_tQ7cjSc.pdf"
  }
},
{
  "model": "teachers.teacher",
  "pk": 3,
  "fields": {
    "name": "Samarat Sir",
    "mobile": "9525377123",
    "email": "farihi3952@namewok.com",
    "qualification": "BA",
    "joining_date": "2025-04-21",
    "photo": "teacher_photos/Screenshot_2025-04-20_112850_5ju0uLc.jpg",
    "resume": "teacher_resumes/Application_Wise_RD_Drivers.pdf",
    "joining_letter": "teacher_letters/Application_Wise_RD_Drivers.pdf"
  }
},
{
  "model": "teachers.teacher",
  "pk": 4,
  "fields": {
    "name": "Raja Kumar",
    "mobile": "9525377123",
    "email": "9473089@bh.in",
    "qualification": "BA",
    "joining_date": "2025-04-20",
    "photo": "teacher_photos/Screenshot_2025-04-15_212529.jpg",
    "resume": "teacher_resumes/Application_Wise_RD_Drivers_63lC3or.pdf",
    "joining_letter": "teacher_letters/Application_Wise_RD_Drivers_sCvSQzy.pdf"
  }
},
{
  "model": "teachers.teacher",
  "pk": 5,
  "fields": {
    "name": "lovely kumari",
    "mobile": "9525377010",
    "email": "admin@ut.com",
    "qualification": "BED",
    "joining_date": "2025-07-22",
    "photo": "teacher_photos/Screenshot_2025-07-22_192721.jpg",
    "resume": "teacher_resumes/TDC_Part1.pdf",
    "joining_letter": "teacher_letters/TDC_Part1.pdf"
  }
},
{
  "model": "teachers.teacher",
  "pk": 6,
  "fields": {
    "name": "Prence",
    "mobile": "3456789012",
    "email": "paxeyen334@lassora.com",
    "qualification": "BED",
    "joining_date": "2025-08-15",
    "photo": "teacher_photos/Screenshot_2025-08-14_173352.png",
    "resume": "teacher_resumes/fees_report_20250815_143756.pdf",
    "joining_letter": "teacher_letters/Manage_Fines.pdf"
  }
},
{
  "model": "teachers.teacher",
  "pk": 16,
  "fields": {
    "name": "Suresh Jha",
    "mobile": "7895426657",
    "email": "sureshjha@gmail.com",
    "qualification": "BED",
    "joining_date": "2025-05-08",
    "photo": "teacher_photos/lenovo_ZFK3nSM.jpg",
    "resume": "teacher_resumes/teachers_list_-_school_management_20250908T145754.pdf",
    "joining_letter": "teacher_letters/teachers_list_-_school_management_20250908T142806.pdf"
  }
},
{
  "model": "subjects.classsection",
  "pk": 1,
  "fields": {
    "class_name": "Class 10",
    "section_name": "A",
    "room_number": "R-10A",
    "created_at": "2025-09-10T06:32:09.270Z"
  }
},
{
  "model": "subjects.classsection",
  "pk": 2,
  "fields": {
    "class_name": "Class 9",
    "section_name": "A",
    "room_number": "R-9A",
    "created_at": "2025-09-10T06:32:09.273Z"
  }
},
{
  "model": "subjects.classsection",
  "pk": 3,
  "fields": {
    "class_name": "Class 9",
    "section_name": "B",
    "room_number": "R-9B",
    "created_at": "2025-09-10T06:32:09.274Z"
  }
},
{
  "model": "subjects.classsection",
  "pk": 4,
  "fields": {
    "class_name": "Class 8",
    "section_name": "A",
    "room_number": "R-8A",
    "created_at": "2025-09-10T06:32:09.276Z"
  }
},
{
  "model": "subjects.classsection",
  "pk": 5,
  "fields": {
    "class_name": "Class 7",
    "section_name": "A",
    "room_number": "R-7A",
    "created_at": "2025-09-10T06:32:09.278Z"
  }
},
{
  "model": "subjects.classsection",
  "pk": 6,
  "fields": {
    "class_name": "Class 6",
    "section_name": "A",
    "room_number": "R-6A",
    "created_at": "2025-09-10T06:32:09.280Z"
  }
},
{
  "model": "subjects.classsection",
  "pk": 7,
  "fields": {
    "class_name": "Class 5",
    "section_name": "A",
    "room_number": "R-5A",
    "created_at": "2025-09-10T06:32:09.281Z"
  }
},
{
  "model": "subjects.classsection",
  "pk": 8,
  "fields": {
    "class_name": "Class 4",
    "section_name": "A",
    "room_number": "R-4A",
    "created_at": "2025-09-10T06:32:09.284Z"
  }
},
{
  "model": "subjects.classsection",
  "pk": 9,
  "fields": {
    "class_name": "Class 3",
    "section_name": "A",
    "room_number": "R-3A",
    "created_at": "2025-09-10T06:32:09.286Z"
  }
},
{
  "model": "subjects.classsection",
  "pk": 10,
  "fields": {
    "class_name": "Class 2",
    "section_name": "A",
    "room_number": "R-2A",
    "created_at": "2025-09-10T06:32:09.287Z"
  }
},
{
  "model": "subjects.classsection",
  "pk": 11,
  "fields": {
    "class_name": "Class 1",
    "section_name": "A",
    "room_number": "R-1A",
    "created_at": "2025-09-10T06:32:09.289Z"
  }
},
{
  "model": "subjects.classsection",
  "pk": 12,
  "fields": {
    "class_name": "UKG",
    "section_name": "A",
    "room_number": "R-UKG-A",
    "created_at": "2025-09-10T06:32:09.291Z"
  }
},
{
  "model": "subjects.classsection",
  "pk": 13,
  "fields": {
    "class_name": "Nursary",
    "section_name": "A",
    "room_number": "R-Nursary-A",
    "created_at": "2025-09-10T06:32:09.293Z"
  }
},
{
  "model": "subjects.classsection",
  "pk": 14,
  "fields": {
    "class_name": "LKG",
    "section_name": "A",
    "room_number": "R-LKG-A",
    "created_at": "2025-09-10T06:32:09.294Z"
  }
},
{
  "model": "subjects.classsection",
  "pk": 27,
  "fields": {
    "class_name": "Play",
    "section_name": "A",
    "room_number": "R-Play-A",
    "created_at": "2025-09-10T06:32:09.296Z"
  }
},
{
  "model": "subjects.classsection",
  "pk": 30,
  "fields": {
    "class_name": "Test Class",
    "section_name": "A",
    "room_number": "TEST-ROOM",
    "created_at": "2025-09-10T06:32:09.298Z"
  }
},
{
  "model": "subjects.subject",
  "pk": 1,
  "fields": {
    "name": "हिंदी",
    "created_at": "2025-09-10T06:32:09.314Z"
  }
},
{
  "model": "subjects.subject",
  "pk": 2,
  "fields": {
    "name": "संस्कृत",
    "created_at": "2025-09-10T06:32:09.316Z"
  }
},
{
  "model": "subjects.subject",
  "pk": 3,
  "fields": {
    "name": "English",
    "created_at": "2025-09-10T06:32:09.318Z"
  }
},
{
  "model": "subjects.subject",
  "pk": 4,
  "fields": {
    "name": "Math",
    "created_at": "2025-09-10T06:32:09.320Z"
  }
},
{
  "model": "subjects.subject",
  "pk": 5,
  "fields": {
    "name": "Social Sc / SST",
    "created_at": "2025-09-10T06:32:09.322Z"
  }
},
{
  "model": "subjects.subject",
  "pk": 6,
  "fields": {
    "name": "Science",
    "created_at": "2025-09-10T06:32:09.323Z"
  }
},
{
  "model": "subjects.subject",
  "pk": 7,
  "fields": {
    "name": "Compute",
    "created_at": "2025-09-10T06:32:09.325Z"
  }
},
{
  "model": "subjects.subject",
  "pk": 9,
  "fields": {
    "name": "Moral Science",
    "created_at": "2025-09-10T06:32:09.327Z"
  }
},
{
  "model": "subjects.subject",
  "pk": 10,
  "fields": {
    "name": "Mathematics",
    "created_at": "2025-09-10T06:32:09.329Z"
  }
},
{
  "model": "subjects.subjectassignment",
  "pk": 1,
  "fields": {
    "class_section": null,
    "subject": 1,
    "teacher": null,
    "created_at": "2025-09-10T06:32:11.152Z"
  }
},
{
  "model": "subjects.subjectassignment",
  "pk": 3,
  "fields": {
    "class_section": null,
    "subject": 9,
    "teacher": null,
    "created_at": "2025-09-10T06:32:11.155Z"
  }
},
{
  "model": "subjects.subjectassignment",
  "pk": 4,
  "fields": {
    "class_section": 1,
    "subject": 4,
    "teacher": 2,
    "created_at": "2025-09-10T06:32:11.159Z"
  }
},
{
  "model": "subjects.subjectassignment",
  "pk": 5,
  "fields": {
    "class_section": 11,
    "subject": 1,
    "teacher": 4,
    "created_at": "2025-09-10T06:32:11.163Z"
  }
},
{
  "model": "subjects.subjectassignment",
  "pk": 6,
  "fields": {
    "class_section": 10,
    "subject": 1,
    "teacher": 3,
    "created_at": "2025-09-10T06:32:11.167Z"
  }
},
{
  "model": "subjects.subjectassignment",
  "pk": 7,
  "fields": {
    "class_section": 9,
    "subject": 3,
    "teacher": 5,
    "created_at": "2025-09-10T06:32:11.171Z"
  }
},
{
  "model": "subjects.subjectassignment",
  "pk": 8,
  "fields": {
    "class_section": 8,
    "subject": 4,
    "teacher": 2,
    "created_at": "2025-09-10T06:32:11.175Z"
  }
},
{
  "model": "students.student",
  "pk": 1,
  "fields": {
    "created_at": "2025-08-04T20:57:43.267Z",
    "updated_at": "2025-09-10T06:32:09.333Z",
    "admission_number": "GVIS00001",
    "first_name": "SURBHI",
    "last_name": "KUMARI",
    "father_name": "BHAGIRATH OJA",
    "mother_name": "RANI DEVI",
    "date_of_birth": "2018-06-01",
    "date_of_admission": "2025-04-02",
    "aadhaar_number": "1234-5678-9012",
    "pen_number": "12345678901",
    "class_section": 10,
    "gender": "Female",
    "religion": "Hindu",
    "caste_category": "General",
    "address": "MADHKAUL JAFARPUR Belsand",
    "mobile_number": "9702949981",
    "email": "TEST@bh.in",
    "blood_group": "UNKN",
    "student_image": "",
    "aadhar_card": "",
    "transfer_certificate": "",
    "due_amount": "0.00"
  }
},
{
  "model": "students.student",
  "pk": 3,
  "fields": {
    "created_at": "2025-08-04T20:57:43.267Z",
    "updated_at": "2025-09-10T06:32:09.342Z",
    "admission_number": "GVIS00002",
    "first_name": "ARYAN",
    "last_name": "KUMAR",
    "father_name": "PANKAJ KUMAR",
    "mother_name": "CHANDANI DEVI",
    "date_of_birth": "2018-07-11",
    "date_of_admission": "2025-04-01",
    "aadhaar_number": "1234-5678-9876",
    "pen_number": "89781234567",
    "class_section": 10,
    "gender": "Male",
    "religion": "Hindu",
    "caste_category": "General",
    "address": "MADHKAUL BELSAND",
    "mobile_number": "6209704534",
    "email": "DEMO@bh.in",
    "blood_group": "Unkno",
    "student_image": "",
    "aadhar_card": "",
    "transfer_certificate": "",
    "due_amount": "0.00"
  }
},
{
  "model": "students.student",
  "pk": 4,
  "fields": {
    "created_at": "2025-08-04T20:57:43.267Z",
    "updated_at": "2025-09-10T06:32:09.348Z",
    "admission_number": "GVIS00003",
    "first_name": "RAMAN",
    "last_name": "KUMAR",
    "father_name": "RAMBHAROS OJHA",
    "mother_name": "JULI DEVI",
    "date_of_birth": "2019-01-11",
    "date_of_admission": "2025-04-01",
    "aadhaar_number": "1234-5678-9876",
    "pen_number": "89781234567",
    "class_section": 11,
    "gender": "Male",
    "religion": "Hindu",
    "caste_category": "General",
    "address": "MADHKAUL JAFFARPUR BELSAND",
    "mobile_number": "7970462025",
    "email": "DEMO@bh.in",
    "blood_group": "Unkno",
    "student_image": "",
    "aadhar_card": "",
    "transfer_certificate": "",
    "due_amount": "0.00"
  }
},
{
  "model": "students.student",
  "pk": 5,
  "fields": {
    "created_at": "2025-08-04T20:57:43.267Z",
    "updated_at": "2025-09-10T06:32:09.358Z",
    "admission_number": "GVIS00004",
    "first_name": "KRISHAN",
    "last_name": "KUMAR",
    "father_name": "CHUNCHUN CHAUDHARY",
    "mother_name": "SONI DEVI",
    "date_of_birth": "2018-12-09",
    "date_of_admission": "2025-04-01",
    "aadhaar_number": "1234-5678-9876",
    "pen_number": "98765456789",
    "class_section": 11,
    "gender": "Male",
    "religion": "Hindu",
    "caste_category": "EBC",
    "address": "BHANDARI BELSAND",
    "mobile_number": "9523319503",
    "email": "DEMO@ut.com",
    "blood_group": "Unkno",
    "student_image": "",
    "aadhar_card": "",
    "transfer_certificate": "",
    "due_amount": "0.00"
  }
},
{
  "model": "students.student",
  "pk": 6,
  "fields": {
    "created_at": "2025-08-04T20:57:43.267Z",
    "updated_at": "2025-09-10T06:32:09.364Z",
    "admission_number": "GVIS00005",
    "first_name": "GINDEL",
    "last_name": "KUMARI",
    "father_name": "RAJAN SAH",
    "mother_name": "BABITA DEVI",
    "date_of_birth": "2016-05-11",
    "date_of_admission": "2025-04-01",
    "aadhaar_number": "1234-5678-9876",
    "pen_number": "98765456789",
    "class_section": 8,
    "gender": "Female",
    "religion": "Hindu",
    "caste_category": "EBC",
    "address": "PARRAHI BELSAND",
    "mobile_number": "7091391461",
    "email": "DEMO@school.in",
    "blood_group": "Unkno",
    "student_image": "",
    "aadhar_card": "",
    "transfer_certificate": "",
    "due_amount": "0.00"
  }
},
{
  "model": "students.student",
  "pk": 7,
  "fields": {
    "created_at": "2025-08-04T20:57:43.267Z",
    "updated_at": "2025-09-10T06:32:09.370Z",
    "admission_number": "GVIS00006",
    "first_name": "PRANAV",
    "last_name": "KUMAR",
    "father_name": "RAJA SINGH",
    "mother_name": "BABITA",
    "date_of_birth": "2019-02-28",
    "date_of_admission": "2025-04-01",
    "aadhaar_number": "1234-5678-9876",
    "pen_number": "98765456789",
    "class_section": 11,
    "gender": "Male",
    "religion": "Hindu",
    "caste_category": "General",
    "address": "BHANDARI BELSAND",
    "mobile_number": "8857915326",
    "email": "DEMO@CO.IN",
    "blood_group": "Unkno",
    "student_image": "",
    "aadhar_card": "",
    "transfer_certificate": "",
    "due_amount": "0.00"
  }
},
{
  "model": "students.student",
  "pk": 10,
  "fields": {
    "created_at": "2025-08-04T20:57:43.267Z",
    "updated_at": "2025-09-10T06:32:09.376Z",
    "admission_number": "GVIS08002",
    "first_name": "JANVI",
    "last_name": "KUMARI",
    "father_name": "RAVINDRA SAH",
    "mother_name": "RAMKALI DEVI",
    "date_of_birth": "2011-12-20",
    "date_of_admission": "2025-04-01",
    "aadhaar_number": "1234-5678-9012",
    "pen_number": "98765456789",
    "class_section": 4,
    "gender": "Female",
    "religion": "Hindu",
    "caste_category": "EBC",
    "address": "MARAR JAFFARPUR BELSAND",
    "mobile_number": "8864092620",
    "email": "TEST@TE.IN",
    "blood_group": "Unkno",
    "student_image": "",
    "aadhar_card": "",
    "transfer_certificate": "",
    "due_amount": "0.00"
  }
},
{
  "model": "students.student",
  "pk": 11,
  "fields": {
    "created_at": "2025-08-04T20:57:43.267Z",
    "updated_at": "2025-09-10T06:32:09.383Z",
    "admission_number": "GVIS07001",
    "first_name": "AANYA",
    "last_name": "KUMARI",
    "father_name": "JAYSHANKAR SAH",
    "mother_name": "SUNITA KUMARI",
    "date_of_birth": "2013-07-29",
    "date_of_admission": "2025-07-20",
    "aadhaar_number": "2348-5359-2848",
    "pen_number": "23498656123",
    "class_section": 5,
    "gender": "Female",
    "religion": "Hindu",
    "caste_category": "EBC",
    "address": "MADHKAUL JAFFARPUR BELSAND SITAMADHI . PIN. 843316",
    "mobile_number": "9934532661",
    "email": "TEAST@CO.com",
    "blood_group": "B+",
    "student_image": "",
    "aadhar_card": "",
    "transfer_certificate": "",
    "due_amount": "0.00"
  }
},
{
  "model": "students.student",
  "pk": 12,
  "fields": {
    "created_at": "2025-08-04T20:57:43.267Z",
    "updated_at": "2025-09-11T09:02:15.730Z",
    "admission_number": "GVIS08001",
    "first_name": "SHRUTI",
    "last_name": "PRIYA",
    "father_name": "MITARAM SAH",
    "mother_name": "MUNNI SAH",
    "date_of_birth": "2008-08-31",
    "date_of_admission": "2025-07-20",
    "aadhaar_number": "0987-0506-1256",
    "pen_number": "23145617851",
    "class_section": 1,
    "gender": "Female",
    "religion": "Hindu",
    "caste_category": "EBC",
    "address": "MATHKAUL, JAFFARPUR BELSAND , SITAMARHI",
    "mobile_number": "8097609981",
    "email": "JUSTTEST12@GMAIL.COM",
    "blood_group": "UNKN",
    "student_image": "",
    "aadhar_card": "",
    "transfer_certificate": "",
    "due_amount": "2500.00"
  }
},
{
  "model": "students.student",
  "pk": 13,
  "fields": {
    "created_at": "2025-08-04T20:57:43.267Z",
    "updated_at": "2025-09-10T06:32:09.395Z",
    "admission_number": "GVIS05001",
    "first_name": "ANJALI",
    "last_name": "JHA",
    "father_name": "DINKAR JHA",
    "mother_name": "MADHU JHA",
    "date_of_birth": "2014-08-12",
    "date_of_admission": "2025-07-20",
    "aadhaar_number": "7902-3296-2991",
    "pen_number": "45623879614",
    "class_section": 6,
    "gender": "Female",
    "religion": "Hindu",
    "caste_category": "General",
    "address": "VILL-HANSAWR, WARD NO.-06, P.O-TARIYANI-CHAPRA,SITAMARHI.",
    "mobile_number": "9708521219",
    "email": "ANJALI5@GMAIL.COM",
    "blood_group": "Unkno",
    "student_image": "",
    "aadhar_card": "",
    "transfer_certificate": "",
    "due_amount": "0.00"
  }
},
{
  "model": "students.student",
  "pk": 14,
  "fields": {
    "created_at": "2025-08-04T20:57:43.267Z",
    "updated_at": "2025-09-10T06:32:09.402Z",
    "admission_number": "GVIS07002",
    "first_name": "SHIVANI",
    "last_name": "KUMARI",
    "father_name": "CHITRANJAN SAH",
    "mother_name": "RUKMINI KUMARI",
    "date_of_birth": "2011-12-16",
    "date_of_admission": "2025-07-20",
    "aadhaar_number": "4356-2348-6784",
    "pen_number": "14579236094",
    "class_section": 4,
    "gender": "Female",
    "religion": "Hindu",
    "caste_category": "EBC",
    "address": "MADHKAUL, JAFARPUR, BELSAND, SITAMADHI PIN-843316",
    "mobile_number": "9031872720",
    "email": "SHIVANI@CO.IN",
    "blood_group": "A+",
    "student_image": "",
    "aadhar_card": "",
    "transfer_certificate": "",
    "due_amount": "0.00"
  }
},
{
  "model": "students.student",
  "pk": 15,
  "fields": {
    "created_at": "2025-08-04T20:57:43.267Z",
    "updated_at": "2025-09-10T06:32:09.408Z",
    "admission_number": "GVIS05003",
    "first_name": "KHUSHBU",
    "last_name": "KUMARI",
    "father_name": "RAKESH KUMAR YADAV",
    "mother_name": "AASH DEVI",
    "date_of_birth": "2012-12-14",
    "date_of_admission": "2025-07-20",
    "aadhaar_number": "6934-0464-3148",
    "pen_number": "90865375859",
    "class_section": 5,
    "gender": "Female",
    "religion": "Hindu",
    "caste_category": "OBC",
    "address": "VILLI-RUPALI, P.O-SAULI, P.S- TARIYANI CHHAPRA ;DIST- SITAMARHI",
    "mobile_number": "8969636364",
    "email": "KHUSHBU05@GMAIL.COM",
    "blood_group": "Unkno",
    "student_image": "",
    "aadhar_card": "",
    "transfer_certificate": "",
    "due_amount": "0.00"
  }
},
{
  "model": "students.student",
  "pk": 16,
  "fields": {
    "created_at": "2025-08-04T20:57:43.267Z",
    "updated_at": "2025-09-10T06:32:09.414Z",
    "admission_number": "GVIS07003",
    "first_name": "ANKITA",
    "last_name": "SAH",
    "father_name": "MITARAM SAH",
    "mother_name": "MUNNI SAH",
    "date_of_birth": "2011-07-18",
    "date_of_admission": "2025-07-20",
    "aadhaar_number": "5346-7321-8964",
    "pen_number": "67821950232",
    "class_section": 2,
    "gender": "Female",
    "religion": "Hindu",
    "caste_category": "EBC",
    "address": "MADHUKAUL, JAFARPUR, BELSAND, SITAMADHI PIN-843316",
    "mobile_number": "9545114347",
    "email": "ANKITA@CO.IN",
    "blood_group": "B+",
    "student_image": "",
    "aadhar_card": "",
    "transfer_certificate": "",
    "due_amount": "0.00"
  }
},
{
  "model": "students.student",
  "pk": 17,
  "fields": {
    "created_at": "2025-08-04T20:57:43.267Z",
    "updated_at": "2025-09-10T06:32:09.420Z",
    "admission_number": "GVIS05004",
    "first_name": "KHUSHBU",
    "last_name": "KUMARI",
    "father_name": "RAKESH KUMAR YADAV",
    "mother_name": "AASH DEVI",
    "date_of_birth": "2012-12-12",
    "date_of_admission": "2025-07-20",
    "aadhaar_number": "6934-0464-3149",
    "pen_number": "90865375859",
    "class_section": 5,
    "gender": "Female",
    "religion": "Hindu",
    "caste_category": "OBC",
    "address": "VILLI-RUPALI, P.O-SAULI, P.S- TARIYANI CHHAPRA ;DIST- SITAMARHI",
    "mobile_number": "8969636364",
    "email": "KHUSHBU05@GMAIL.COM",
    "blood_group": "Unkno",
    "student_image": "",
    "aadhar_card": "",
    "transfer_certificate": "",
    "due_amount": "0.00"
  }
},
{
  "model": "students.student",
  "pk": 18,
  "fields": {
    "created_at": "2025-08-04T20:57:43.267Z",
    "updated_at": "2025-09-10T06:32:09.427Z",
    "admission_number": "GVIS07004",
    "first_name": "VAANEE",
    "last_name": "KUMARI",
    "father_name": "RAVINDRA SHA",
    "mother_name": "RAMKALI DEVI",
    "date_of_birth": "2013-06-22",
    "date_of_admission": "2025-07-20",
    "aadhaar_number": "5467-9821-7482",
    "pen_number": "65980234569",
    "class_section": 5,
    "gender": "Female",
    "religion": "Hindu",
    "caste_category": "EBC",
    "address": "MARAR, JAFARPUR, BELSAND, SITAMADHI PIN-843316",
    "mobile_number": "8864092620",
    "email": "VAANEE@CO.IN",
    "blood_group": "B+",
    "student_image": "",
    "aadhar_card": "",
    "transfer_certificate": "",
    "due_amount": "0.00"
  }
},
{
  "model": "students.student",
  "pk": 19,
  "fields": {
    "created_at": "2025-08-04T20:57:43.267Z",
    "updated_at": "2025-09-10T06:32:09.432Z",
    "admission_number": "GVIS05007",
    "first_name": "LALTI",
    "last_name": "KUMAR",
    "father_name": "BIGU SAH",
    "mother_name": "GITTA DEVI",
    "date_of_birth": "2025-07-20",
    "date_of_admission": "2025-07-20",
    "aadhaar_number": "4083-7361-7118",
    "pen_number": "27435756838",
    "class_section": 12,
    "gender": "Male",
    "religion": "Hindu",
    "caste_category": "OBC",
    "address": "VILLI+P.O+P.S- TARIYANI CHHAPRA, DIST :- SHEOHAR",
    "mobile_number": "8873873931",
    "email": "LALTI13@GMAIL.COM",
    "blood_group": "UNKN",
    "student_image": "",
    "aadhar_card": "",
    "transfer_certificate": "",
    "due_amount": "0.00"
  }
},
{
  "model": "students.student",
  "pk": 20,
  "fields": {
    "created_at": "2025-08-04T20:57:43.267Z",
    "updated_at": "2025-09-10T06:32:09.439Z",
    "admission_number": "GVIS07005",
    "first_name": "PALAK",
    "last_name": "GUPTA",
    "father_name": "BAIJU KUMAR GUPTA",
    "mother_name": "RAGNI DEVI",
    "date_of_birth": "2013-06-04",
    "date_of_admission": "2025-07-20",
    "aadhaar_number": "7834-8654-1286",
    "pen_number": "34578901238",
    "class_section": 5,
    "gender": "Female",
    "religion": "Hindu",
    "caste_category": "EBC",
    "address": "MADHUKAUL, JAFARPUR, BELSAND, SITAMADHI PIN-843316",
    "mobile_number": "7898967312",
    "email": "PALAK@CO.IN",
    "blood_group": "B+",
    "student_image": "",
    "aadhar_card": "",
    "transfer_certificate": "",
    "due_amount": "0.00"
  }
},
{
  "model": "students.student",
  "pk": 21,
  "fields": {
    "created_at": "2025-08-04T20:57:43.267Z",
    "updated_at": "2025-09-10T06:32:09.446Z",
    "admission_number": "GVIS05008",
    "first_name": "SWATI",
    "last_name": "SINGH",
    "father_name": "BHARAT BHUSHAN SINGH",
    "mother_name": "KAJAL SINGH",
    "date_of_birth": "2014-07-15",
    "date_of_admission": "2025-07-20",
    "aadhaar_number": "7872-4049-3328",
    "pen_number": "22434757675",
    "class_section": 6,
    "gender": "Female",
    "religion": "Hindu",
    "caste_category": "General",
    "address": "VILL+P.O+P.S- TARIYANI CHAPRA.",
    "mobile_number": "9060523626",
    "email": "SWATI420@GMAIL.COM",
    "blood_group": "Unkno",
    "student_image": "",
    "aadhar_card": "",
    "transfer_certificate": "",
    "due_amount": "0.00"
  }
},
{
  "model": "students.student",
  "pk": 22,
  "fields": {
    "created_at": "2025-08-04T20:57:43.267Z",
    "updated_at": "2025-09-10T06:32:09.452Z",
    "admission_number": "GVIS07006",
    "first_name": "ASHIK",
    "last_name": "KUMAR",
    "father_name": "KANHAI MAHTO",
    "mother_name": "PINKI DEVI",
    "date_of_birth": "2011-12-04",
    "date_of_admission": "2025-07-20",
    "aadhaar_number": "8967-3465-9123",
    "pen_number": "43298756103",
    "class_section": 4,
    "gender": "Male",
    "religion": "Hindu",
    "caste_category": "EBC",
    "address": "MADHUKAUL, JAFARPUR, BELSAND, SITAMADHI PIN-843316",
    "mobile_number": "9065683756",
    "email": "ASHIK@CO.IN",
    "blood_group": "A+",
    "student_image": "",
    "aadhar_card": "",
    "transfer_certificate": "",
    "due_amount": "0.00"
  }
},
{
  "model": "students.student",
  "pk": 23,
  "fields": {
    "created_at": "2025-08-04T20:57:43.267Z",
    "updated_at": "2025-09-10T06:32:09.458Z",
    "admission_number": "GVIS05009",
    "first_name": "SURYA",
    "last_name": "KUMAR",
    "father_name": "BIDHI BHUSAN SINGH",
    "mother_name": "PRIYANK SINGH",
    "date_of_birth": "2014-08-04",
    "date_of_admission": "2025-07-20",
    "aadhaar_number": "7976-2096-4223",
    "pen_number": "38285796572",
    "class_section": 6,
    "gender": "Male",
    "religion": "Hindu",
    "caste_category": "General",
    "address": "VILL+P.O+P.S- TARIYANI CHAPRA. DISTRICT :- SHOHAR",
    "mobile_number": "9365902328",
    "email": "SURYA320@GMAIL.COM",
    "blood_group": "Unkno",
    "student_image": "",
    "aadhar_card": "",
    "transfer_certificate": "",
    "due_amount": "0.00"
  }
},
{
  "model": "students.student",
  "pk": 24,
  "fields": {
    "created_at": "2025-08-04T20:57:43.267Z",
    "updated_at": "2025-09-10T06:32:09.466Z",
    "admission_number": "GVIS07007",
    "first_name": "PRIYANSHI",
    "last_name": "KUMARI",
    "father_name": "KAMOD CHAUDHARY",
    "mother_name": "NUTAN DEVI",
    "date_of_birth": "2013-01-01",
    "date_of_admission": "2025-07-20",
    "aadhaar_number": "6578-2345-0976",
    "pen_number": "87503216784",
    "class_section": 5,
    "gender": "Female",
    "religion": "Hindu",
    "caste_category": "EBC",
    "address": "MADHUKAUL, JAFARPUR, BELSAND, SITAMADHI PIN-843316",
    "mobile_number": "7091436384",
    "email": "PRIYANSHI@CO.IN",
    "blood_group": "B-",
    "student_image": "",
    "aadhar_card": "",
    "transfer_certificate": "",
    "due_amount": "0.00"
  }
},
{
  "model": "students.student",
  "pk": 25,
  "fields": {
    "created_at": "2025-08-04T20:57:43.267Z",
    "updated_at": "2025-09-10T06:32:09.474Z",
    "admission_number": "GVIS05006",
    "first_name": "AMARDEEP",
    "last_name": "KUMAR",
    "father_name": "SURESH BAITHA",
    "mother_name": "LALITA DEVI",
    "date_of_birth": "2011-03-09",
    "date_of_admission": "2025-07-20",
    "aadhaar_number": "6934-0264-3144",
    "pen_number": "23764563442",
    "class_section": 2,
    "gender": "Male",
    "religion": "Hindu",
    "caste_category": "SC",
    "address": "VILL+P.O- JAHARPUR. PS- BELSAND, DIST:- SITAMARHI",
    "mobile_number": "8126991178",
    "email": "AMARDEEP360@GMAIL.COM",
    "blood_group": "Unkno",
    "student_image": "",
    "aadhar_card": "",
    "transfer_certificate": "",
    "due_amount": "0.00"
  }
},
{
  "model": "students.student",
  "pk": 26,
  "fields": {
    "created_at": "2025-08-04T20:57:43.267Z",
    "updated_at": "2025-09-10T06:32:09.481Z",
    "admission_number": "GVIS05000",
    "first_name": "PALAK",
    "last_name": "SINGH",
    "father_name": "PRIYESH SINGH",
    "mother_name": "NEHA SINGH",
    "date_of_birth": "2014-08-24",
    "date_of_admission": "2025-07-20",
    "aadhaar_number": "2777-3261-9793",
    "pen_number": "12837565467",
    "class_section": 6,
    "gender": "Female",
    "religion": "Hindu",
    "caste_category": "General",
    "address": "VILL+P.O+P.S- TARIYANI CHAPRA. DIST:- sheohar",
    "mobile_number": "9102765797",
    "email": "PALAK430@GMAIL.COM",
    "blood_group": "Unkno",
    "student_image": "",
    "aadhar_card": "",
    "transfer_certificate": "",
    "due_amount": "0.00"
  }
},
{
  "model": "students.student",
  "pk": 27,
  "fields": {
    "created_at": "2025-08-04T20:57:43.267Z",
    "updated_at": "2025-09-10T06:32:09.488Z",
    "admission_number": "GVIS06001",
    "first_name": "ANANYA",
    "last_name": "SINGH",
    "father_name": "AMOD SINGH",
    "mother_name": "KANCHAN DEVI",
    "date_of_birth": "2012-04-03",
    "date_of_admission": "2025-07-20",
    "aadhaar_number": "6798-3458-0943",
    "pen_number": "98745203465",
    "class_section": 4,
    "gender": "Female",
    "religion": "Hindu",
    "caste_category": "General",
    "address": "MADHUKAUL, JAFARPUR, BELSAND, SITAMADHI PIN-843316",
    "mobile_number": "6205394814",
    "email": "ANANYA@CO.IN",
    "blood_group": "B+",
    "student_image": "",
    "aadhar_card": "",
    "transfer_certificate": "",
    "due_amount": "0.00"
  }
},
{
  "model": "students.student",
  "pk": 28,
  "fields": {
    "created_at": "2025-08-04T20:57:43.267Z",
    "updated_at": "2025-09-10T06:32:09.495Z",
    "admission_number": "GVIS050000",
    "first_name": "MANVI",
    "last_name": "SINGH",
    "father_name": "DEEPAK SINGH",
    "mother_name": "ANJALI SINGH",
    "date_of_birth": "2014-08-20",
    "date_of_admission": "2025-07-20",
    "aadhaar_number": "8505-1934-9475",
    "pen_number": "23375643782",
    "class_section": 6,
    "gender": "Female",
    "religion": "Hindu",
    "caste_category": "General",
    "address": "VILL+P.O+P.S- TARIYANI CHAPRA. DIST:- sheohar",
    "mobile_number": "7464094216",
    "email": "MANVI340@GMAIL.COM",
    "blood_group": "Unkno",
    "student_image": "",
    "aadhar_card": "",
    "transfer_certificate": "",
    "due_amount": "0.00"
  }
},
{
  "model": "students.student",
  "pk": 29,
  "fields": {
    "created_at": "2025-08-04T20:57:43.267Z",
    "updated_at": "2025-09-10T06:32:09.501Z",
    "admission_number": "GVIS06002",
    "first_name": "PURNIMA",
    "last_name": "SINGH",
    "father_name": "SAROJ SINGH",
    "mother_name": "ALKA DEVI",
    "date_of_birth": "2012-01-19",
    "date_of_admission": "2025-07-20",
    "aadhaar_number": "6578-9804-2034",
    "pen_number": "34806912348",
    "class_section": 4,
    "gender": "Female",
    "religion": "Hindu",
    "caste_category": "General",
    "address": "MADHUKAUL, JAFARPUR, BELSAND, SITAMADHI PIN-843316",
    "mobile_number": "8294098876",
    "email": "PURNIMA@CO.IN",
    "blood_group": "B+",
    "student_image": "",
    "aadhar_card": "",
    "transfer_certificate": "",
    "due_amount": "0.00"
  }
},
{
  "model": "students.student",
  "pk": 30,
  "fields": {
    "created_at": "2025-08-04T20:57:43.267Z",
    "updated_at": "2025-09-10T06:32:09.507Z",
    "admission_number": "GVIS05005",
    "first_name": "ANKUR",
    "last_name": "KUMAR",
    "father_name": "RAM MANOHAR SINGH",
    "mother_name": "GURIYA DEVI",
    "date_of_birth": "2025-11-21",
    "date_of_admission": "2025-07-20",
    "aadhaar_number": "8682-0419-1144",
    "pen_number": "43857465432",
    "class_section": 13,
    "gender": "Male",
    "religion": "Hindu",
    "caste_category": "General",
    "address": "VILL- MADHKAUL, P.O- JATTARFUR - BELSAND, SITAMARHI",
    "mobile_number": "9931490284",
    "email": "ANKUR21@GMAIL.COM",
    "blood_group": "UNKN",
    "student_image": "",
    "aadhar_card": "",
    "transfer_certificate": "",
    "due_amount": "0.00"
  }
},
{
  "model": "students.student",
  "pk": 31,
  "fields": {
    "created_at": "2025-08-04T20:57:43.267Z",
    "updated_at": "2025-09-10T06:32:09.514Z",
    "admission_number": "GVIS06003",
    "first_name": "ANSHIL",
    "last_name": "KUMAR",
    "father_name": "MUKESH SINGH",
    "mother_name": "DEEPIKA SINGH",
    "date_of_birth": "2014-07-11",
    "date_of_admission": "2025-07-20",
    "aadhaar_number": "8906-8975-0321",
    "pen_number": "45627087654",
    "class_section": 6,
    "gender": "Male",
    "religion": "Hindu",
    "caste_category": "General",
    "address": "SAHIYARA, SITAMARHI",
    "mobile_number": "9113405754",
    "email": "ANSHIL@CO.IN",
    "blood_group": "B+",
    "student_image": "",
    "aadhar_card": "",
    "transfer_certificate": "",
    "due_amount": "0.00"
  }
},
{
  "model": "students.student",
  "pk": 32,
  "fields": {
    "created_at": "2025-08-04T20:57:43.267Z",
    "updated_at": "2025-09-10T06:32:09.520Z",
    "admission_number": "GVIS06004",
    "first_name": "PARIDHI",
    "last_name": "SINGH",
    "father_name": "KUNDAN SINGH",
    "mother_name": "PUJA SINGH",
    "date_of_birth": "2014-10-12",
    "date_of_admission": "2025-07-20",
    "aadhaar_number": "2345-7890-5671",
    "pen_number": "98704572317",
    "class_section": 7,
    "gender": "Female",
    "religion": "Hindu",
    "caste_category": "General",
    "address": "MADHUKAUL, JAFARPUR, BELSAND, SITAMADHI PIN-843316",
    "mobile_number": "7488613040",
    "email": "PARIDHI@CO.IN",
    "blood_group": "A+",
    "student_image": "",
    "aadhar_card": "",
    "transfer_certificate": "",
    "due_amount": "0.00"
  }
},
{
  "model": "students.student",
  "pk": 33,
  "fields": {
    "created_at": "2025-08-04T20:57:43.267Z",
    "updated_at": "2025-09-10T06:32:09.527Z",
    "admission_number": "GVIS050005",
    "first_name": "RAHUL",
    "last_name": "KUMAR",
    "father_name": "VIRENDRA CHAUDHARY",
    "mother_name": "RANI CHAUDHARY",
    "date_of_birth": "2025-07-20",
    "date_of_admission": "2025-09-02",
    "aadhaar_number": "5226-2250-4076",
    "pen_number": "45623879615",
    "class_section": 14,
    "gender": "Male",
    "religion": "Hindu",
    "caste_category": "OBC",
    "address": "VILL- MADHKAUL. P.O- JAHARPUR. P.S-BLESAND, SITAMARHI",
    "mobile_number": "8235694602",
    "email": "RAHUL420@GMAIL.COM",
    "blood_group": "UNKN",
    "student_image": "",
    "aadhar_card": "",
    "transfer_certificate": "",
    "due_amount": "0.00"
  }
},
{
  "model": "students.student",
  "pk": 34,
  "fields": {
    "created_at": "2025-08-04T20:57:43.267Z",
    "updated_at": "2025-09-10T06:32:09.533Z",
    "admission_number": "GVIS06005",
    "first_name": "AKASH",
    "last_name": "JHA",
    "father_name": "MUKESH JHA",
    "mother_name": "SUDHA JHA",
    "date_of_birth": "2014-04-24",
    "date_of_admission": "2025-07-20",
    "aadhaar_number": "7650-4578-2306",
    "pen_number": "67893459276",
    "class_section": 6,
    "gender": "Male",
    "religion": "Hindu",
    "caste_category": "General",
    "address": "TARIYANI,CHAPRA,BELSAND, SITAMARHI",
    "mobile_number": "6204088803",
    "email": "AKASH@CO.IN",
    "blood_group": "A+",
    "student_image": "",
    "aadhar_card": "",
    "transfer_certificate": "",
    "due_amount": "0.00"
  }
},
{
  "model": "students.student",
  "pk": 35,
  "fields": {
    "created_at": "2025-08-04T20:57:43.267Z",
    "updated_at": "2025-09-10T06:32:09.539Z",
    "admission_number": "GVIS06006",
    "first_name": "SONAKSHI",
    "last_name": "SINGH",
    "father_name": "SANTOSH SINGH",
    "mother_name": "PUNAM SINGH",
    "date_of_birth": "2012-07-01",
    "date_of_admission": "2025-07-20",
    "aadhaar_number": "9804-3691-6573",
    "pen_number": "45896763085",
    "class_section": 4,
    "gender": "Female",
    "religion": "Hindu",
    "caste_category": "General",
    "address": "TARIYANI CHOPRA, SHEOHAR PIN-843316",
    "mobile_number": "7369937574",
    "email": "SONAKSHI@CO.IN",
    "blood_group": "B+",
    "student_image": "",
    "aadhar_card": "",
    "transfer_certificate": "",
    "due_amount": "0.00"
  }
},
{
  "model": "students.student",
  "pk": 36,
  "fields": {
    "created_at": "2025-08-04T20:57:43.267Z",
    "updated_at": "2025-09-10T06:32:09.546Z",
    "admission_number": "GVIS06007",
    "first_name": "KHUSHBU",
    "last_name": "KUMARI",
    "father_name": "SHANKAR SAH",
    "mother_name": "CHANCHALA SINGH",
    "date_of_birth": "2010-11-14",
    "date_of_admission": "2025-07-20",
    "aadhaar_number": "9807-2568-7543",
    "pen_number": "37988408743",
    "class_section": 2,
    "gender": "Female",
    "religion": "Hindu",
    "caste_category": "General",
    "address": "MARA, KANSAR ,BELSAND,SITAMARHI PIN-843316",
    "mobile_number": "7462991617",
    "email": "KHUSHBU@CO.IN",
    "blood_group": "B+",
    "student_image": "",
    "aadhar_card": "",
    "transfer_certificate": "",
    "due_amount": "0.00"
  }
},
{
  "model": "students.student",
  "pk": 37,
  "fields": {
    "created_at": "2025-08-04T20:57:43.267Z",
    "updated_at": "2025-09-11T09:02:15.720Z",
    "admission_number": "GVIS04001",
    "first_name": "KUNDAN",
    "last_name": "SINGH",
    "father_name": "SANJEET SINGH",
    "mother_name": "MONI DEVI",
    "date_of_birth": "2025-06-11",
    "date_of_admission": "2025-07-20",
    "aadhaar_number": "2216-3031-6169",
    "pen_number": "21827464657",
    "class_section": 1,
    "gender": "Male",
    "religion": "Hindu",
    "caste_category": "General",
    "address": "VILL+P.O- TARIYANI CHHAPRA, P.S- TRIYANI CHHAPRA, DIST- SHEOHAR ( BIHAR )",
    "mobile_number": "8651548896",
    "email": "KUNDAN420@GMAIL.COM",
    "blood_group": "UNKN",
    "student_image": "",
    "aadhar_card": "",
    "transfer_certificate": "",
    "due_amount": "0.00"
  }
},
{
  "model": "students.student",
  "pk": 38,
  "fields": {
    "created_at": "2025-08-04T20:57:43.267Z",
    "updated_at": "2025-09-10T06:32:09.557Z",
    "admission_number": "GVIS06008",
    "first_name": "AJMERI",
    "last_name": "KHATOON",
    "father_name": "MD. SABIB",
    "mother_name": "JANISHA KHATOON",
    "date_of_birth": "2011-11-28",
    "date_of_admission": "2025-07-20",
    "aadhaar_number": "2367-8704-8095",
    "pen_number": "98720856276",
    "class_section": 4,
    "gender": "Female",
    "religion": "Muslim",
    "caste_category": "EBC",
    "address": "MADHUKAUL, JAFARPUR, BELSAND, SITAMADHI PIN-843316",
    "mobile_number": "7091393590",
    "email": "AJMERI@CO.IN",
    "blood_group": "A+",
    "student_image": "",
    "aadhar_card": "",
    "transfer_certificate": "",
    "due_amount": "0.00"
  }
},
{
  "model": "students.student",
  "pk": 39,
  "fields": {
    "created_at": "2025-08-04T20:57:43.267Z",
    "updated_at": "2025-09-10T06:32:09.564Z",
    "admission_number": "GVIS00007",
    "first_name": "VAISHNAVI",
    "last_name": "KUMARI",
    "father_name": "BALIRAM SINGH",
    "mother_name": "JULI DEVI",
    "date_of_birth": "2017-01-05",
    "date_of_admission": "2025-07-20",
    "aadhaar_number": "1234-5678-9876",
    "pen_number": "98765456789",
    "class_section": 9,
    "gender": "Female",
    "religion": "Hindu",
    "caste_category": "General",
    "address": "MASHKAUL JAFFARPUR BELSAND",
    "mobile_number": "7257042856",
    "email": "DEMO@bh.in",
    "blood_group": "Unkno",
    "student_image": "",
    "aadhar_card": "",
    "transfer_certificate": "",
    "due_amount": "0.00"
  }
},
{
  "model": "students.student",
  "pk": 40,
  "fields": {
    "created_at": "2025-08-04T20:57:43.267Z",
    "updated_at": "2025-09-10T06:32:09.571Z",
    "admission_number": "GVIS04002",
    "first_name": "VISHAL",
    "last_name": "KUMAR",
    "father_name": "MUKESH SAH",
    "mother_name": "DRAUPATI DEVI",
    "date_of_birth": "2014-05-01",
    "date_of_admission": "2025-07-20",
    "aadhaar_number": "5047-2861-5113",
    "pen_number": "45623879613",
    "class_section": 6,
    "gender": "Male",
    "religion": "Hindu",
    "caste_category": "OBC",
    "address": "VILL- MATHKAUL, P.O- JAFFARPUR, P.S- TARIYANI BELSAND, DIST- SITAMARHI, ( BIHAR )",
    "mobile_number": "9781574265",
    "email": "vishal340@gmail.com",
    "blood_group": "Unkno",
    "student_image": "",
    "aadhar_card": "",
    "transfer_certificate": "",
    "due_amount": "0.00"
  }
},
{
  "model": "students.student",
  "pk": 41,
  "fields": {
    "created_at": "2025-08-04T20:57:43.267Z",
    "updated_at": "2025-09-10T06:32:09.576Z",
    "admission_number": "GVIS06009",
    "first_name": "ANUSHKA",
    "last_name": "KUMARI",
    "father_name": "UMESH SAH",
    "mother_name": "BACHICHI DEVI",
    "date_of_birth": "2011-11-11",
    "date_of_admission": "2025-07-20",
    "aadhaar_number": "8760-5874-3659",
    "pen_number": "98562532075",
    "class_section": 4,
    "gender": "Female",
    "religion": "Hindu",
    "caste_category": "EBC",
    "address": "MADHUKAUL, JAFARPUR, BELSAND, SITAMADHI PIN-843316",
    "mobile_number": "8002185862",
    "email": "ANUSHKA@CO.IN",
    "blood_group": "B-",
    "student_image": "",
    "aadhar_card": "",
    "transfer_certificate": "",
    "due_amount": "0.00"
  }
},
{
  "model": "students.student",
  "pk": 42,
  "fields": {
    "created_at": "2025-08-04T20:57:43.267Z",
    "updated_at": "2025-09-10T06:32:09.584Z",
    "admission_number": "GVIS00008",
    "first_name": "DILKHUSH",
    "last_name": "LUMAR",
    "father_name": "NANDLAL MAHTO",
    "mother_name": "PHOOL KUMARI DEVI",
    "date_of_birth": "2018-12-25",
    "date_of_admission": "2025-07-20",
    "aadhaar_number": "1234-5678-9876",
    "pen_number": "34806912348",
    "class_section": 11,
    "gender": "Male",
    "religion": "Hindu",
    "caste_category": "EBC",
    "address": "MADHKAUL BELSAND",
    "mobile_number": "9955652058",
    "email": "DEMO@bh.in",
    "blood_group": "Unkno",
    "student_image": "",
    "aadhar_card": "",
    "transfer_certificate": "",
    "due_amount": "0.00"
  }
},
{
  "model": "students.student",
  "pk": 43,
  "fields": {
    "created_at": "2025-08-04T20:57:43.267Z",
    "updated_at": "2025-09-10T06:32:09.590Z",
    "admission_number": "GVIS03001",
    "first_name": "SURCHI",
    "last_name": "KUMARI",
    "father_name": "KANHAI MAHTO",
    "mother_name": "PINKI DEVI",
    "date_of_birth": "2014-04-27",
    "date_of_admission": "2025-07-20",
    "aadhaar_number": "9866-8891-3322",
    "pen_number": "77888446590",
    "class_section": 6,
    "gender": "Female",
    "religion": "Hindu",
    "caste_category": "OBC",
    "address": "MADHUKAUL, JAFARPUR, BELSAND, SITAMADHI PIN-843316",
    "mobile_number": "9065683756",
    "email": "SURCHI@CO.IN",
    "blood_group": "O+",
    "student_image": "",
    "aadhar_card": "",
    "transfer_certificate": "",
    "due_amount": "0.00"
  }
},
{
  "model": "students.student",
  "pk": 44,
  "fields": {
    "created_at": "2025-08-04T20:57:43.267Z",
    "updated_at": "2025-09-10T06:32:09.596Z",
    "admission_number": "GVIS04003",
    "first_name": "SANDHYA",
    "last_name": "KUMARI",
    "father_name": "ANIL MANDAL",
    "mother_name": "CHANDRA DEVI",
    "date_of_birth": "2013-08-03",
    "date_of_admission": "2025-07-20",
    "aadhaar_number": "7225-4651-8511",
    "pen_number": "09864467446",
    "class_section": 5,
    "gender": "Female",
    "religion": "Hindu",
    "caste_category": "OBC",
    "address": "VILL+P.0- TARIYANI CHHAPRA, P.S- TARIYANI CHHAPRA, DIST- SHEOHAR, PIN CODE - 843316, ( BIHAR ) .",
    "mobile_number": "8235694602",
    "email": "SANDHYA12@GMAIL.COM",
    "blood_group": "Unkno",
    "student_image": "",
    "aadhar_card": "",
    "transfer_certificate": "",
    "due_amount": "0.00"
  }
},
{
  "model": "students.student",
  "pk": 45,
  "fields": {
    "created_at": "2025-08-04T20:57:43.267Z",
    "updated_at": "2025-09-10T06:32:09.602Z",
    "admission_number": "GVIS00009",
    "first_name": "RUDRAKSH",
    "last_name": "KUMAR",
    "father_name": "KUNDAN KUMAR SINGH",
    "mother_name": "MANISHA DEVI",
    "date_of_birth": "2016-01-01",
    "date_of_admission": "2025-07-20",
    "aadhaar_number": "1234-5678-9876",
    "pen_number": "98765456789",
    "class_section": 8,
    "gender": "Male",
    "religion": "Hindu",
    "caste_category": "General",
    "address": "DUMRA TARIYANI CHAPRA BELSAND",
    "mobile_number": "8780061053",
    "email": "DEMO@bh.in",
    "blood_group": "Unkno",
    "student_image": "",
    "aadhar_card": "",
    "transfer_certificate": "",
    "due_amount": "0.00"
  }
},
{
  "model": "students.student",
  "pk": 46,
  "fields": {
    "created_at": "2025-08-04T20:57:43.267Z",
    "updated_at": "2025-09-10T06:32:09.610Z",
    "admission_number": "GVIS00010",
    "first_name": "ARYAN",
    "last_name": "KUMAR",
    "father_name": "SUNIL KUMAR SHARAMA",
    "mother_name": "DOLLY DEVI",
    "date_of_birth": "2019-01-23",
    "date_of_admission": "2025-07-20",
    "aadhaar_number": "1234-5678-9876",
    "pen_number": "12345678901",
    "class_section": 11,
    "gender": "Male",
    "religion": "Hindu",
    "caste_category": "EBC",
    "address": "MADHKAUL BELSAND",
    "mobile_number": "8404919074",
    "email": "DEMO@bh.in",
    "blood_group": "Unkno",
    "student_image": "",
    "aadhar_card": "",
    "transfer_certificate": "",
    "due_amount": "0.00"
  }
},
{
  "model": "students.student",
  "pk": 47,
  "fields": {
    "created_at": "2025-08-04T20:57:43.267Z",
    "updated_at": "2025-09-10T06:32:09.617Z",
    "admission_number": "GVIS04004",
    "first_name": "ARTI",
    "last_name": "KUMARI",
    "father_name": "SHANKAR SAH",
    "mother_name": "CHANCHLA DEVI",
    "date_of_birth": "2012-03-17",
    "date_of_admission": "2025-07-20",
    "aadhaar_number": "6466-9408-8118",
    "pen_number": "45623879614",
    "class_section": 4,
    "gender": "Female",
    "religion": "Hindu",
    "caste_category": "OBC",
    "address": "VILL- MARAR, P.S- BELSAND, SITAMARHI, ( BIHAR )",
    "mobile_number": "9199327864",
    "email": "ARTI34@GMAIL.COM",
    "blood_group": "Unkno",
    "student_image": "",
    "aadhar_card": "",
    "transfer_certificate": "",
    "due_amount": "0.00"
  }
},
{
  "model": "students.student",
  "pk": 48,
  "fields": {
    "created_at": "2025-08-04T20:57:43.267Z",
    "updated_at": "2025-09-10T06:32:09.624Z",
    "admission_number": "GVIS03002",
    "first_name": "SANAYA",
    "last_name": "KUMARI",
    "father_name": "BHOLA MANDAL",
    "mother_name": "JYOTI DEVI",
    "date_of_birth": "2015-08-06",
    "date_of_admission": "2025-07-20",
    "aadhaar_number": "3488-4466-7601",
    "pen_number": "87654905472",
    "class_section": 7,
    "gender": "Female",
    "religion": "Hindu",
    "caste_category": "EBC",
    "address": "TARIYANI CHHAPRA , SHEOHAR PIN-843316",
    "mobile_number": "9507890568",
    "email": "SANAYA@CO.IN",
    "blood_group": "B+",
    "student_image": "",
    "aadhar_card": "",
    "transfer_certificate": "",
    "due_amount": "0.00"
  }
},
{
  "model": "students.student",
  "pk": 49,
  "fields": {
    "created_at": "2025-08-04T20:57:43.267Z",
    "updated_at": "2025-09-10T06:32:09.631Z",
    "admission_number": "GVIS04005",
    "first_name": "NIDHI",
    "last_name": "JHA",
    "father_name": "PALAK RANJAN JHA",
    "mother_name": "RANJNA JHA",
    "date_of_birth": "2015-02-01",
    "date_of_admission": "2025-07-20",
    "aadhaar_number": "5591-4175-5786",
    "pen_number": "22434757672",
    "class_section": 7,
    "gender": "Female",
    "religion": "Hindu",
    "caste_category": "General",
    "address": "VILL- HANSAUR, P.O- TARIYANI, TARIYANI CHHAPRA, P.S- BELSAND, SITAMARHI, ( BIHAR )",
    "mobile_number": "7480950731",
    "email": "NIDHI42@GMAIL.COM",
    "blood_group": "Unkno",
    "student_image": "",
    "aadhar_card": "",
    "transfer_certificate": "",
    "due_amount": "0.00"
  }
},
{
  "model": "students.student",
  "pk": 50,
  "fields": {
    "created_at": "2025-08-04T20:57:43.267Z",
    "updated_at": "2025-09-10T06:32:09.638Z",
    "admission_number": "GVIS03003",
    "first_name": "SATYAM",
    "last_name": "KUMAR",
    "father_name": "SUJEET THAKUR",
    "mother_name": "SONI DEVI",
    "date_of_birth": "2013-07-20",
    "date_of_admission": "2025-07-20",
    "aadhaar_number": "8809-6698-5673",
    "pen_number": "99886747623",
    "class_section": 2,
    "gender": "Male",
    "religion": "Hindu",
    "caste_category": "General",
    "address": "TARIYANI CHHAPRA, SHEOHAR PIN-843316",
    "mobile_number": "8809480920",
    "email": "SATYAM@CO.IN",
    "blood_group": "B+",
    "student_image": "",
    "aadhar_card": "",
    "transfer_certificate": "",
    "due_amount": "0.00"
  }
},
{
  "model": "students.student",
  "pk": 51,
  "fields": {
    "created_at": "2025-08-04T20:57:43.267Z",
    "updated_at": "2025-09-10T06:32:09.644Z",
    "admission_number": "GVIS04006",
    "first_name": "NAMRTA",
    "last_name": "SINGH",
    "father_name": "ABHAY SINGH",
    "mother_name": "NIKKI DEVI",
    "date_of_birth": "2012-12-12",
    "date_of_admission": "2025-07-20",
    "aadhaar_number": "6934-0464-3147",
    "pen_number": "90865375359",
    "class_section": 5,
    "gender": "Female",
    "religion": "Hindu",
    "caste_category": "General",
    "address": "VILL- MATHKAUL, P.O- JAFFARPUR, P.S- BELSAND, DIST- SITAMARHI, ( BIHAR )",
    "mobile_number": "8873788176",
    "email": "NAMRTA22@GMAIL.COM",
    "blood_group": "Unkno",
    "student_image": "",
    "aadhar_card": "",
    "transfer_certificate": "",
    "due_amount": "0.00"
  }
},
{
  "model": "students.student",
  "pk": 52,
  "fields": {
    "created_at": "2025-08-04T20:57:43.267Z",
    "updated_at": "2025-09-10T06:32:09.651Z",
    "admission_number": "GVIS03004",
    "first_name": "SATYA",
    "last_name": "PRAKASH",
    "father_name": "CHITRANJAN SAH",
    "mother_name": "RUKMANI KUMARI",
    "date_of_birth": "2015-03-24",
    "date_of_admission": "2025-07-20",
    "aadhaar_number": "8770-6581-8765",
    "pen_number": "99774667722",
    "class_section": 7,
    "gender": "Male",
    "religion": "Hindu",
    "caste_category": "EBC",
    "address": "MADHUKAUL, JAFARPUR, BELSAND, SITAMADHI PIN-843316",
    "mobile_number": "9031873720",
    "email": "SATYA@CO.IN",
    "blood_group": "O+",
    "student_image": "",
    "aadhar_card": "",
    "transfer_certificate": "",
    "due_amount": "0.00"
  }
},
{
  "model": "students.student",
  "pk": 53,
  "fields": {
    "created_at": "2025-08-04T20:57:43.267Z",
    "updated_at": "2025-09-10T06:32:09.657Z",
    "admission_number": "GVIS04007",
    "first_name": "PRACHI",
    "last_name": "SINGH",
    "father_name": "BENAM PAPA",
    "mother_name": "RAVINDRA SINGH",
    "date_of_birth": "2013-09-16",
    "date_of_admission": "2025-07-20",
    "aadhaar_number": "2350-7000-2771",
    "pen_number": "12837165467",
    "class_section": 6,
    "gender": "Female",
    "religion": "Hindu",
    "caste_category": "General",
    "address": "VILL- MATHKAUL, P.O- JAFFARPUR, P.S- TARIYANI BELSAND, DIST- SITAMARHI, ( BIHAR )",
    "mobile_number": "9102133399",
    "email": "PRACHI420@GMAIL.COM",
    "blood_group": "Unkno",
    "student_image": "",
    "aadhar_card": "",
    "transfer_certificate": "",
    "due_amount": "0.00"
  }
},
{
  "model": "students.student",
  "pk": 54,
  "fields": {
    "created_at": "2025-08-04T20:57:43.267Z",
    "updated_at": "2025-09-10T06:32:09.663Z",
    "admission_number": "GVIS03005",
    "first_name": "RAJAT",
    "last_name": "KUMAR",
    "father_name": "MUKESH SINGH",
    "mother_name": "RINKU DEVI",
    "date_of_birth": "2015-07-20",
    "date_of_admission": "2025-07-20",
    "aadhaar_number": "5670-7893-6571",
    "pen_number": "45618487349",
    "class_section": 8,
    "gender": "Male",
    "religion": "Hindu",
    "caste_category": "General",
    "address": "MADHUKAUL, JAFARPUR, BELSAND, SITAMADHI PIN-843316",
    "mobile_number": "9771397017",
    "email": "RAJAT@CO.IN",
    "blood_group": "B-",
    "student_image": "",
    "aadhar_card": "",
    "transfer_certificate": "",
    "due_amount": "0.00"
  }
},
{
  "model": "students.student",
  "pk": 55,
  "fields": {
    "created_at": "2025-08-04T20:57:43.267Z",
    "updated_at": "2025-09-10T06:32:09.670Z",
    "admission_number": "GVIS04008",
    "first_name": "KHUSHBU",
    "last_name": "KUMARI",
    "father_name": "BALIRAM SINGH",
    "mother_name": "JULI DEVI",
    "date_of_birth": "2025-07-20",
    "date_of_admission": "2025-07-20",
    "aadhaar_number": "8505-1924-9475",
    "pen_number": "23375641782",
    "class_section": 14,
    "gender": "Female",
    "religion": "Other",
    "caste_category": "Other",
    "address": "VILL- MATHKAUL, P.O- JAFFARPUR, P.S- TARIYANI BELSAND, DIST- SITAMARHI, ( BIHAR )",
    "mobile_number": "7257042856",
    "email": "KHUSHBU@GMAIL.COM",
    "blood_group": "UNKN",
    "student_image": "",
    "aadhar_card": "",
    "transfer_certificate": "",
    "due_amount": "0.00"
  }
},
{
  "model": "students.student",
  "pk": 56,
  "fields": {
    "created_at": "2025-08-04T20:57:43.267Z",
    "updated_at": "2025-09-10T06:32:09.675Z",
    "admission_number": "GVIS03006",
    "first_name": "RUHI",
    "last_name": "SINGH",
    "father_name": "NEERAJ SINGH",
    "mother_name": "SONI SINGH",
    "date_of_birth": "2014-11-13",
    "date_of_admission": "2025-07-20",
    "aadhaar_number": "8754-3451-8764",
    "pen_number": "76543892075",
    "class_section": 7,
    "gender": "Female",
    "religion": "Hindu",
    "caste_category": "General",
    "address": "DUMARA, BELSAND, SITAMARHI PIN-843316",
    "mobile_number": "8541923994",
    "email": "RUHI@CO.IN",
    "blood_group": "A+",
    "student_image": "",
    "aadhar_card": "",
    "transfer_certificate": "",
    "due_amount": "0.00"
  }
},
{
  "model": "students.student",
  "pk": 57,
  "fields": {
    "created_at": "2025-08-04T20:57:43.267Z",
    "updated_at": "2025-09-10T06:32:09.682Z",
    "admission_number": "GVIS040008",
    "first_name": "MONU",
    "last_name": "KUMAR",
    "father_name": "RAMESH SAH",
    "mother_name": "MINA DEVI",
    "date_of_birth": "2013-09-29",
    "date_of_admission": "2025-07-20",
    "aadhaar_number": "6037-6410-6590",
    "pen_number": "45622879614",
    "class_section": 6,
    "gender": "Male",
    "religion": "Hindu",
    "caste_category": "OBC",
    "address": "VILL- MATHKAUL, P.S- BELSAND, DIST- SITAMARHI, ( BIHAR )",
    "mobile_number": "8084778020",
    "email": "MONU34@GMAIL.COM",
    "blood_group": "Unkno",
    "student_image": "",
    "aadhar_card": "",
    "transfer_certificate": "",
    "due_amount": "0.00"
  }
},
{
  "model": "students.student",
  "pk": 58,
  "fields": {
    "created_at": "2025-08-04T20:57:43.267Z",
    "updated_at": "2025-09-10T06:32:09.688Z",
    "admission_number": "GVIS040009",
    "first_name": "ADARSH",
    "last_name": "KUMAR",
    "father_name": "RAMESH SAH",
    "mother_name": "ARTI DEVI",
    "date_of_birth": "2015-07-09",
    "date_of_admission": "2025-07-20",
    "aadhaar_number": "6943-4273-0257",
    "pen_number": "23145517651",
    "class_section": 7,
    "gender": "Male",
    "religion": "Hindu",
    "caste_category": "OBC",
    "address": "VILL- PARRAHI, P.O- KONSAR, P.S-  BELSAND, DIST- SITAMARHI, ( BIHAR )",
    "mobile_number": "8652493170",
    "email": "ADARSH420@GMAIL.COM",
    "blood_group": "Unkno",
    "student_image": "",
    "aadhar_card": "",
    "transfer_certificate": "",
    "due_amount": "0.00"
  }
},
{
  "model": "students.student",
  "pk": 59,
  "fields": {
    "created_at": "2025-08-04T20:57:43.267Z",
    "updated_at": "2025-09-10T06:32:09.695Z",
    "admission_number": "GVIS03007",
    "first_name": "NEHA",
    "last_name": "KUMARI",
    "father_name": "GULTEN DAS",
    "mother_name": "RENU DEVI",
    "date_of_birth": "2015-05-03",
    "date_of_admission": "2025-07-20",
    "aadhaar_number": "8876-8097-6043",
    "pen_number": "45759834002",
    "class_section": 7,
    "gender": "Female",
    "religion": "Hindu",
    "caste_category": "SC",
    "address": "MADHUKAUL, JAFARPUR, BELSAND, SITAMADHI PIN-843316",
    "mobile_number": "7547005334",
    "email": "NEHA@CO.IN",
    "blood_group": "AB+",
    "student_image": "",
    "aadhar_card": "",
    "transfer_certificate": "",
    "due_amount": "0.00"
  }
},
{
  "model": "students.student",
  "pk": 60,
  "fields": {
    "created_at": "2025-08-04T20:57:43.267Z",
    "updated_at": "2025-09-10T06:32:09.702Z",
    "admission_number": "GVIS03008",
    "first_name": "SHIVAM",
    "last_name": "KUMAR",
    "father_name": "RAVINDRA SAH",
    "mother_name": "RAMKALI DEVI",
    "date_of_birth": "2016-08-11",
    "date_of_admission": "2025-07-20",
    "aadhaar_number": "6609-0976-3241",
    "pen_number": "57453893267",
    "class_section": 9,
    "gender": "Male",
    "religion": "Hindu",
    "caste_category": "EBC",
    "address": "MARAR, JAFARPUR, BELSAND, SITAMADHI PIN-843316",
    "mobile_number": "8864092620",
    "email": "SHIVAMI@CO.IN",
    "blood_group": "B-",
    "student_image": "",
    "aadhar_card": "",
    "transfer_certificate": "",
    "due_amount": "0.00"
  }
},
{
  "model": "students.student",
  "pk": 61,
  "fields": {
    "created_at": "2025-08-04T20:57:43.267Z",
    "updated_at": "2025-09-10T06:32:09.709Z",
    "admission_number": "GVIS00011",
    "first_name": "AYUSH",
    "last_name": "KUMAR",
    "father_name": "RANJAN KUMAR",
    "mother_name": "SUJA DEVI",
    "date_of_birth": "2017-04-23",
    "date_of_admission": "2025-04-01",
    "aadhaar_number": null,
    "pen_number": "12237565467",
    "class_section": 9,
    "gender": "Male",
    "religion": "Hindu",
    "caste_category": "Other",
    "address": "VILL- MADHKAUL, P.O- JAFFARPUR, P.S- BELSAND, DIST- SITAMARHI.",
    "mobile_number": "9546653764",
    "email": "AYUSH34@GMAIL.COM",
    "blood_group": "Unkno",
    "student_image": "",
    "aadhar_card": "",
    "transfer_certificate": "",
    "due_amount": "0.00"
  }
},
{
  "model": "students.student",
  "pk": 62,
  "fields": {
    "created_at": "2025-08-04T20:57:43.267Z",
    "updated_at": "2025-09-10T06:32:09.716Z",
    "admission_number": "GVIS03009",
    "first_name": "ANAND",
    "last_name": "KUMAR",
    "father_name": "ALIK SINGH",
    "mother_name": "REETAM DEVI",
    "date_of_birth": "2015-04-14",
    "date_of_admission": "2025-04-01",
    "aadhaar_number": "5566-4830-9865",
    "pen_number": "32781324769",
    "class_section": 7,
    "gender": "Male",
    "religion": "Hindu",
    "caste_category": "EBC",
    "address": "TARIYANT CHHAPRA, SHEOHAR PIN-843316",
    "mobile_number": "9077704991",
    "email": "ANAND@CO.IN",
    "blood_group": "O+",
    "student_image": "",
    "aadhar_card": "",
    "transfer_certificate": "",
    "due_amount": "0.00"
  }
},
{
  "model": "students.student",
  "pk": 63,
  "fields": {
    "created_at": "2025-08-04T20:57:43.267Z",
    "updated_at": "2025-09-10T06:32:09.722Z",
    "admission_number": "GVIS0002",
    "first_name": "M.D ADIL",
    "last_name": "RAJA",
    "father_name": "M.D JULPHEKAR MANSURI",
    "mother_name": "RAWANA DEVI",
    "date_of_birth": "2017-04-24",
    "date_of_admission": "2025-04-01",
    "aadhaar_number": "8535-1934-9475",
    "pen_number": "23335643782",
    "class_section": 9,
    "gender": "Male",
    "religion": "Muslim",
    "caste_category": "Other",
    "address": "VILL- MADHKAUL, P.O- JAFFARPUR, P.S- BELSAND, DIST- SITAMARHI.",
    "mobile_number": "9682679455",
    "email": "ADIL33@GMAIL.COM",
    "blood_group": "Unkno",
    "student_image": "",
    "aadhar_card": "",
    "transfer_certificate": "",
    "due_amount": "0.00"
  }
},
{
  "model": "students.student",
  "pk": 64,
  "fields": {
    "created_at": "2025-08-04T20:57:43.267Z",
    "updated_at": "2025-09-10T06:32:09.728Z",
    "admission_number": "GVIS03010",
    "first_name": "SWETA",
    "last_name": "KUMARI",
    "father_name": "RAJESH MAHTO",
    "mother_name": "GEETA KUMARI",
    "date_of_birth": "2016-02-22",
    "date_of_admission": "2025-04-01",
    "aadhaar_number": "7876-9850-3453",
    "pen_number": "65534378999",
    "class_section": 8,
    "gender": "Female",
    "religion": "Hindu",
    "caste_category": "OBC",
    "address": "MADHUKAUL, JAFARPUR, BELSAND, SITAMADHI PIN-843316",
    "mobile_number": "9540853368",
    "email": "SWETAI@CO.IN",
    "blood_group": "B+",
    "student_image": "",
    "aadhar_card": "",
    "transfer_certificate": "",
    "due_amount": "0.00"
  }
},
{
  "model": "students.student",
  "pk": 65,
  "fields": {
    "created_at": "2025-08-04T20:57:43.267Z",
    "updated_at": "2025-09-10T06:32:09.734Z",
    "admission_number": "GVIS0003",
    "first_name": "SATYAM",
    "last_name": "KUMAR",
    "father_name": "UDAY KUMAR",
    "mother_name": "RINKI DEVI",
    "date_of_birth": "2015-08-15",
    "date_of_admission": "2025-04-01",
    "aadhaar_number": null,
    "pen_number": "23315643782",
    "class_section": 7,
    "gender": "Male",
    "religion": "Hindu",
    "caste_category": "EBC",
    "address": "VILL- MADHKAUL, P.O- JAFFARPUR, P.S- BELSAND, DIST- SITAMARHI.",
    "mobile_number": "7031836785",
    "email": "SATYAM420@GMAIL.COM",
    "blood_group": "Unkno",
    "student_image": "",
    "aadhar_card": "",
    "transfer_certificate": "",
    "due_amount": "0.00"
  }
},
{
  "model": "students.student",
  "pk": 66,
  "fields": {
    "created_at": "2025-08-04T20:57:43.267Z",
    "updated_at": "2025-09-10T06:32:09.742Z",
    "admission_number": "GVIS0004",
    "first_name": "SANSKAR",
    "last_name": "KUMAR",
    "father_name": "RAHUL SINGH",
    "mother_name": "KRISHNA DEVI",
    "date_of_birth": "2018-10-14",
    "date_of_admission": "2025-04-01",
    "aadhaar_number": "8205-1934-9475",
    "pen_number": "22433757675",
    "class_section": 11,
    "gender": "Male",
    "religion": "Hindu",
    "caste_category": "General",
    "address": "VILL- MADHKAUL, P.O- JAFFARPUR, P.S- BELSAND, DIST- SITAMARHI.",
    "mobile_number": "6200669601",
    "email": "SANSKARJEE@GMAIL.COM",
    "blood_group": "Unkno",
    "student_image": "",
    "aadhar_card": "",
    "transfer_certificate": "",
    "due_amount": "0.00"
  }
},
{
  "model": "students.student",
  "pk": 67,
  "fields": {
    "created_at": "2025-08-04T20:57:43.267Z",
    "updated_at": "2025-09-10T06:32:09.748Z",
    "admission_number": "GVIS01001",
    "first_name": "PRACHI",
    "last_name": "KUMARI",
    "father_name": "RAJESH KUMAR SINGH",
    "mother_name": "ARCHNA DEVI",
    "date_of_birth": "2017-08-26",
    "date_of_admission": "2025-04-01",
    "aadhaar_number": "8863-8823-9921",
    "pen_number": "87340923959",
    "class_section": 9,
    "gender": "Female",
    "religion": "Hindu",
    "caste_category": "General",
    "address": "MARAR, JAFARPUR, BELSAND, SITAMADHI PIN-843316",
    "mobile_number": "6207274078",
    "email": "PRACHI@CO.IN",
    "blood_group": "B-",
    "student_image": "",
    "aadhar_card": "",
    "transfer_certificate": "",
    "due_amount": "0.00"
  }
},
{
  "model": "students.student",
  "pk": 68,
  "fields": {
    "created_at": "2025-08-04T20:57:43.267Z",
    "updated_at": "2025-09-10T06:32:09.754Z",
    "admission_number": "GVIS0005",
    "first_name": "PRINCE",
    "last_name": "KUMAR",
    "father_name": "SHANKAR SAH",
    "mother_name": "PHOOLO DEVI",
    "date_of_birth": "2015-11-23",
    "date_of_admission": "2025-04-01",
    "aadhaar_number": "7871-4049-3328",
    "pen_number": "12832565467",
    "class_section": 8,
    "gender": "Male",
    "religion": "Hindu",
    "caste_category": "OBC",
    "address": "VILL- MADHKAUL, P.O- JAFFARPUR, P.S- BELSAND, DIST- SITAMARHI.",
    "mobile_number": "9065070329",
    "email": "PRINCE45@GMAIL.COM",
    "blood_group": "Unkno",
    "student_image": "",
    "aadhar_card": "",
    "transfer_certificate": "",
    "due_amount": "0.00"
  }
},
{
  "model": "students.student",
  "pk": 69,
  "fields": {
    "created_at": "2025-08-04T20:57:43.267Z",
    "updated_at": "2025-09-10T06:32:09.759Z",
    "admission_number": "GVIS01002",
    "first_name": "SAKSHI",
    "last_name": "KUMARI",
    "father_name": "AMAR THAKUR",
    "mother_name": "AMANKA DEVI",
    "date_of_birth": "2016-08-13",
    "date_of_admission": "2025-04-01",
    "aadhaar_number": "7783-0974-3821",
    "pen_number": "88943290132",
    "class_section": 8,
    "gender": "Female",
    "religion": "Hindu",
    "caste_category": "General",
    "address": "MADHUKAUL, JAFARPUR, BELSAND, SITAMADHI PIN-843316",
    "mobile_number": "7543025326",
    "email": "SAKSHI@CO.IN",
    "blood_group": "O+",
    "student_image": "",
    "aadhar_card": "",
    "transfer_certificate": "",
    "due_amount": "0.00"
  }
},
{
  "model": "students.student",
  "pk": 70,
  "fields": {
    "created_at": "2025-08-04T20:57:43.267Z",
    "updated_at": "2025-09-10T06:32:09.766Z",
    "admission_number": "GVIS0011",
    "first_name": "PRIYANSHU",
    "last_name": "KUMAR",
    "father_name": "UMESH KUMAR",
    "mother_name": "SANJU DEVI",
    "date_of_birth": "2018-02-20",
    "date_of_admission": "2025-04-01",
    "aadhaar_number": "1234-5678-9876",
    "pen_number": "12345678901",
    "class_section": 10,
    "gender": "Male",
    "religion": "Hindu",
    "caste_category": "OBC",
    "address": "MARAR BELSAND",
    "mobile_number": "7562034985",
    "email": "DEMO@bh.in",
    "blood_group": "Unkno",
    "student_image": "",
    "aadhar_card": "",
    "transfer_certificate": "",
    "due_amount": "0.00"
  }
},
{
  "model": "students.student",
  "pk": 71,
  "fields": {
    "created_at": "2025-08-04T20:57:43.267Z",
    "updated_at": "2025-09-10T06:32:09.772Z",
    "admission_number": "GVIS0006",
    "first_name": "ARADHYA",
    "last_name": "KUMARI",
    "father_name": "DEEPLAL MAHTO",
    "mother_name": "AMRITA DEVI",
    "date_of_birth": "2018-04-01",
    "date_of_admission": "2015-04-01",
    "aadhaar_number": "7822-4049-3328",
    "pen_number": "92865375859",
    "class_section": 10,
    "gender": "Female",
    "religion": "Hindu",
    "caste_category": "OBC",
    "address": "VILL+P.O+P.S- TARIYANI CHHAPRA, DIST- SHEOHAR",
    "mobile_number": "9117795298",
    "email": "ARADHYA23@GMAIL.COM",
    "blood_group": "Unkno",
    "student_image": "",
    "aadhar_card": "",
    "transfer_certificate": "",
    "due_amount": "0.00"
  }
},
{
  "model": "students.student",
  "pk": 72,
  "fields": {
    "created_at": "2025-08-04T20:57:43.267Z",
    "updated_at": "2025-09-10T06:32:09.780Z",
    "admission_number": "GVIS01003",
    "first_name": "SONAKSHI",
    "last_name": "KUMARI",
    "father_name": "RAKESH MAHTO",
    "mother_name": "KANCHAN DEVI",
    "date_of_birth": "2016-02-11",
    "date_of_admission": "2025-04-01",
    "aadhaar_number": "8730-6694-4812",
    "pen_number": "87347897897",
    "class_section": 8,
    "gender": "Female",
    "religion": "Hindu",
    "caste_category": "OBC",
    "address": "MARAR, JAFARPUR, BELSAND, SITAMADHI PIN-843316",
    "mobile_number": "8228960742",
    "email": "SONA@CO.IN",
    "blood_group": "B+",
    "student_image": "",
    "aadhar_card": "",
    "transfer_certificate": "",
    "due_amount": "0.00"
  }
},
{
  "model": "students.student",
  "pk": 73,
  "fields": {
    "created_at": "2025-08-04T20:57:43.267Z",
    "updated_at": "2025-09-10T06:32:09.786Z",
    "admission_number": "GVIS0007",
    "first_name": "NANDANI",
    "last_name": "KUMARI",
    "father_name": "SUSHIL SAH",
    "mother_name": "PRIYANKA DEVI",
    "date_of_birth": "2016-03-24",
    "date_of_admission": "2025-04-01",
    "aadhaar_number": null,
    "pen_number": "45633879614",
    "class_section": 8,
    "gender": "Female",
    "religion": "Hindu",
    "caste_category": "OBC",
    "address": "VILL- RUPALI, P.O- SAULI, P.S- TRIYANA CHHAPRA, DIST- SITAMARHI.",
    "mobile_number": "7715836746",
    "email": "NANDU420@GMAIL.COM",
    "blood_group": "Unkno",
    "student_image": "",
    "aadhar_card": "",
    "transfer_certificate": "",
    "due_amount": "0.00"
  }
},
{
  "model": "students.student",
  "pk": 74,
  "fields": {
    "created_at": "2025-08-04T20:57:43.267Z",
    "updated_at": "2025-09-10T06:32:09.794Z",
    "admission_number": "GVIS0012",
    "first_name": "HARISH",
    "last_name": "MURTUZA",
    "father_name": "MD MUTUZA",
    "mother_name": "SAMINA KHATUN",
    "date_of_birth": "2018-08-29",
    "date_of_admission": "2025-04-01",
    "aadhaar_number": "1234-5678-9876",
    "pen_number": "12345678901",
    "class_section": 10,
    "gender": "Male",
    "religion": "Muslim",
    "caste_category": "General",
    "address": "MADHAKUL BELSAND",
    "mobile_number": "8491892337",
    "email": "DEMO@bh.in",
    "blood_group": "Unkno",
    "student_image": "",
    "aadhar_card": "",
    "transfer_certificate": "",
    "due_amount": "0.00"
  }
},
{
  "model": "students.student",
  "pk": 75,
  "fields": {
    "created_at": "2025-08-04T20:57:43.267Z",
    "updated_at": "2025-09-10T06:32:09.800Z",
    "admission_number": "GVIS0008",
    "first_name": "SAKSHI",
    "last_name": "KUMARI",
    "father_name": "BIYAN SAH",
    "mother_name": "SANGITA DEVI",
    "date_of_birth": "2015-12-04",
    "date_of_admission": "2025-01-04",
    "aadhaar_number": "8502-1934-9475",
    "pen_number": "45622879614",
    "class_section": 8,
    "gender": "Female",
    "religion": "Hindu",
    "caste_category": "OBC",
    "address": "VILL- MADHKAUL, P.O- JAFFARPUR, P.S- BELSAND, DIST- SITAMARHI.",
    "mobile_number": "9354037975",
    "email": "SAKSHI420@GMAIL.COM",
    "blood_group": "Unkno",
    "student_image": "",
    "aadhar_card": "",
    "transfer_certificate": "",
    "due_amount": "0.00"
  }
},
{
  "model": "students.student",
  "pk": 76,
  "fields": {
    "created_at": "2025-08-04T20:57:43.267Z",
    "updated_at": "2025-09-10T06:32:09.807Z",
    "admission_number": "GVIS01004",
    "first_name": "KAJAL",
    "last_name": "KUMARI",
    "father_name": "SHYAM BABU SINHGH",
    "mother_name": "SAPNA SINGH",
    "date_of_birth": "2017-02-01",
    "date_of_admission": "2025-04-01",
    "aadhaar_number": "6784-9404-7563",
    "pen_number": "98340327965",
    "class_section": 9,
    "gender": "Female",
    "religion": "Hindu",
    "caste_category": "General",
    "address": "TARIYANI CHHAPRA SHEOHA",
    "mobile_number": "8800433595",
    "email": "KAJAL@CO.IN",
    "blood_group": "O-",
    "student_image": "",
    "aadhar_card": "",
    "transfer_certificate": "",
    "due_amount": "0.00"
  }
},
{
  "model": "students.student",
  "pk": 77,
  "fields": {
    "created_at": "2025-08-04T20:57:43.267Z",
    "updated_at": "2025-09-10T06:32:09.813Z",
    "admission_number": "GVIS0009",
    "first_name": "M.D SAMIULLAH",
    "last_name": "NO",
    "father_name": "M.D SAMIULLAH",
    "mother_name": "HALIMA KHATOON",
    "date_of_birth": "2013-05-07",
    "date_of_admission": "2025-04-01",
    "aadhaar_number": "2772-3261-9793",
    "pen_number": "12837565467",
    "class_section": 10,
    "gender": "Male",
    "religion": "Muslim",
    "caste_category": "Other",
    "address": "VILL- PARRAHI, P.O- KANSAR, P.S- BELSAND, DIST- SITAMARHI.",
    "mobile_number": "8340509603",
    "email": "ZIR34@GMAIL.COM",
    "blood_group": "UNKN",
    "student_image": "",
    "aadhar_card": "",
    "transfer_certificate": "",
    "due_amount": "0.00"
  }
},
{
  "model": "students.student",
  "pk": 78,
  "fields": {
    "created_at": "2025-08-04T20:57:43.267Z",
    "updated_at": "2025-09-10T06:32:09.819Z",
    "admission_number": "GVIS01005",
    "first_name": "PRIYANSHU",
    "last_name": "KUMAR",
    "father_name": "ABHAY SINGH",
    "mother_name": "NIKKI DEVI",
    "date_of_birth": "2014-11-28",
    "date_of_admission": "2025-04-01",
    "aadhaar_number": "6088-1190-3409",
    "pen_number": "76834209813",
    "class_section": 7,
    "gender": "Male",
    "religion": "Hindu",
    "caste_category": "General",
    "address": "MADHUKAUL, JAFARPUR, BELSAND, SITAMADHI PIN-843316",
    "mobile_number": "7383766852",
    "email": "PRIYANSHU@CO.IN",
    "blood_group": "A-",
    "student_image": "",
    "aadhar_card": "",
    "transfer_certificate": "",
    "due_amount": "0.00"
  }
},
{
  "model": "students.student",
  "pk": 79,
  "fields": {
    "created_at": "2025-08-04T20:57:43.267Z",
    "updated_at": "2025-09-10T06:32:09.826Z",
    "admission_number": "GVIS0013",
    "first_name": "ANUSHKA",
    "last_name": "SAH",
    "father_name": "RAKESH SAH",
    "mother_name": "KANCHAN DEVI",
    "date_of_birth": "2020-12-25",
    "date_of_admission": "2025-04-01",
    "aadhaar_number": "1234-5678-9876",
    "pen_number": "12345678901",
    "class_section": 14,
    "gender": "Female",
    "religion": "Hindu",
    "caste_category": "OBC",
    "address": "MARAR BELSAND",
    "mobile_number": "8228960742",
    "email": "DEMO@bh.in",
    "blood_group": "Unkno",
    "student_image": "",
    "aadhar_card": "",
    "transfer_certificate": "",
    "due_amount": "0.00"
  }
},
{
  "model": "students.student",
  "pk": 80,
  "fields": {
    "created_at": "2025-08-04T20:57:43.267Z",
    "updated_at": "2025-09-10T06:32:09.834Z",
    "admission_number": "GVIS0010",
    "first_name": "ANANYA",
    "last_name": "KUMARI",
    "father_name": "DINKAR JHA",
    "mother_name": "MADHU JHA",
    "date_of_birth": "2019-02-04",
    "date_of_admission": "2025-04-01",
    "aadhaar_number": "8565-1934-9475",
    "pen_number": "23374643782",
    "class_section": 11,
    "gender": "Female",
    "religion": "Hindu",
    "caste_category": "General",
    "address": "VILL+P.O+P.S-TARIYANI CHHAPRA , DIST- SHEOHAR.",
    "mobile_number": "7480950731",
    "email": "ANANYA03@GMAIL.COM",
    "blood_group": "UNKN",
    "student_image": "",
    "aadhar_card": "",
    "transfer_certificate": "",
    "due_amount": "0.00"
  }
},
{
  "model": "students.student",
  "pk": 81,
  "fields": {
    "created_at": "2025-08-04T20:57:43.267Z",
    "updated_at": "2025-09-10T06:32:09.840Z",
    "admission_number": "GVIS01006",
    "first_name": "UTKARSH",
    "last_name": "RAJ",
    "father_name": "KUNDAN SINGH",
    "mother_name": "POOJA SINGH",
    "date_of_birth": "2017-10-17",
    "date_of_admission": "2025-04-01",
    "aadhaar_number": "8477-6972-3680",
    "pen_number": "87946209289",
    "class_section": 10,
    "gender": "Male",
    "religion": "Hindu",
    "caste_category": "General",
    "address": "MADHUKAUL, JAFARPUR, BELSAND, SITAMADHI PIN-843316",
    "mobile_number": "9708006728",
    "email": "UTKARSH@CO.IN",
    "blood_group": "O+",
    "student_image": "",
    "aadhar_card": "",
    "transfer_certificate": "",
    "due_amount": "0.00"
  }
},
{
  "model": "students.student",
  "pk": 82,
  "fields": {
    "created_at": "2025-08-04T20:57:43.267Z",
    "updated_at": "2025-09-10T06:32:09.846Z",
    "admission_number": "GVIS01007",
    "first_name": "ARYAN",
    "last_name": "KUMAR",
    "father_name": "RAMNATH THAKUR",
    "mother_name": "AMBIKA DEVI",
    "date_of_birth": "2015-11-11",
    "date_of_admission": "2025-04-01",
    "aadhaar_number": "3441-3862-4817",
    "pen_number": "98023407939",
    "class_section": 8,
    "gender": "Male",
    "religion": "Hindu",
    "caste_category": "EBC",
    "address": "MARAR, JAFARPUR, BELSAND, SITAMADHI PIN-843316",
    "mobile_number": "7255069905",
    "email": "ARYAN@CO.IN",
    "blood_group": "AB-",
    "student_image": "",
    "aadhar_card": "",
    "transfer_certificate": "",
    "due_amount": "0.00"
  }
},
{
  "model": "students.student",
  "pk": 83,
  "fields": {
    "created_at": "2025-08-04T20:57:43.267Z",
    "updated_at": "2025-09-10T06:32:09.852Z",
    "admission_number": "GVIS01008",
    "first_name": "SHEKHAR",
    "last_name": "SUMAN",
    "father_name": "BIGU SAH",
    "mother_name": "GITA DEVI",
    "date_of_birth": "2016-03-06",
    "date_of_admission": "2025-04-01",
    "aadhaar_number": "3312-1751-8564",
    "pen_number": "87130932789",
    "class_section": 8,
    "gender": "Male",
    "religion": "Hindu",
    "caste_category": "OBC",
    "address": "TARIYANI CHHAPRA SHEOHAR",
    "mobile_number": "8873873931",
    "email": "SHAKNARI@CO.IN",
    "blood_group": "A+",
    "student_image": "",
    "aadhar_card": "",
    "transfer_certificate": "",
    "due_amount": "0.00"
  }
},
{
  "model": "students.student",
  "pk": 84,
  "fields": {
    "created_at": "2025-08-04T20:57:43.267Z",
    "updated_at": "2025-09-10T06:32:09.857Z",
    "admission_number": "GVIS01009",
    "first_name": "IMANSHU",
    "last_name": "RAJ",
    "father_name": "RANJEET BAITHA",
    "mother_name": "ANCHLA DEVI",
    "date_of_birth": "2014-10-30",
    "date_of_admission": "2025-04-01",
    "aadhaar_number": "2681-9629-5298",
    "pen_number": "78813890312",
    "class_section": 7,
    "gender": "Male",
    "religion": "Hindu",
    "caste_category": "OBC",
    "address": "TARIYANI CHHAPRA SHEOHAR",
    "mobile_number": "7091012202",
    "email": "HIMAN@CO.IN",
    "blood_group": "A+",
    "student_image": "",
    "aadhar_card": "",
    "transfer_certificate": "",
    "due_amount": "0.00"
  }
},
{
  "model": "students.student",
  "pk": 85,
  "fields": {
    "created_at": "2025-08-04T20:57:43.267Z",
    "updated_at": "2025-09-10T06:32:09.863Z",
    "admission_number": "GVIS0014",
    "first_name": "KUNG",
    "last_name": "SINGH",
    "father_name": "BHARAT SINGH",
    "mother_name": "SANJU DEVI",
    "date_of_birth": "2017-04-26",
    "date_of_admission": "2025-04-01",
    "aadhaar_number": "1234-5678-9876",
    "pen_number": "12345678901",
    "class_section": 9,
    "gender": "Male",
    "religion": "Hindu",
    "caste_category": "General",
    "address": "MARAR BELSAND",
    "mobile_number": "7654358978",
    "email": "DEMO@bh.in",
    "blood_group": "Unkno",
    "student_image": "",
    "aadhar_card": "",
    "transfer_certificate": "",
    "due_amount": "0.00"
  }
},
{
  "model": "students.student",
  "pk": 86,
  "fields": {
    "created_at": "2025-08-04T20:57:43.267Z",
    "updated_at": "2025-09-10T06:32:09.871Z",
    "admission_number": "GVIS01010",
    "first_name": "ARUHI",
    "last_name": "KUMARI",
    "father_name": "ANIL MANDAL",
    "mother_name": "CHANDA DEVI",
    "date_of_birth": "2015-01-28",
    "date_of_admission": "2025-04-01",
    "aadhaar_number": "2178-7374-2508",
    "pen_number": "87312894894",
    "class_section": 7,
    "gender": "Female",
    "religion": "Hindu",
    "caste_category": "OBC",
    "address": "TARIYANI CHHAPRA SHEOHAR",
    "mobile_number": "8235694602",
    "email": "ARUHI@CO.IN",
    "blood_group": "B+",
    "student_image": "",
    "aadhar_card": "",
    "transfer_certificate": "",
    "due_amount": "0.00"
  }
},
{
  "model": "students.student",
  "pk": 87,
  "fields": {
    "created_at": "2025-08-04T20:57:43.267Z",
    "updated_at": "2025-09-10T06:32:09.876Z",
    "admission_number": "GVIS0015",
    "first_name": "VEER",
    "last_name": "SINGH",
    "father_name": "SATISH SINGH",
    "mother_name": "NISHA DEVI",
    "date_of_birth": "2019-11-17",
    "date_of_admission": "2025-04-01",
    "aadhaar_number": "1234-5678-9876",
    "pen_number": null,
    "class_section": 12,
    "gender": "Male",
    "religion": "Hindu",
    "caste_category": "General",
    "address": "TARIYANI CHAPDA",
    "mobile_number": "7352485119",
    "email": "DEMO@bh.in",
    "blood_group": "Unkno",
    "student_image": "",
    "aadhar_card": "",
    "transfer_certificate": "",
    "due_amount": "0.00"
  }
},
{
  "model": "students.student",
  "pk": 88,
  "fields": {
    "created_at": "2025-08-04T20:57:43.267Z",
    "updated_at": "2025-09-10T06:32:09.883Z",
    "admission_number": "GVIS02001",
    "first_name": "BAJRANGI",
    "last_name": "KUMAR",
    "father_name": "CHINKU  MANDAL",
    "mother_name": "SITA DEVI",
    "date_of_birth": "2015-02-19",
    "date_of_admission": "2025-04-01",
    "aadhaar_number": "2233-8854-8672",
    "pen_number": "87324989138",
    "class_section": 7,
    "gender": "Male",
    "religion": "Hindu",
    "caste_category": "OBC",
    "address": "TARIYANI CHHAPRA SHEOHAR",
    "mobile_number": "7070542211",
    "email": "BAJRANGI@CO.IN",
    "blood_group": "O-",
    "student_image": "",
    "aadhar_card": "",
    "transfer_certificate": "",
    "due_amount": "0.00"
  }
},
{
  "model": "students.student",
  "pk": 89,
  "fields": {
    "created_at": "2025-08-04T20:57:43.267Z",
    "updated_at": "2025-09-10T06:32:09.889Z",
    "admission_number": "GVIS02002",
    "first_name": "KHUSHI",
    "last_name": "KUMARI",
    "father_name": "SARVESH PANDEY",
    "mother_name": "ASMITA BHARTI",
    "date_of_birth": "2015-02-12",
    "date_of_admission": "2025-04-01",
    "aadhaar_number": "2331-7681-7654",
    "pen_number": "87234099018",
    "class_section": 7,
    "gender": "Female",
    "religion": "Hindu",
    "caste_category": "General",
    "address": "MARAR, JAFARPUR, BELSAND, SITAMADHI PIN-843316",
    "mobile_number": "7079905726",
    "email": "KHUSHI@CO.IN",
    "blood_group": "A+",
    "student_image": "",
    "aadhar_card": "",
    "transfer_certificate": "",
    "due_amount": "0.00"
  }
},
{
  "model": "students.student",
  "pk": 90,
  "fields": {
    "created_at": "2025-08-04T20:57:43.267Z",
    "updated_at": "2025-09-10T06:32:09.897Z",
    "admission_number": "GVIS02003",
    "first_name": "SUNNY",
    "last_name": "KUMAR",
    "father_name": "MUNTUN MANDAL",
    "mother_name": "MIRA DEVI",
    "date_of_birth": "2016-12-08",
    "date_of_admission": "2025-01-04",
    "aadhaar_number": "6643-8721-8471",
    "pen_number": "72990298438",
    "class_section": 9,
    "gender": "Male",
    "religion": "Hindu",
    "caste_category": "OBC",
    "address": "TARIYANI CHHAPRA SHEOHAR",
    "mobile_number": "7829377271",
    "email": "SUNNY@CO.IN",
    "blood_group": "O-",
    "student_image": "",
    "aadhar_card": "",
    "transfer_certificate": "",
    "due_amount": "0.00"
  }
},
{
  "model": "students.student",
  "pk": 91,
  "fields": {
    "created_at": "2025-08-04T20:57:43.267Z",
    "updated_at": "2025-09-10T06:32:09.903Z",
    "admission_number": "GVIS0016",
    "first_name": "ARYAN",
    "last_name": "KUMAR",
    "father_name": "ROHIT MANDAL",
    "mother_name": "KAJAL DEVI",
    "date_of_birth": "2019-02-03",
    "date_of_admission": "2025-01-01",
    "aadhaar_number": "1234-5678-9876",
    "pen_number": "12345678901",
    "class_section": 11,
    "gender": "Male",
    "religion": "Hindu",
    "caste_category": "General",
    "address": "TARIYANI CHAPRA",
    "mobile_number": "9297632954",
    "email": "DEMO@bh.in",
    "blood_group": "Unkno",
    "student_image": "",
    "aadhar_card": "",
    "transfer_certificate": "",
    "due_amount": "0.00"
  }
},
{
  "model": "students.student",
  "pk": 92,
  "fields": {
    "created_at": "2025-08-04T20:57:43.267Z",
    "updated_at": "2025-09-10T06:32:09.910Z",
    "admission_number": "GVIS0017",
    "first_name": "ISHAN",
    "last_name": "SINGH",
    "father_name": "AKASH SINGH",
    "mother_name": "MAUSHAM DEVI",
    "date_of_birth": "2019-12-27",
    "date_of_admission": "2025-04-01",
    "aadhaar_number": "1234-5678-9876",
    "pen_number": "12345678901",
    "class_section": 12,
    "gender": "Male",
    "religion": "Hindu",
    "caste_category": "General",
    "address": "MADHKAUL",
    "mobile_number": "9534421102",
    "email": "DEMO@bh.in",
    "blood_group": "Unkno",
    "student_image": "",
    "aadhar_card": "",
    "transfer_certificate": "",
    "due_amount": "0.00"
  }
},
{
  "model": "students.student",
  "pk": 93,
  "fields": {
    "created_at": "2025-08-04T20:57:43.267Z",
    "updated_at": "2025-09-10T06:32:09.916Z",
    "admission_number": "GVIS02004",
    "first_name": "AMITESH",
    "last_name": "KUMAR",
    "father_name": "AMRMEDAR KUMAR",
    "mother_name": "AARTI DEVI",
    "date_of_birth": "2016-03-30",
    "date_of_admission": "2025-01-04",
    "aadhaar_number": "4250-3253-9751",
    "pen_number": "87290472091",
    "class_section": 8,
    "gender": "Male",
    "religion": "Hindu",
    "caste_category": "OBC",
    "address": "HANSHAUR , TARIYANI CHHAPRA SHEOHAR",
    "mobile_number": "9507726343",
    "email": "AMITESH@CO.IN",
    "blood_group": "O-",
    "student_image": "",
    "aadhar_card": "",
    "transfer_certificate": "",
    "due_amount": "0.00"
  }
},
{
  "model": "students.student",
  "pk": 94,
  "fields": {
    "created_at": "2025-08-04T20:57:43.267Z",
    "updated_at": "2025-09-10T06:32:09.922Z",
    "admission_number": "GVIS0018",
    "first_name": "PRITAM KUMAR",
    "last_name": "MANDAL",
    "father_name": "PRAKASH KR MANDAL",
    "mother_name": "RAGNI DEVI",
    "date_of_birth": "2018-10-30",
    "date_of_admission": "2025-04-01",
    "aadhaar_number": "1234-5678-9876",
    "pen_number": "12345678901",
    "class_section": 11,
    "gender": "Male",
    "religion": "Hindu",
    "caste_category": "OBC",
    "address": "TARIYANI CHHAPRA",
    "mobile_number": "8560041897",
    "email": "DEMO@bh.in",
    "blood_group": "Unkno",
    "student_image": "",
    "aadhar_card": "",
    "transfer_certificate": "",
    "due_amount": "0.00"
  }
},
{
  "model": "students.student",
  "pk": 95,
  "fields": {
    "created_at": "2025-08-04T20:57:43.267Z",
    "updated_at": "2025-09-10T06:32:09.928Z",
    "admission_number": "GVIS02005",
    "first_name": "TRISHA",
    "last_name": "KUMARI",
    "father_name": "DHARMENDRA SINGH",
    "mother_name": "SAVITA DEVI",
    "date_of_birth": "2016-06-25",
    "date_of_admission": "2025-04-01",
    "aadhaar_number": "8753-4811-8456",
    "pen_number": "87732947832",
    "class_section": 8,
    "gender": "Female",
    "religion": "Hindu",
    "caste_category": "General",
    "address": "MARAR, JAFARPUR, BELSAND, SITAMADHI PIN-843316",
    "mobile_number": "9708788872",
    "email": "TRISHA@CO.IN",
    "blood_group": "O-",
    "student_image": "",
    "aadhar_card": "",
    "transfer_certificate": "",
    "due_amount": "0.00"
  }
},
{
  "model": "students.student",
  "pk": 96,
  "fields": {
    "created_at": "2025-08-04T20:57:43.267Z",
    "updated_at": "2025-09-10T06:32:09.935Z",
    "admission_number": "GVIS0019",
    "first_name": "TANIYA",
    "last_name": "KUMARI",
    "father_name": "DEEPAK SAH",
    "mother_name": "BABITA DEVI",
    "date_of_birth": "2018-05-04",
    "date_of_admission": "2025-04-01",
    "aadhaar_number": "1234-5678-9876",
    "pen_number": "12345678901",
    "class_section": 10,
    "gender": "Female",
    "religion": "Hindu",
    "caste_category": "OBC",
    "address": "TARIYANI CHAPRA",
    "mobile_number": "8083667139",
    "email": "DEMO@bh.in",
    "blood_group": "Unkno",
    "student_image": "",
    "aadhar_card": "",
    "transfer_certificate": "",
    "due_amount": "0.00"
  }
},
{
  "model": "students.student",
  "pk": 97,
  "fields": {
    "created_at": "2025-08-04T20:57:43.267Z",
    "updated_at": "2025-09-10T06:32:09.942Z",
    "admission_number": "GVIS020036",
    "first_name": "ANUSHKA",
    "last_name": "KUMARI",
    "father_name": "PAPPU KUMAR SINGH",
    "mother_name": "GANITA DEVI",
    "date_of_birth": "2017-10-20",
    "date_of_admission": "2025-04-01",
    "aadhaar_number": "7439-7219-8291",
    "pen_number": "87924390301",
    "class_section": 10,
    "gender": "Female",
    "religion": "Hindu",
    "caste_category": "General",
    "address": "MARAR, JAFARPUR, BELSAND, SITAMADHI PIN-843316",
    "mobile_number": "9122870637",
    "email": "ANUSHKA@CO.IN",
    "blood_group": "A+",
    "student_image": "",
    "aadhar_card": "",
    "transfer_certificate": "",
    "due_amount": "0.00"
  }
},
{
  "model": "students.student",
  "pk": 98,
  "fields": {
    "created_at": "2025-08-04T20:57:43.267Z",
    "updated_at": "2025-09-10T06:32:09.957Z",
    "admission_number": "GVIS0020",
    "first_name": "ANURADHA",
    "last_name": "SINGH",
    "father_name": "RAJESH SINGH",
    "mother_name": "KHUSHBU DEVI",
    "date_of_birth": "2019-12-15",
    "date_of_admission": "2025-04-01",
    "aadhaar_number": "1234-5678-9876",
    "pen_number": "12345678901",
    "class_section": 12,
    "gender": "Female",
    "religion": "Hindu",
    "caste_category": "General",
    "address": "TARIYANI CHHAPRA",
    "mobile_number": "7260939308",
    "email": "DEMO@bh.in",
    "blood_group": "Unkno",
    "student_image": "",
    "aadhar_card": "",
    "transfer_certificate": "",
    "due_amount": "0.00"
  }
},
{
  "model": "students.student",
  "pk": 99,
  "fields": {
    "created_at": "2025-08-04T20:57:43.267Z",
    "updated_at": "2025-09-10T06:32:09.965Z",
    "admission_number": "GVIS02007",
    "first_name": "PINU",
    "last_name": "SINGH",
    "father_name": "YIDHI BHUSHAN SINGH",
    "mother_name": "PRIYANKA SINGH",
    "date_of_birth": "2016-08-17",
    "date_of_admission": "2025-04-01",
    "aadhaar_number": "0248-9912-8349",
    "pen_number": "81222349348",
    "class_section": 8,
    "gender": "Female",
    "religion": "Hindu",
    "caste_category": "General",
    "address": "TARIYANI CHHAPRA SHEOHAR",
    "mobile_number": "9365902328",
    "email": "PINU@CO.IN",
    "blood_group": "AB+",
    "student_image": "",
    "aadhar_card": "",
    "transfer_certificate": "",
    "due_amount": "0.00"
  }
},
{
  "model": "students.student",
  "pk": 100,
  "fields": {
    "created_at": "2025-08-04T20:57:43.267Z",
    "updated_at": "2025-09-10T06:32:09.972Z",
    "admission_number": "GVIS02008",
    "first_name": "VIRAT",
    "last_name": "KUMAR",
    "father_name": "VIDHI BHUSHAN SINGH",
    "mother_name": "PRIYANKA SINGH",
    "date_of_birth": "2016-08-17",
    "date_of_admission": "2025-04-01",
    "aadhaar_number": "4019-0729-9288",
    "pen_number": "87923902398",
    "class_section": 8,
    "gender": "Male",
    "religion": "Hindu",
    "caste_category": "General",
    "address": "TARIYANI CHHAPRA SHEOHAR",
    "mobile_number": "9365902328",
    "email": "VIRAT@CO.IN",
    "blood_group": "A+",
    "student_image": "",
    "aadhar_card": "",
    "transfer_certificate": "",
    "due_amount": "0.00"
  }
},
{
  "model": "students.student",
  "pk": 101,
  "fields": {
    "created_at": "2025-08-04T20:57:43.267Z",
    "updated_at": "2025-09-10T06:32:09.980Z",
    "admission_number": "GVIS02009",
    "first_name": "SURYANSH",
    "last_name": "KUMAR",
    "father_name": "RANUJ KUMAR SINGH",
    "mother_name": "KRISHNA DEVI",
    "date_of_birth": "2016-02-02",
    "date_of_admission": "2025-04-01",
    "aadhaar_number": "7823-8232-8239",
    "pen_number": "87312031298",
    "class_section": 8,
    "gender": "Male",
    "religion": "Hindu",
    "caste_category": "General",
    "address": "MADHUKAUL, JAFARPUR, BELSAND, SITAMADHI PIN-843316",
    "mobile_number": "6200669601",
    "email": "SURYANSH@CO.IN",
    "blood_group": "A+",
    "student_image": "",
    "aadhar_card": "",
    "transfer_certificate": "",
    "due_amount": "0.00"
  }
},
{
  "model": "students.student",
  "pk": 102,
  "fields": {
    "created_at": "2025-08-04T20:57:43.267Z",
    "updated_at": "2025-09-10T06:32:09.987Z",
    "admission_number": "GVIS02010",
    "first_name": "MD.ABDULLAH",
    "last_name": "ALAM",
    "father_name": "MD. SAMIULLAM",
    "mother_name": "HALIMA KHATOON",
    "date_of_birth": "2013-04-01",
    "date_of_admission": "2025-04-01",
    "aadhaar_number": "5272-8230-8291",
    "pen_number": "82903421900",
    "class_section": 5,
    "gender": "Male",
    "religion": "Muslim",
    "caste_category": "OBC",
    "address": "PARRAHI, KANSAR, BELSAND,SITAMERHI PIN-843316",
    "mobile_number": "8340509603",
    "email": "ABDULLAM@CO.IN",
    "blood_group": "A+",
    "student_image": "",
    "aadhar_card": "",
    "transfer_certificate": "",
    "due_amount": "0.00"
  }
},
{
  "model": "students.student",
  "pk": 103,
  "fields": {
    "created_at": "2025-08-04T20:57:43.267Z",
    "updated_at": "2025-09-10T06:32:09.993Z",
    "admission_number": "GVIS00311",
    "first_name": "ABHINASH",
    "last_name": "KUMAR",
    "father_name": "ASHOK RAY",
    "mother_name": "REKHA DEVI",
    "date_of_birth": "2019-12-20",
    "date_of_admission": "2025-04-01",
    "aadhaar_number": "1234-5678-9876",
    "pen_number": "12345678901",
    "class_section": 12,
    "gender": "Male",
    "religion": "Hindu",
    "caste_category": "OBC",
    "address": "KANSAR BELSAND",
    "mobile_number": "7546091389",
    "email": "DEMO@bh.in",
    "blood_group": "Unkno",
    "student_image": "",
    "aadhar_card": "",
    "transfer_certificate": "",
    "due_amount": "0.00"
  }
},
{
  "model": "students.student",
  "pk": 108,
  "fields": {
    "created_at": "2025-08-04T20:57:43.267Z",
    "updated_at": "2025-09-11T10:12:09.201Z",
    "admission_number": "demo",
    "first_name": "lovely",
    "last_name": "kumari",
    "father_name": "Father's Name",
    "mother_name": "Mother's Name",
    "date_of_birth": "2025-07-22",
    "date_of_admission": "2025-07-22",
    "aadhaar_number": "1234-5678-9012",
    "pen_number": "12345678901",
    "class_section": 3,
    "gender": "Other",
    "religion": "Hindu",
    "caste_category": "General",
    "address": "ward 11\r\nkailashpuri\r\ndumra",
    "mobile_number": "9955590919",
    "email": "TEST@bh.in",
    "blood_group": "UNKN",
    "student_image": "",
    "aadhar_card": "",
    "transfer_certificate": "",
    "due_amount": "3200.00"
  }
},
{
  "model": "students.student",
  "pk": 112,
  "fields": {
    "created_at": "2025-09-02T11:22:35.281Z",
    "updated_at": "2025-09-11T11:24:59.286Z",
    "admission_number": "10517",
    "first_name": "Upmanyu",
    "last_name": "Mukund",
    "father_name": "Rajnish Kumar",
    "mother_name": "Baby Devi",
    "date_of_birth": "2009-04-02",
    "date_of_admission": "2025-09-02",
    "aadhaar_number": "123456789012",
    "pen_number": "12345678931",
    "class_section": 1,
    "gender": "Male",
    "religion": "Hindu",
    "caste_category": "General",
    "address": "Bihar, India",
    "mobile_number": "9955590919",
    "email": "upmanyu201@gmail.com",
    "blood_group": "UNKN",
    "student_image": "",
    "aadhar_card": "",
    "transfer_certificate": "",
    "due_amount": "1800.00"
  }
},
{
  "model": "students.student",
  "pk": 113,
  "fields": {
    "created_at": "2025-09-03T12:24:58.355Z",
    "updated_at": "2025-09-10T06:32:10.012Z",
    "admission_number": "TEST001",
    "first_name": "Test",
    "last_name": "Student",
    "father_name": "Test Father",
    "mother_name": "Test Mother",
    "date_of_birth": "2010-01-01",
    "date_of_admission": "2025-09-03",
    "aadhaar_number": null,
    "pen_number": null,
    "class_section": 30,
    "gender": "Male",
    "religion": "Hindu",
    "caste_category": "General",
    "address": "Test Address",
    "mobile_number": "9955590919",
    "email": "test@example.com",
    "blood_group": "O+",
    "student_image": "",
    "aadhar_card": "",
    "transfer_certificate": "",
    "due_amount": "0.00"
  }
},
{
  "model": "transport.route",
  "pk": 3,
  "fields": {
    "name": "Route 1"
  }
},
{
  "model": "transport.route",
  "pk": 6,
  "fields": {
    "name": "Route 3"
  }
},
{
  "model": "transport.route",
  "pk": 7,
  "fields": {
    "name": "Route 4"
  }
},
{
  "model": "transport.route",
  "pk": 10,
  "fields": {
    "name": "Route 5"
  }
},
{
  "model": "transport.route",
  "pk": 17,
  "fields": {
    "name": "Route 2"
  }
},
{
  "model": "transport.stoppage",
  "pk": 4,
  "fields": {
    "route": 3,
    "name": "Madhkaul"
  }
},
{
  "model": "transport.stoppage",
  "pk": 5,
  "fields": {
    "route": 3,
    "name": "Jaffarpur"
  }
},
{
  "model": "transport.stoppage",
  "pk": 10,
  "fields": {
    "route": 3,
    "name": "Rupauli"
  }
},
{
  "model": "transport.stoppage",
  "pk": 12,
  "fields": {
    "route": 6,
    "name": "Belsand"
  }
},
{
  "model": "transport.stoppage",
  "pk": 13,
  "fields": {
    "route": 6,
    "name": "Patahi"
  }
},
{
  "model": "transport.stoppage",
  "pk": 14,
  "fields": {
    "route": 7,
    "name": "Tariyani Chhapra"
  }
},
{
  "model": "transport.stoppage",
  "pk": 15,
  "fields": {
    "route": 7,
    "name": "Hansaur"
  }
},
{
  "model": "transport.stoppage",
  "pk": 16,
  "fields": {
    "route": 7,
    "name": "Dumra"
  }
},
{
  "model": "transport.stoppage",
  "pk": 17,
  "fields": {
    "route": 7,
    "name": "Kundal"
  }
},
{
  "model": "transport.stoppage",
  "pk": 19,
  "fields": {
    "route": 10,
    "name": "Simra"
  }
},
{
  "model": "transport.stoppage",
  "pk": 20,
  "fields": {
    "route": 3,
    "name": "Partapur"
  }
},
{
  "model": "transport.stoppage",
  "pk": 21,
  "fields": {
    "route": 17,
    "name": "Athri"
  }
},
{
  "model": "transport.transportassignment",
  "pk": 11,
  "fields": {
    "student": 4,
    "route": 3,
    "stoppage": 5,
    "assigned_date": "2025-09-10"
  }
},
{
  "model": "transport.transportassignment",
  "pk": 12,
  "fields": {
    "student": 108,
    "route": 10,
    "stoppage": 19,
    "assigned_date": "2025-09-10"
  }
},
{
  "model": "transport.transportassignment",
  "pk": 13,
  "fields": {
    "student": 11,
    "route": 10,
    "stoppage": 19,
    "assigned_date": "2025-09-10"
  }
},
{
  "model": "transport.transportassignment",
  "pk": 14,
  "fields": {
    "student": 103,
    "route": 7,
    "stoppage": 17,
    "assigned_date": "2025-09-10"
  }
},
{
  "model": "transport.transportassignment",
  "pk": 15,
  "fields": {
    "student": 78,
    "route": 7,
    "stoppage": 17,
    "assigned_date": "2025-09-10"
  }
},
{
  "model": "transport.transportassignment",
  "pk": 16,
  "fields": {
    "student": 20,
    "route": 3,
    "stoppage": 20,
    "assigned_date": "2025-09-10"
  }
},
{
  "model": "transport.transportassignment",
  "pk": 17,
  "fields": {
    "student": 57,
    "route": 3,
    "stoppage": 20,
    "assigned_date": "2025-09-10"
  }
},
{
  "model": "transport.transportassignment",
  "pk": 18,
  "fields": {
    "student": 73,
    "route": 3,
    "stoppage": 20,
    "assigned_date": "2025-09-10"
  }
},
{
  "model": "transport.transportassignment",
  "pk": 19,
  "fields": {
    "student": 102,
    "route": 3,
    "stoppage": 20,
    "assigned_date": "2025-09-10"
  }
},
{
  "model": "transport.transportassignment",
  "pk": 20,
  "fields": {
    "student": 12,
    "route": 3,
    "stoppage": 20,
    "assigned_date": "2025-09-10"
  }
},
{
  "model": "transport.transportassignment",
  "pk": 21,
  "fields": {
    "student": 37,
    "route": 3,
    "stoppage": 20,
    "assigned_date": "2025-09-10"
  }
},
{
  "model": "student_fees.feedeposit",
  "pk": 251,
  "fields": {
    "student": 112,
    "amount": "1800.00",
    "discount": "0.00",
    "paid_amount": "1800.00",
    "receipt_no": "REC17575663402976039",
    "deposit_date": "2025-09-11T04:52:20.300Z",
    "payment_mode": "Online",
    "transaction_no": "19382018374619",
    "payment_source": "Bank of Panjab",
    "note": "Fee Payment: Tuition Fee - August"
  }
},
{
  "model": "student_fees.feedeposit",
  "pk": 252,
  "fields": {
    "student": 112,
    "amount": "30.00",
    "discount": "0.00",
    "paid_amount": "30.00",
    "receipt_no": "REC17575663402976039",
    "deposit_date": "2025-09-11T04:52:20.306Z",
    "payment_mode": "Online",
    "transaction_no": "19382018374619",
    "payment_source": "Bank of Panjab",
    "note": "Fine Payment: August"
  }
},
{
  "model": "student_fees.feedeposit",
  "pk": 253,
  "fields": {
    "student": 112,
    "amount": "1800.00",
    "discount": "0.00",
    "paid_amount": "1800.00",
    "receipt_no": "REC17575760590385568",
    "deposit_date": "2025-09-11T07:34:19.040Z",
    "payment_mode": "Online",
    "transaction_no": "876601",
    "payment_source": "Bank of Panjab",
    "note": "Carry Forward Payment"
  }
},
{
  "model": "student_fees.feedeposit",
  "pk": 254,
  "fields": {
    "student": 112,
    "amount": "1800.00",
    "discount": "0.00",
    "paid_amount": "1800.00",
    "receipt_no": "REC17575760590385568",
    "deposit_date": "2025-09-11T07:34:19.043Z",
    "payment_mode": "Online",
    "transaction_no": "876601",
    "payment_source": "Bank of Panjab",
    "note": "Fee Payment: Tuition Fee - September"
  }
},
{
  "model": "student_fees.feedeposit",
  "pk": 255,
  "fields": {
    "student": 37,
    "amount": "1800.00",
    "discount": "0.00",
    "paid_amount": "1800.00",
    "receipt_no": "REC17575784913551416",
    "deposit_date": "2025-09-11T08:14:51.363Z",
    "payment_mode": "Cash",
    "transaction_no": "",
    "payment_source": "",
    "note": "Fee Payment: Tuition Fee - August"
  }
},
{
  "model": "student_fees.feedeposit",
  "pk": 256,
  "fields": {
    "student": 37,
    "amount": "1800.00",
    "discount": "0.00",
    "paid_amount": "1800.00",
    "receipt_no": "REC17575784913551416",
    "deposit_date": "2025-09-11T08:14:51.363Z",
    "payment_mode": "Cash",
    "transaction_no": "",
    "payment_source": "",
    "note": "Fee Payment: Tuition Fee - October"
  }
},
{
  "model": "student_fees.feedeposit",
  "pk": 257,
  "fields": {
    "student": 37,
    "amount": "1800.00",
    "discount": "0.00",
    "paid_amount": "1800.00",
    "receipt_no": "REC17575784913551416",
    "deposit_date": "2025-09-11T08:14:51.363Z",
    "payment_mode": "Cash",
    "transaction_no": "",
    "payment_source": "",
    "note": "Fee Payment: Tuition Fee - September"
  }
},
{
  "model": "student_fees.feedeposit",
  "pk": 258,
  "fields": {
    "student": 37,
    "amount": "30.00",
    "discount": "0.00",
    "paid_amount": "30.00",
    "receipt_no": "REC17575784913551416",
    "deposit_date": "2025-09-11T08:14:51.363Z",
    "payment_mode": "Cash",
    "transaction_no": "",
    "payment_source": "",
    "note": "Fine Payment: August"
  }
},
{
  "model": "student_fees.feedeposit",
  "pk": 263,
  "fields": {
    "student": 12,
    "amount": "350.00",
    "discount": "0.00",
    "paid_amount": "350.00",
    "receipt_no": "REC-1686",
    "deposit_date": "2025-09-11T09:22:32.609Z",
    "payment_mode": "Card",
    "transaction_no": "4342",
    "payment_source": "MITARAM SAH",
    "note": "Fee Payment: Transport - September"
  }
},
{
  "model": "student_fees.feedeposit",
  "pk": 264,
  "fields": {
    "student": 12,
    "amount": "1800.00",
    "discount": "0.00",
    "paid_amount": "1800.00",
    "receipt_no": "REC-1686",
    "deposit_date": "2025-09-11T09:22:32.609Z",
    "payment_mode": "Card",
    "transaction_no": "4342",
    "payment_source": "MITARAM SAH",
    "note": "Fee Payment: Tuition Fee - August"
  }
},
{
  "model": "student_fees.feedeposit",
  "pk": 265,
  "fields": {
    "student": 12,
    "amount": "1800.00",
    "discount": "0.00",
    "paid_amount": "1800.00",
    "receipt_no": "REC-1686",
    "deposit_date": "2025-09-11T09:22:32.609Z",
    "payment_mode": "Card",
    "transaction_no": "4342",
    "payment_source": "MITARAM SAH",
    "note": "Fee Payment: Tuition Fee - September"
  }
},
{
  "model": "student_fees.feedeposit",
  "pk": 266,
  "fields": {
    "student": 12,
    "amount": "2500.00",
    "discount": "0.00",
    "paid_amount": "2500.00",
    "receipt_no": "REC-1686",
    "deposit_date": "2025-09-11T09:22:32.609Z",
    "payment_mode": "Card",
    "transaction_no": "4342",
    "payment_source": "MITARAM SAH",
    "note": "Carry Forward Payment"
  }
},
{
  "model": "student_fees.feedeposit",
  "pk": 267,
  "fields": {
    "student": 12,
    "amount": "1800.00",
    "discount": "0.00",
    "paid_amount": "1800.00",
    "receipt_no": "REC-1686",
    "deposit_date": "2025-09-11T09:22:32.609Z",
    "payment_mode": "Card",
    "transaction_no": "4342",
    "payment_source": "MITARAM SAH",
    "note": "Fee Payment: Tuition Fee - October"
  }
},
{
  "model": "student_fees.feedeposit",
  "pk": 268,
  "fields": {
    "student": 12,
    "amount": "350.00",
    "discount": "0.00",
    "paid_amount": "350.00",
    "receipt_no": "REC-1686",
    "deposit_date": "2025-09-11T09:22:32.609Z",
    "payment_mode": "Card",
    "transaction_no": "4342",
    "payment_source": "MITARAM SAH",
    "note": "Fee Payment: Transport - August"
  }
},
{
  "model": "student_fees.feedeposit",
  "pk": 269,
  "fields": {
    "student": 12,
    "amount": "30.00",
    "discount": "0.00",
    "paid_amount": "30.00",
    "receipt_no": "REC-1686",
    "deposit_date": "2025-09-11T09:22:32.609Z",
    "payment_mode": "Card",
    "transaction_no": "4342",
    "payment_source": "MITARAM SAH",
    "note": "Fine Payment: August"
  }
},
{
  "model": "student_fees.feedeposit",
  "pk": 270,
  "fields": {
    "student": 108,
    "amount": "1800.00",
    "discount": "0.00",
    "paid_amount": "1800.00",
    "receipt_no": "REC-4675",
    "deposit_date": "2025-09-11T10:13:28.964Z",
    "payment_mode": "Cheque",
    "transaction_no": "19382018374619",
    "payment_source": "BOB",
    "note": "Fee Payment: Tuition Fee - October"
  }
},
{
  "model": "student_fees.feedeposit",
  "pk": 271,
  "fields": {
    "student": 108,
    "amount": "1800.00",
    "discount": "0.00",
    "paid_amount": "1800.00",
    "receipt_no": "REC-4675",
    "deposit_date": "2025-09-11T10:13:28.964Z",
    "payment_mode": "Cheque",
    "transaction_no": "19382018374619",
    "payment_source": "BOB",
    "note": "Fee Payment: Tuition Fee - August"
  }
},
{
  "model": "student_fees.feedeposit",
  "pk": 272,
  "fields": {
    "student": 108,
    "amount": "350.00",
    "discount": "0.00",
    "paid_amount": "350.00",
    "receipt_no": "REC-4675",
    "deposit_date": "2025-09-11T10:13:28.964Z",
    "payment_mode": "Cheque",
    "transaction_no": "19382018374619",
    "payment_source": "BOB",
    "note": "Fee Payment: Transport - August"
  }
},
{
  "model": "student_fees.feedeposit",
  "pk": 273,
  "fields": {
    "student": 108,
    "amount": "1800.00",
    "discount": "10.00",
    "paid_amount": "1790.00",
    "receipt_no": "REC-4675",
    "deposit_date": "2025-09-11T10:13:28.964Z",
    "payment_mode": "Cheque",
    "transaction_no": "19382018374619",
    "payment_source": "BOB",
    "note": "Fee Payment: Tuition Fee - September"
  }
},
{
  "model": "student_fees.feedeposit",
  "pk": 274,
  "fields": {
    "student": 108,
    "amount": "3200.00",
    "discount": "20.00",
    "paid_amount": "3180.00",
    "receipt_no": "REC-4675",
    "deposit_date": "2025-09-11T10:13:28.964Z",
    "payment_mode": "Cheque",
    "transaction_no": "19382018374619",
    "payment_source": "BOB",
    "note": "Carry Forward Payment"
  }
},
{
  "model": "student_fees.feedeposit",
  "pk": 275,
  "fields": {
    "student": 108,
    "amount": "350.00",
    "discount": "0.00",
    "paid_amount": "350.00",
    "receipt_no": "REC-4675",
    "deposit_date": "2025-09-11T10:13:28.964Z",
    "payment_mode": "Cheque",
    "transaction_no": "19382018374619",
    "payment_source": "BOB",
    "note": "Fee Payment: Transport - September"
  }
},
{
  "model": "fees.feesgroup",
  "pk": 70,
  "fields": {
    "created_at": "2025-09-10T13:19:26.646Z",
    "updated_at": "2025-09-10T13:19:26.646Z",
    "fee_group": "Monthly",
    "group_type": "Tuition Fee",
    "fee_type": "Class Based",
    "related_class_section": null,
    "related_stoppage": null
  }
},
{
  "model": "fees.feesgroup",
  "pk": 71,
  "fields": {
    "created_at": "2025-09-10T13:19:42.792Z",
    "updated_at": "2025-09-10T13:19:42.792Z",
    "fee_group": "Monthly",
    "group_type": "Transport",
    "fee_type": "Stoppage Based",
    "related_class_section": null,
    "related_stoppage": null
  }
},
{
  "model": "fees.feesgroup",
  "pk": 72,
  "fields": {
    "created_at": "2025-09-10T14:42:02.807Z",
    "updated_at": "2025-09-10T14:42:02.807Z",
    "fee_group": "Yearly",
    "group_type": "Admission Fees",
    "fee_type": "Class Based",
    "related_class_section": null,
    "related_stoppage": null
  }
},
{
  "model": "fees.feesgroup",
  "pk": 73,
  "fields": {
    "created_at": "2025-09-10T14:43:40.079Z",
    "updated_at": "2025-09-10T14:43:40.079Z",
    "fee_group": "Yearly",
    "group_type": "Development",
    "fee_type": "Class Based",
    "related_class_section": null,
    "related_stoppage": null
  }
},
{
  "model": "fees.feesgroup",
  "pk": 74,
  "fields": {
    "created_at": "2025-09-10T14:44:18.507Z",
    "updated_at": "2025-09-10T14:44:18.507Z",
    "fee_group": "One Time",
    "group_type": "Admission Fees",
    "fee_type": "Class Based",
    "related_class_section": null,
    "related_stoppage": null
  }
},
{
  "model": "fees.feesgroup",
  "pk": 75,
  "fields": {
    "created_at": "2025-09-10T14:44:50.681Z",
    "updated_at": "2025-09-10T14:44:50.681Z",
    "fee_group": "Half Yearly",
    "group_type": "Exam Fees",
    "fee_type": "Class Based",
    "related_class_section": null,
    "related_stoppage": null
  }
},
{
  "model": "fees.feesgroup",
  "pk": 76,
  "fields": {
    "created_at": "2025-09-10T14:45:06.030Z",
    "updated_at": "2025-09-10T14:45:06.030Z",
    "fee_group": "Quarterly",
    "group_type": "Exam Fees",
    "fee_type": "Class Based",
    "related_class_section": null,
    "related_stoppage": null
  }
},
{
  "model": "fees.feestype",
  "pk": 346,
  "fields": {
    "created_at": "2025-09-10T14:26:25.086Z",
    "updated_at": "2025-09-10T14:26:25.086Z",
    "fee_group": 70,
    "amount": "1800.00",
    "amount_type": "August",
    "context_type": "class_based",
    "context_data": {
      "months": [
        "August"
      ],
      "classes": [
        "Class 10A"
      ]
    },
    "month_name": "August",
    "class_name": "Class 10A",
    "stoppage_name": null,
    "related_stoppage": null
  }
},
{
  "model": "fees.feestype",
  "pk": 347,
  "fields": {
    "created_at": "2025-09-10T14:26:25.132Z",
    "updated_at": "2025-09-10T14:26:25.132Z",
    "fee_group": 70,
    "amount": "1800.00",
    "amount_type": "August",
    "context_type": "class_based",
    "context_data": {
      "months": [
        "August"
      ],
      "classes": [
        "Class 9B"
      ]
    },
    "month_name": "August",
    "class_name": "Class 9B",
    "stoppage_name": null,
    "related_stoppage": null
  }
},
{
  "model": "fees.feestype",
  "pk": 348,
  "fields": {
    "created_at": "2025-09-10T14:26:25.134Z",
    "updated_at": "2025-09-10T14:26:25.134Z",
    "fee_group": 70,
    "amount": "1800.00",
    "amount_type": "September",
    "context_type": "class_based",
    "context_data": {
      "months": [
        "September"
      ],
      "classes": [
        "Class 10A"
      ]
    },
    "month_name": "September",
    "class_name": "Class 10A",
    "stoppage_name": null,
    "related_stoppage": null
  }
},
{
  "model": "fees.feestype",
  "pk": 349,
  "fields": {
    "created_at": "2025-09-10T14:26:25.137Z",
    "updated_at": "2025-09-10T14:26:25.137Z",
    "fee_group": 70,
    "amount": "1800.00",
    "amount_type": "September",
    "context_type": "class_based",
    "context_data": {
      "months": [
        "September"
      ],
      "classes": [
        "Class 9B"
      ]
    },
    "month_name": "September",
    "class_name": "Class 9B",
    "stoppage_name": null,
    "related_stoppage": null
  }
},
{
  "model": "fees.feestype",
  "pk": 350,
  "fields": {
    "created_at": "2025-09-10T14:26:25.141Z",
    "updated_at": "2025-09-10T14:26:25.141Z",
    "fee_group": 70,
    "amount": "1800.00",
    "amount_type": "October",
    "context_type": "class_based",
    "context_data": {
      "months": [
        "October"
      ],
      "classes": [
        "Class 10A"
      ]
    },
    "month_name": "October",
    "class_name": "Class 10A",
    "stoppage_name": null,
    "related_stoppage": null
  }
},
{
  "model": "fees.feestype",
  "pk": 351,
  "fields": {
    "created_at": "2025-09-10T14:26:25.143Z",
    "updated_at": "2025-09-10T14:26:25.143Z",
    "fee_group": 70,
    "amount": "1800.00",
    "amount_type": "October",
    "context_type": "class_based",
    "context_data": {
      "months": [
        "October"
      ],
      "classes": [
        "Class 9B"
      ]
    },
    "month_name": "October",
    "class_name": "Class 9B",
    "stoppage_name": null,
    "related_stoppage": null
  }
},
{
  "model": "fees.feestype",
  "pk": 352,
  "fields": {
    "created_at": "2025-09-10T14:34:26.214Z",
    "updated_at": "2025-09-10T14:41:06.055Z",
    "fee_group": 71,
    "amount": "400.00",
    "amount_type": "August",
    "context_type": "stoppage_based",
    "context_data": {
      "months": [
        "August"
      ],
      "stoppages": [
        "Athri"
      ]
    },
    "month_name": "August",
    "class_name": null,
    "stoppage_name": "Athri",
    "related_stoppage": 21
  }
},
{
  "model": "fees.feestype",
  "pk": 353,
  "fields": {
    "created_at": "2025-09-10T14:34:26.238Z",
    "updated_at": "2025-09-10T14:41:06.072Z",
    "fee_group": 71,
    "amount": "400.00",
    "amount_type": "September",
    "context_type": "stoppage_based",
    "context_data": {
      "months": [
        "September"
      ],
      "stoppages": [
        "Belsand"
      ]
    },
    "month_name": "September",
    "class_name": null,
    "stoppage_name": "Belsand",
    "related_stoppage": 12
  }
},
{
  "model": "fees.feestype",
  "pk": 354,
  "fields": {
    "created_at": "2025-09-11T08:36:57.433Z",
    "updated_at": "2025-09-11T08:36:57.433Z",
    "fee_group": 71,
    "amount": "350.00",
    "amount_type": "August",
    "context_type": "stoppage_based",
    "context_data": {
      "months": [
        "August"
      ],
      "stoppages": [
        "Jaffarpur"
      ]
    },
    "month_name": "August",
    "class_name": null,
    "stoppage_name": "Jaffarpur",
    "related_stoppage": 5
  }
},
{
  "model": "fees.feestype",
  "pk": 355,
  "fields": {
    "created_at": "2025-09-11T08:36:57.437Z",
    "updated_at": "2025-09-11T08:36:57.437Z",
    "fee_group": 71,
    "amount": "350.00",
    "amount_type": "August",
    "context_type": "stoppage_based",
    "context_data": {
      "months": [
        "August"
      ],
      "stoppages": [
        "Kundal"
      ]
    },
    "month_name": "August",
    "class_name": null,
    "stoppage_name": "Kundal",
    "related_stoppage": 17
  }
},
{
  "model": "fees.feestype",
  "pk": 356,
  "fields": {
    "created_at": "2025-09-11T08:36:57.439Z",
    "updated_at": "2025-09-11T08:36:57.439Z",
    "fee_group": 71,
    "amount": "350.00",
    "amount_type": "August",
    "context_type": "stoppage_based",
    "context_data": {
      "months": [
        "August"
      ],
      "stoppages": [
        "Partapur"
      ]
    },
    "month_name": "August",
    "class_name": null,
    "stoppage_name": "Partapur",
    "related_stoppage": 20
  }
},
{
  "model": "fees.feestype",
  "pk": 357,
  "fields": {
    "created_at": "2025-09-11T08:36:57.441Z",
    "updated_at": "2025-09-11T08:36:57.441Z",
    "fee_group": 71,
    "amount": "350.00",
    "amount_type": "August",
    "context_type": "stoppage_based",
    "context_data": {
      "months": [
        "August"
      ],
      "stoppages": [
        "Simra"
      ]
    },
    "month_name": "August",
    "class_name": null,
    "stoppage_name": "Simra",
    "related_stoppage": 19
  }
},
{
  "model": "fees.feestype",
  "pk": 358,
  "fields": {
    "created_at": "2025-09-11T08:36:57.442Z",
    "updated_at": "2025-09-11T08:36:57.442Z",
    "fee_group": 71,
    "amount": "350.00",
    "amount_type": "September",
    "context_type": "stoppage_based",
    "context_data": {
      "months": [
        "September"
      ],
      "stoppages": [
        "Jaffarpur"
      ]
    },
    "month_name": "September",
    "class_name": null,
    "stoppage_name": "Jaffarpur",
    "related_stoppage": 5
  }
},
{
  "model": "fees.feestype",
  "pk": 359,
  "fields": {
    "created_at": "2025-09-11T08:36:57.444Z",
    "updated_at": "2025-09-11T08:36:57.444Z",
    "fee_group": 71,
    "amount": "350.00",
    "amount_type": "September",
    "context_type": "stoppage_based",
    "context_data": {
      "months": [
        "September"
      ],
      "stoppages": [
        "Kundal"
      ]
    },
    "month_name": "September",
    "class_name": null,
    "stoppage_name": "Kundal",
    "related_stoppage": 17
  }
},
{
  "model": "fees.feestype",
  "pk": 360,
  "fields": {
    "created_at": "2025-09-11T08:36:57.446Z",
    "updated_at": "2025-09-11T08:36:57.446Z",
    "fee_group": 71,
    "amount": "350.00",
    "amount_type": "September",
    "context_type": "stoppage_based",
    "context_data": {
      "months": [
        "September"
      ],
      "stoppages": [
        "Partapur"
      ]
    },
    "month_name": "September",
    "class_name": null,
    "stoppage_name": "Partapur",
    "related_stoppage": 20
  }
},
{
  "model": "fees.feestype",
  "pk": 361,
  "fields": {
    "created_at": "2025-09-11T08:36:57.448Z",
    "updated_at": "2025-09-11T08:36:57.448Z",
    "fee_group": 71,
    "amount": "350.00",
    "amount_type": "September",
    "context_type": "stoppage_based",
    "context_data": {
      "months": [
        "September"
      ],
      "stoppages": [
        "Simra"
      ]
    },
    "month_name": "September",
    "class_name": null,
    "stoppage_name": "Simra",
    "related_stoppage": 19
  }
},
{
  "model": "fines.finetype",
  "pk": 8,
  "fields": {
    "created_at": "2025-09-10T06:32:10.138Z",
    "updated_at": "2025-09-10T06:32:10.138Z",
    "name": "August",
    "category": "Late Fee",
    "description": "Late august fees payment.",
    "is_active": true,
    "created_by": null
  }
},
{
  "model": "fines.finetype",
  "pk": 9,
  "fields": {
    "created_at": "2025-09-10T06:32:10.140Z",
    "updated_at": "2025-09-10T06:32:10.140Z",
    "name": "September",
    "category": "Late Fee",
    "description": "Late fees payment.",
    "is_active": true,
    "created_by": null
  }
},
{
  "model": "fines.finetype",
  "pk": 10,
  "fields": {
    "created_at": "2025-09-10T06:32:10.143Z",
    "updated_at": "2025-09-10T06:32:10.143Z",
    "name": "Banch",
    "category": "Damage",
    "description": "Broke banch and desk of class.",
    "is_active": true,
    "created_by": null
  }
},
{
  "model": "fines.finetype",
  "pk": 11,
  "fields": {
    "created_at": "2025-09-10T06:32:10.146Z",
    "updated_at": "2025-09-10T06:32:10.146Z",
    "name": "Fighting",
    "category": "Discipline",
    "description": "Given feital wound to his classmate.",
    "is_active": true,
    "created_by": null
  }
},
{
  "model": "fines.finetype",
  "pk": 12,
  "fields": {
    "created_at": "2025-09-10T06:32:10.148Z",
    "updated_at": "2025-09-10T06:32:10.148Z",
    "name": "June",
    "category": "Late Fee",
    "description": "Late payment of June school fees.",
    "is_active": true,
    "created_by": null
  }
},
{
  "model": "fines.finetype",
  "pk": 14,
  "fields": {
    "created_at": "2025-09-10T06:32:10.150Z",
    "updated_at": "2025-09-10T06:32:10.150Z",
    "name": "Test Fine",
    "category": "Other",
    "description": "Test fine for testing",
    "is_active": true,
    "created_by": null
  }
},
{
  "model": "fines.fine",
  "pk": 1011,
  "fields": {
    "created_at": "2025-09-10T16:17:33.596Z",
    "updated_at": "2025-09-10T16:17:33.596Z",
    "class_section": 1,
    "fine_type": 8,
    "fees_type": 346,
    "amount": "30.00",
    "dynamic_amount_percent": null,
    "reason": "Late payment of August monthly fees .",
    "due_date": "2025-09-09",
    "applied_date": "2025-09-10T16:17:33.596Z",
    "auto_generated": false,
    "target_scope": "Class",
    "created_by": 42
  }
},
{
  "model": "fines.finestudent",
  "pk": 284,
  "fields": {
    "created_at": "2025-09-10T16:38:30.244Z",
    "updated_at": "2025-09-10T16:38:30.244Z",
    "fine": 1011,
    "student": 37,
    "is_paid": true,
    "payment_date": "2025-09-11"
  }
},
{
  "model": "fines.finestudent",
  "pk": 286,
  "fields": {
    "created_at": "2025-09-10T16:50:42.626Z",
    "updated_at": "2025-09-10T16:50:42.626Z",
    "fine": 1011,
    "student": 12,
    "is_paid": true,
    "payment_date": "2025-09-11"
  }
},
{
  "model": "fines.finestudent",
  "pk": 287,
  "fields": {
    "created_at": "2025-09-10T16:50:44.934Z",
    "updated_at": "2025-09-10T16:50:44.934Z",
    "fine": 1011,
    "student": 112,
    "is_paid": true,
    "payment_date": "2025-09-11"
  }
},
{
  "model": "attendance.attendance",
  "pk": 51,
  "fields": {
    "created_at": "2025-09-03T15:57:41.359Z",
    "updated_at": "2025-09-10T06:32:10.411Z",
    "student": 12,
    "date": "2025-09-02",
    "status": "Present",
    "class_section": null
  }
},
{
  "model": "attendance.attendance",
  "pk": 52,
  "fields": {
    "created_at": "2025-09-03T15:57:41.362Z",
    "updated_at": "2025-09-10T06:32:10.416Z",
    "student": 37,
    "date": "2025-09-02",
    "status": "Present",
    "class_section": null
  }
},
{
  "model": "attendance.attendance",
  "pk": 53,
  "fields": {
    "created_at": "2025-09-03T15:57:41.365Z",
    "updated_at": "2025-09-10T06:32:10.419Z",
    "student": 108,
    "date": "2025-09-02",
    "status": "Present",
    "class_section": null
  }
},
{
  "model": "attendance.attendance",
  "pk": 55,
  "fields": {
    "created_at": "2025-09-03T15:57:41.372Z",
    "updated_at": "2025-09-10T06:32:10.423Z",
    "student": 16,
    "date": "2025-09-02",
    "status": "Present",
    "class_section": null
  }
},
{
  "model": "attendance.attendance",
  "pk": 56,
  "fields": {
    "created_at": "2025-09-03T15:57:41.375Z",
    "updated_at": "2025-09-10T06:32:10.426Z",
    "student": 25,
    "date": "2025-09-02",
    "status": "Present",
    "class_section": null
  }
},
{
  "model": "attendance.attendance",
  "pk": 57,
  "fields": {
    "created_at": "2025-09-03T15:57:41.379Z",
    "updated_at": "2025-09-10T06:32:10.430Z",
    "student": 36,
    "date": "2025-09-02",
    "status": "Present",
    "class_section": null
  }
},
{
  "model": "attendance.attendance",
  "pk": 58,
  "fields": {
    "created_at": "2025-09-03T15:57:41.382Z",
    "updated_at": "2025-09-10T06:32:10.433Z",
    "student": 50,
    "date": "2025-09-02",
    "status": "Present",
    "class_section": null
  }
},
{
  "model": "attendance.attendance",
  "pk": 59,
  "fields": {
    "created_at": "2025-09-03T15:57:41.385Z",
    "updated_at": "2025-09-10T06:32:10.437Z",
    "student": 10,
    "date": "2025-09-02",
    "status": "Present",
    "class_section": null
  }
},
{
  "model": "attendance.attendance",
  "pk": 60,
  "fields": {
    "created_at": "2025-09-03T15:57:41.388Z",
    "updated_at": "2025-09-10T06:32:10.440Z",
    "student": 14,
    "date": "2025-09-02",
    "status": "Present",
    "class_section": null
  }
},
{
  "model": "attendance.attendance",
  "pk": 61,
  "fields": {
    "created_at": "2025-09-03T15:57:41.391Z",
    "updated_at": "2025-09-10T06:32:10.444Z",
    "student": 22,
    "date": "2025-09-02",
    "status": "Present",
    "class_section": null
  }
},
{
  "model": "attendance.attendance",
  "pk": 62,
  "fields": {
    "created_at": "2025-09-03T15:57:41.394Z",
    "updated_at": "2025-09-10T06:32:10.447Z",
    "student": 27,
    "date": "2025-09-02",
    "status": "Absent",
    "class_section": null
  }
},
{
  "model": "attendance.attendance",
  "pk": 63,
  "fields": {
    "created_at": "2025-09-03T15:57:41.398Z",
    "updated_at": "2025-09-10T06:32:10.451Z",
    "student": 29,
    "date": "2025-09-02",
    "status": "Present",
    "class_section": null
  }
},
{
  "model": "attendance.attendance",
  "pk": 64,
  "fields": {
    "created_at": "2025-09-03T15:57:41.402Z",
    "updated_at": "2025-09-10T06:32:10.455Z",
    "student": 35,
    "date": "2025-09-02",
    "status": "Absent",
    "class_section": null
  }
},
{
  "model": "attendance.attendance",
  "pk": 65,
  "fields": {
    "created_at": "2025-09-03T15:57:41.405Z",
    "updated_at": "2025-09-10T06:32:10.458Z",
    "student": 38,
    "date": "2025-09-02",
    "status": "Present",
    "class_section": null
  }
},
{
  "model": "attendance.attendance",
  "pk": 66,
  "fields": {
    "created_at": "2025-09-03T15:57:41.408Z",
    "updated_at": "2025-09-10T06:32:10.462Z",
    "student": 41,
    "date": "2025-09-02",
    "status": "Present",
    "class_section": null
  }
},
{
  "model": "attendance.attendance",
  "pk": 67,
  "fields": {
    "created_at": "2025-09-03T15:57:41.411Z",
    "updated_at": "2025-09-10T06:32:10.466Z",
    "student": 47,
    "date": "2025-09-02",
    "status": "Present",
    "class_section": null
  }
},
{
  "model": "attendance.attendance",
  "pk": 68,
  "fields": {
    "created_at": "2025-09-03T15:57:41.414Z",
    "updated_at": "2025-09-10T06:32:10.470Z",
    "student": 11,
    "date": "2025-09-02",
    "status": "Present",
    "class_section": null
  }
},
{
  "model": "attendance.attendance",
  "pk": 69,
  "fields": {
    "created_at": "2025-09-03T15:57:41.418Z",
    "updated_at": "2025-09-10T06:32:10.474Z",
    "student": 15,
    "date": "2025-09-02",
    "status": "Absent",
    "class_section": null
  }
},
{
  "model": "attendance.attendance",
  "pk": 70,
  "fields": {
    "created_at": "2025-09-03T15:57:41.421Z",
    "updated_at": "2025-09-10T06:32:10.478Z",
    "student": 17,
    "date": "2025-09-02",
    "status": "Present",
    "class_section": null
  }
},
{
  "model": "attendance.attendance",
  "pk": 71,
  "fields": {
    "created_at": "2025-09-03T15:57:41.424Z",
    "updated_at": "2025-09-10T06:32:10.482Z",
    "student": 18,
    "date": "2025-09-02",
    "status": "Present",
    "class_section": null
  }
},
{
  "model": "attendance.attendance",
  "pk": 72,
  "fields": {
    "created_at": "2025-09-03T15:57:41.427Z",
    "updated_at": "2025-09-10T06:32:10.486Z",
    "student": 20,
    "date": "2025-09-02",
    "status": "Present",
    "class_section": null
  }
},
{
  "model": "attendance.attendance",
  "pk": 73,
  "fields": {
    "created_at": "2025-09-03T15:57:41.430Z",
    "updated_at": "2025-09-10T06:32:10.489Z",
    "student": 24,
    "date": "2025-09-02",
    "status": "Present",
    "class_section": null
  }
},
{
  "model": "attendance.attendance",
  "pk": 74,
  "fields": {
    "created_at": "2025-09-03T15:57:41.433Z",
    "updated_at": "2025-09-10T06:32:10.493Z",
    "student": 44,
    "date": "2025-09-02",
    "status": "Present",
    "class_section": null
  }
},
{
  "model": "attendance.attendance",
  "pk": 75,
  "fields": {
    "created_at": "2025-09-03T15:57:41.437Z",
    "updated_at": "2025-09-10T06:32:10.496Z",
    "student": 51,
    "date": "2025-09-02",
    "status": "Present",
    "class_section": null
  }
},
{
  "model": "attendance.attendance",
  "pk": 76,
  "fields": {
    "created_at": "2025-09-03T15:57:41.440Z",
    "updated_at": "2025-09-10T06:32:10.500Z",
    "student": 102,
    "date": "2025-09-02",
    "status": "Present",
    "class_section": null
  }
},
{
  "model": "attendance.attendance",
  "pk": 77,
  "fields": {
    "created_at": "2025-09-03T15:57:41.443Z",
    "updated_at": "2025-09-10T06:32:10.504Z",
    "student": 13,
    "date": "2025-09-02",
    "status": "Absent",
    "class_section": null
  }
},
{
  "model": "attendance.attendance",
  "pk": 78,
  "fields": {
    "created_at": "2025-09-03T15:57:41.446Z",
    "updated_at": "2025-09-10T06:32:10.507Z",
    "student": 21,
    "date": "2025-09-02",
    "status": "Present",
    "class_section": null
  }
},
{
  "model": "attendance.attendance",
  "pk": 79,
  "fields": {
    "created_at": "2025-09-03T15:57:41.449Z",
    "updated_at": "2025-09-10T06:32:10.511Z",
    "student": 23,
    "date": "2025-09-02",
    "status": "Present",
    "class_section": null
  }
},
{
  "model": "attendance.attendance",
  "pk": 80,
  "fields": {
    "created_at": "2025-09-03T15:57:41.453Z",
    "updated_at": "2025-09-10T06:32:10.515Z",
    "student": 26,
    "date": "2025-09-02",
    "status": "Present",
    "class_section": null
  }
},
{
  "model": "attendance.attendance",
  "pk": 81,
  "fields": {
    "created_at": "2025-09-03T15:57:41.455Z",
    "updated_at": "2025-09-10T06:32:10.518Z",
    "student": 28,
    "date": "2025-09-02",
    "status": "Present",
    "class_section": null
  }
},
{
  "model": "attendance.attendance",
  "pk": 82,
  "fields": {
    "created_at": "2025-09-03T15:57:41.458Z",
    "updated_at": "2025-09-10T06:32:10.522Z",
    "student": 31,
    "date": "2025-09-02",
    "status": "Present",
    "class_section": null
  }
},
{
  "model": "attendance.attendance",
  "pk": 83,
  "fields": {
    "created_at": "2025-09-03T15:57:41.461Z",
    "updated_at": "2025-09-10T06:32:10.526Z",
    "student": 34,
    "date": "2025-09-02",
    "status": "Present",
    "class_section": null
  }
},
{
  "model": "attendance.attendance",
  "pk": 84,
  "fields": {
    "created_at": "2025-09-03T15:57:41.464Z",
    "updated_at": "2025-09-10T06:32:10.529Z",
    "student": 40,
    "date": "2025-09-02",
    "status": "Absent",
    "class_section": null
  }
},
{
  "model": "attendance.attendance",
  "pk": 85,
  "fields": {
    "created_at": "2025-09-03T15:57:41.467Z",
    "updated_at": "2025-09-10T06:32:10.533Z",
    "student": 43,
    "date": "2025-09-02",
    "status": "Present",
    "class_section": null
  }
},
{
  "model": "attendance.attendance",
  "pk": 86,
  "fields": {
    "created_at": "2025-09-03T15:57:41.471Z",
    "updated_at": "2025-09-10T06:32:10.536Z",
    "student": 53,
    "date": "2025-09-02",
    "status": "Present",
    "class_section": null
  }
},
{
  "model": "attendance.attendance",
  "pk": 87,
  "fields": {
    "created_at": "2025-09-03T15:57:41.473Z",
    "updated_at": "2025-09-10T06:32:10.539Z",
    "student": 57,
    "date": "2025-09-02",
    "status": "Absent",
    "class_section": null
  }
},
{
  "model": "attendance.attendance",
  "pk": 88,
  "fields": {
    "created_at": "2025-09-03T15:57:41.476Z",
    "updated_at": "2025-09-10T06:32:10.542Z",
    "student": 32,
    "date": "2025-09-02",
    "status": "Present",
    "class_section": null
  }
},
{
  "model": "attendance.attendance",
  "pk": 89,
  "fields": {
    "created_at": "2025-09-03T15:57:41.479Z",
    "updated_at": "2025-09-10T06:32:10.546Z",
    "student": 48,
    "date": "2025-09-02",
    "status": "Absent",
    "class_section": null
  }
},
{
  "model": "attendance.attendance",
  "pk": 90,
  "fields": {
    "created_at": "2025-09-03T15:57:41.482Z",
    "updated_at": "2025-09-10T06:32:10.549Z",
    "student": 49,
    "date": "2025-09-02",
    "status": "Present",
    "class_section": null
  }
},
{
  "model": "attendance.attendance",
  "pk": 91,
  "fields": {
    "created_at": "2025-09-03T15:57:41.485Z",
    "updated_at": "2025-09-10T06:32:10.553Z",
    "student": 52,
    "date": "2025-09-02",
    "status": "Present",
    "class_section": null
  }
},
{
  "model": "attendance.attendance",
  "pk": 92,
  "fields": {
    "created_at": "2025-09-03T15:57:41.488Z",
    "updated_at": "2025-09-10T06:32:10.556Z",
    "student": 56,
    "date": "2025-09-02",
    "status": "Absent",
    "class_section": null
  }
},
{
  "model": "attendance.attendance",
  "pk": 93,
  "fields": {
    "created_at": "2025-09-03T15:57:41.491Z",
    "updated_at": "2025-09-10T06:32:10.559Z",
    "student": 58,
    "date": "2025-09-02",
    "status": "Present",
    "class_section": null
  }
},
{
  "model": "attendance.attendance",
  "pk": 94,
  "fields": {
    "created_at": "2025-09-03T15:57:41.493Z",
    "updated_at": "2025-09-10T06:32:10.563Z",
    "student": 59,
    "date": "2025-09-02",
    "status": "Present",
    "class_section": null
  }
},
{
  "model": "attendance.attendance",
  "pk": 95,
  "fields": {
    "created_at": "2025-09-03T15:57:41.497Z",
    "updated_at": "2025-09-10T06:32:10.566Z",
    "student": 62,
    "date": "2025-09-02",
    "status": "Absent",
    "class_section": null
  }
},
{
  "model": "attendance.attendance",
  "pk": 96,
  "fields": {
    "created_at": "2025-09-03T15:57:41.500Z",
    "updated_at": "2025-09-10T06:32:10.570Z",
    "student": 65,
    "date": "2025-09-02",
    "status": "Present",
    "class_section": null
  }
},
{
  "model": "attendance.attendance",
  "pk": 97,
  "fields": {
    "created_at": "2025-09-03T15:57:41.502Z",
    "updated_at": "2025-09-10T06:32:10.574Z",
    "student": 78,
    "date": "2025-09-02",
    "status": "Present",
    "class_section": null
  }
},
{
  "model": "attendance.attendance",
  "pk": 98,
  "fields": {
    "created_at": "2025-09-03T15:57:41.505Z",
    "updated_at": "2025-09-10T06:32:10.577Z",
    "student": 84,
    "date": "2025-09-02",
    "status": "Absent",
    "class_section": null
  }
},
{
  "model": "attendance.attendance",
  "pk": 99,
  "fields": {
    "created_at": "2025-09-03T15:57:41.507Z",
    "updated_at": "2025-09-10T06:32:10.580Z",
    "student": 86,
    "date": "2025-09-02",
    "status": "Present",
    "class_section": null
  }
},
{
  "model": "attendance.attendance",
  "pk": 100,
  "fields": {
    "created_at": "2025-09-03T15:57:41.510Z",
    "updated_at": "2025-09-10T06:32:10.584Z",
    "student": 88,
    "date": "2025-09-02",
    "status": "Present",
    "class_section": null
  }
},
{
  "model": "attendance.attendance",
  "pk": 101,
  "fields": {
    "created_at": "2025-09-03T15:57:41.513Z",
    "updated_at": "2025-09-10T06:32:10.588Z",
    "student": 89,
    "date": "2025-09-02",
    "status": "Absent",
    "class_section": null
  }
},
{
  "model": "attendance.attendance",
  "pk": 102,
  "fields": {
    "created_at": "2025-09-03T15:57:41.517Z",
    "updated_at": "2025-09-10T06:32:10.591Z",
    "student": 6,
    "date": "2025-09-02",
    "status": "Present",
    "class_section": null
  }
},
{
  "model": "attendance.attendance",
  "pk": 103,
  "fields": {
    "created_at": "2025-09-03T15:57:41.520Z",
    "updated_at": "2025-09-10T06:32:10.595Z",
    "student": 45,
    "date": "2025-09-02",
    "status": "Absent",
    "class_section": null
  }
},
{
  "model": "attendance.attendance",
  "pk": 104,
  "fields": {
    "created_at": "2025-09-03T15:57:41.522Z",
    "updated_at": "2025-09-10T06:32:10.598Z",
    "student": 54,
    "date": "2025-09-02",
    "status": "Present",
    "class_section": null
  }
},
{
  "model": "attendance.attendance",
  "pk": 105,
  "fields": {
    "created_at": "2025-09-03T15:57:41.525Z",
    "updated_at": "2025-09-10T06:32:10.602Z",
    "student": 64,
    "date": "2025-09-02",
    "status": "Present",
    "class_section": null
  }
},
{
  "model": "attendance.attendance",
  "pk": 106,
  "fields": {
    "created_at": "2025-09-03T15:57:41.528Z",
    "updated_at": "2025-09-10T06:32:10.606Z",
    "student": 68,
    "date": "2025-09-02",
    "status": "Absent",
    "class_section": null
  }
},
{
  "model": "attendance.attendance",
  "pk": 107,
  "fields": {
    "created_at": "2025-09-03T15:57:41.531Z",
    "updated_at": "2025-09-10T06:32:10.609Z",
    "student": 69,
    "date": "2025-09-02",
    "status": "Present",
    "class_section": null
  }
},
{
  "model": "attendance.attendance",
  "pk": 108,
  "fields": {
    "created_at": "2025-09-03T15:57:41.535Z",
    "updated_at": "2025-09-10T06:32:10.613Z",
    "student": 72,
    "date": "2025-09-02",
    "status": "Present",
    "class_section": null
  }
},
{
  "model": "attendance.attendance",
  "pk": 109,
  "fields": {
    "created_at": "2025-09-03T15:57:41.537Z",
    "updated_at": "2025-09-10T06:32:10.616Z",
    "student": 73,
    "date": "2025-09-02",
    "status": "Present",
    "class_section": null
  }
},
{
  "model": "attendance.attendance",
  "pk": 110,
  "fields": {
    "created_at": "2025-09-03T15:57:41.540Z",
    "updated_at": "2025-09-10T06:32:10.620Z",
    "student": 75,
    "date": "2025-09-02",
    "status": "Absent",
    "class_section": null
  }
},
{
  "model": "attendance.attendance",
  "pk": 111,
  "fields": {
    "created_at": "2025-09-03T15:57:41.543Z",
    "updated_at": "2025-09-10T06:32:10.623Z",
    "student": 82,
    "date": "2025-09-02",
    "status": "Present",
    "class_section": null
  }
},
{
  "model": "attendance.attendance",
  "pk": 112,
  "fields": {
    "created_at": "2025-09-03T15:57:41.546Z",
    "updated_at": "2025-09-10T06:32:10.627Z",
    "student": 83,
    "date": "2025-09-02",
    "status": "Present",
    "class_section": null
  }
},
{
  "model": "attendance.attendance",
  "pk": 113,
  "fields": {
    "created_at": "2025-09-03T15:57:41.549Z",
    "updated_at": "2025-09-10T06:32:10.630Z",
    "student": 93,
    "date": "2025-09-02",
    "status": "Present",
    "class_section": null
  }
},
{
  "model": "attendance.attendance",
  "pk": 114,
  "fields": {
    "created_at": "2025-09-03T15:57:41.552Z",
    "updated_at": "2025-09-10T06:32:10.633Z",
    "student": 95,
    "date": "2025-09-02",
    "status": "Present",
    "class_section": null
  }
},
{
  "model": "attendance.attendance",
  "pk": 115,
  "fields": {
    "created_at": "2025-09-03T15:57:41.555Z",
    "updated_at": "2025-09-10T06:32:10.636Z",
    "student": 99,
    "date": "2025-09-02",
    "status": "Absent",
    "class_section": null
  }
},
{
  "model": "attendance.attendance",
  "pk": 116,
  "fields": {
    "created_at": "2025-09-03T15:57:41.557Z",
    "updated_at": "2025-09-10T06:32:10.640Z",
    "student": 100,
    "date": "2025-09-02",
    "status": "Present",
    "class_section": null
  }
},
{
  "model": "attendance.attendance",
  "pk": 117,
  "fields": {
    "created_at": "2025-09-03T15:57:41.561Z",
    "updated_at": "2025-09-10T06:32:10.644Z",
    "student": 101,
    "date": "2025-09-02",
    "status": "Present",
    "class_section": null
  }
},
{
  "model": "attendance.attendance",
  "pk": 118,
  "fields": {
    "created_at": "2025-09-03T15:57:41.564Z",
    "updated_at": "2025-09-10T06:32:10.647Z",
    "student": 39,
    "date": "2025-09-02",
    "status": "Present",
    "class_section": null
  }
},
{
  "model": "attendance.attendance",
  "pk": 119,
  "fields": {
    "created_at": "2025-09-03T15:57:41.567Z",
    "updated_at": "2025-09-10T06:32:10.650Z",
    "student": 60,
    "date": "2025-09-02",
    "status": "Present",
    "class_section": null
  }
},
{
  "model": "attendance.attendance",
  "pk": 120,
  "fields": {
    "created_at": "2025-09-03T15:57:41.570Z",
    "updated_at": "2025-09-10T06:32:10.654Z",
    "student": 61,
    "date": "2025-09-02",
    "status": "Absent",
    "class_section": null
  }
},
{
  "model": "attendance.attendance",
  "pk": 121,
  "fields": {
    "created_at": "2025-09-03T15:57:41.574Z",
    "updated_at": "2025-09-10T06:32:10.657Z",
    "student": 63,
    "date": "2025-09-02",
    "status": "Present",
    "class_section": null
  }
},
{
  "model": "attendance.attendance",
  "pk": 122,
  "fields": {
    "created_at": "2025-09-03T15:57:41.577Z",
    "updated_at": "2025-09-10T06:32:10.661Z",
    "student": 67,
    "date": "2025-09-02",
    "status": "Present",
    "class_section": null
  }
},
{
  "model": "attendance.attendance",
  "pk": 123,
  "fields": {
    "created_at": "2025-09-03T15:57:41.580Z",
    "updated_at": "2025-09-10T06:32:10.664Z",
    "student": 76,
    "date": "2025-09-02",
    "status": "Absent",
    "class_section": null
  }
},
{
  "model": "attendance.attendance",
  "pk": 124,
  "fields": {
    "created_at": "2025-09-03T15:57:41.584Z",
    "updated_at": "2025-09-10T06:32:10.668Z",
    "student": 85,
    "date": "2025-09-02",
    "status": "Present",
    "class_section": null
  }
},
{
  "model": "attendance.attendance",
  "pk": 125,
  "fields": {
    "created_at": "2025-09-03T15:57:41.586Z",
    "updated_at": "2025-09-10T06:32:10.672Z",
    "student": 90,
    "date": "2025-09-02",
    "status": "Absent",
    "class_section": null
  }
},
{
  "model": "attendance.attendance",
  "pk": 126,
  "fields": {
    "created_at": "2025-09-03T15:57:41.589Z",
    "updated_at": "2025-09-10T06:32:10.675Z",
    "student": 1,
    "date": "2025-09-02",
    "status": "Present",
    "class_section": null
  }
},
{
  "model": "attendance.attendance",
  "pk": 127,
  "fields": {
    "created_at": "2025-09-03T15:57:41.592Z",
    "updated_at": "2025-09-10T06:32:10.678Z",
    "student": 3,
    "date": "2025-09-02",
    "status": "Absent",
    "class_section": null
  }
},
{
  "model": "attendance.attendance",
  "pk": 128,
  "fields": {
    "created_at": "2025-09-03T15:57:41.594Z",
    "updated_at": "2025-09-10T06:32:10.682Z",
    "student": 70,
    "date": "2025-09-02",
    "status": "Present",
    "class_section": null
  }
},
{
  "model": "attendance.attendance",
  "pk": 129,
  "fields": {
    "created_at": "2025-09-03T15:57:41.597Z",
    "updated_at": "2025-09-10T06:32:10.685Z",
    "student": 71,
    "date": "2025-09-02",
    "status": "Present",
    "class_section": null
  }
},
{
  "model": "attendance.attendance",
  "pk": 130,
  "fields": {
    "created_at": "2025-09-03T15:57:41.599Z",
    "updated_at": "2025-09-10T06:32:10.689Z",
    "student": 74,
    "date": "2025-09-02",
    "status": "Absent",
    "class_section": null
  }
},
{
  "model": "attendance.attendance",
  "pk": 131,
  "fields": {
    "created_at": "2025-09-03T15:57:41.602Z",
    "updated_at": "2025-09-10T06:32:10.693Z",
    "student": 77,
    "date": "2025-09-02",
    "status": "Present",
    "class_section": null
  }
},
{
  "model": "attendance.attendance",
  "pk": 132,
  "fields": {
    "created_at": "2025-09-03T15:57:41.604Z",
    "updated_at": "2025-09-10T06:32:10.697Z",
    "student": 81,
    "date": "2025-09-02",
    "status": "Present",
    "class_section": null
  }
},
{
  "model": "attendance.attendance",
  "pk": 133,
  "fields": {
    "created_at": "2025-09-03T15:57:41.607Z",
    "updated_at": "2025-09-10T06:32:10.701Z",
    "student": 96,
    "date": "2025-09-02",
    "status": "Absent",
    "class_section": null
  }
},
{
  "model": "attendance.attendance",
  "pk": 134,
  "fields": {
    "created_at": "2025-09-03T15:57:41.610Z",
    "updated_at": "2025-09-10T06:32:10.705Z",
    "student": 97,
    "date": "2025-09-02",
    "status": "Present",
    "class_section": null
  }
},
{
  "model": "attendance.attendance",
  "pk": 135,
  "fields": {
    "created_at": "2025-09-03T15:57:41.614Z",
    "updated_at": "2025-09-10T06:32:10.708Z",
    "student": 4,
    "date": "2025-09-02",
    "status": "Absent",
    "class_section": null
  }
},
{
  "model": "attendance.attendance",
  "pk": 136,
  "fields": {
    "created_at": "2025-09-03T15:57:41.617Z",
    "updated_at": "2025-09-10T06:32:10.711Z",
    "student": 5,
    "date": "2025-09-02",
    "status": "Absent",
    "class_section": null
  }
},
{
  "model": "attendance.attendance",
  "pk": 137,
  "fields": {
    "created_at": "2025-09-03T15:57:41.620Z",
    "updated_at": "2025-09-10T06:32:10.715Z",
    "student": 7,
    "date": "2025-09-02",
    "status": "Present",
    "class_section": null
  }
},
{
  "model": "attendance.attendance",
  "pk": 138,
  "fields": {
    "created_at": "2025-09-03T15:57:41.623Z",
    "updated_at": "2025-09-10T06:32:10.718Z",
    "student": 42,
    "date": "2025-09-02",
    "status": "Absent",
    "class_section": null
  }
},
{
  "model": "attendance.attendance",
  "pk": 139,
  "fields": {
    "created_at": "2025-09-03T15:57:41.626Z",
    "updated_at": "2025-09-10T06:32:10.721Z",
    "student": 46,
    "date": "2025-09-02",
    "status": "Present",
    "class_section": null
  }
},
{
  "model": "attendance.attendance",
  "pk": 140,
  "fields": {
    "created_at": "2025-09-03T15:57:41.630Z",
    "updated_at": "2025-09-10T06:32:10.725Z",
    "student": 66,
    "date": "2025-09-02",
    "status": "Present",
    "class_section": null
  }
},
{
  "model": "attendance.attendance",
  "pk": 141,
  "fields": {
    "created_at": "2025-09-03T15:57:41.633Z",
    "updated_at": "2025-09-10T06:32:10.729Z",
    "student": 80,
    "date": "2025-09-02",
    "status": "Present",
    "class_section": null
  }
},
{
  "model": "attendance.attendance",
  "pk": 142,
  "fields": {
    "created_at": "2025-09-03T15:57:41.637Z",
    "updated_at": "2025-09-10T06:32:10.733Z",
    "student": 91,
    "date": "2025-09-02",
    "status": "Present",
    "class_section": null
  }
},
{
  "model": "attendance.attendance",
  "pk": 143,
  "fields": {
    "created_at": "2025-09-03T15:57:41.640Z",
    "updated_at": "2025-09-10T06:32:10.737Z",
    "student": 94,
    "date": "2025-09-02",
    "status": "Present",
    "class_section": null
  }
},
{
  "model": "attendance.attendance",
  "pk": 144,
  "fields": {
    "created_at": "2025-09-03T15:57:41.643Z",
    "updated_at": "2025-09-10T06:32:10.740Z",
    "student": 19,
    "date": "2025-09-02",
    "status": "Present",
    "class_section": null
  }
},
{
  "model": "attendance.attendance",
  "pk": 145,
  "fields": {
    "created_at": "2025-09-03T15:57:41.647Z",
    "updated_at": "2025-09-10T06:32:10.744Z",
    "student": 87,
    "date": "2025-09-02",
    "status": "Absent",
    "class_section": null
  }
},
{
  "model": "attendance.attendance",
  "pk": 146,
  "fields": {
    "created_at": "2025-09-03T15:57:41.650Z",
    "updated_at": "2025-09-10T06:32:10.747Z",
    "student": 92,
    "date": "2025-09-02",
    "status": "Present",
    "class_section": null
  }
},
{
  "model": "attendance.attendance",
  "pk": 147,
  "fields": {
    "created_at": "2025-09-03T15:57:41.652Z",
    "updated_at": "2025-09-10T06:32:10.750Z",
    "student": 98,
    "date": "2025-09-02",
    "status": "Present",
    "class_section": null
  }
},
{
  "model": "attendance.attendance",
  "pk": 148,
  "fields": {
    "created_at": "2025-09-03T15:57:41.655Z",
    "updated_at": "2025-09-10T06:32:10.754Z",
    "student": 103,
    "date": "2025-09-02",
    "status": "Present",
    "class_section": null
  }
},
{
  "model": "attendance.attendance",
  "pk": 149,
  "fields": {
    "created_at": "2025-09-03T15:57:41.658Z",
    "updated_at": "2025-09-10T06:32:10.757Z",
    "student": 30,
    "date": "2025-09-02",
    "status": "Absent",
    "class_section": null
  }
},
{
  "model": "attendance.attendance",
  "pk": 150,
  "fields": {
    "created_at": "2025-09-03T15:57:41.661Z",
    "updated_at": "2025-09-10T06:32:10.761Z",
    "student": 33,
    "date": "2025-09-02",
    "status": "Present",
    "class_section": null
  }
},
{
  "model": "attendance.attendance",
  "pk": 151,
  "fields": {
    "created_at": "2025-09-03T15:57:41.663Z",
    "updated_at": "2025-09-10T06:32:10.764Z",
    "student": 55,
    "date": "2025-09-02",
    "status": "Present",
    "class_section": null
  }
},
{
  "model": "attendance.attendance",
  "pk": 152,
  "fields": {
    "created_at": "2025-09-03T15:57:41.666Z",
    "updated_at": "2025-09-10T06:32:10.768Z",
    "student": 79,
    "date": "2025-09-02",
    "status": "Present",
    "class_section": null
  }
},
{
  "model": "attendance.attendance",
  "pk": 153,
  "fields": {
    "created_at": "2025-09-04T06:53:53.112Z",
    "updated_at": "2025-09-10T06:32:10.771Z",
    "student": 12,
    "date": "2025-09-04",
    "status": "Present",
    "class_section": null
  }
},
{
  "model": "attendance.attendance",
  "pk": 154,
  "fields": {
    "created_at": "2025-09-04T06:53:53.118Z",
    "updated_at": "2025-09-10T06:32:10.775Z",
    "student": 37,
    "date": "2025-09-04",
    "status": "Present",
    "class_section": null
  }
},
{
  "model": "attendance.attendance",
  "pk": 155,
  "fields": {
    "created_at": "2025-09-04T06:53:53.121Z",
    "updated_at": "2025-09-10T06:32:10.779Z",
    "student": 112,
    "date": "2025-09-04",
    "status": "Present",
    "class_section": null
  }
},
{
  "model": "attendance.attendance",
  "pk": 156,
  "fields": {
    "created_at": "2025-09-04T06:53:58.549Z",
    "updated_at": "2025-09-10T06:32:10.782Z",
    "student": 16,
    "date": "2025-09-04",
    "status": "Present",
    "class_section": null
  }
},
{
  "model": "attendance.attendance",
  "pk": 157,
  "fields": {
    "created_at": "2025-09-04T06:53:58.552Z",
    "updated_at": "2025-09-10T06:32:10.786Z",
    "student": 25,
    "date": "2025-09-04",
    "status": "Present",
    "class_section": null
  }
},
{
  "model": "attendance.attendance",
  "pk": 158,
  "fields": {
    "created_at": "2025-09-04T06:53:58.554Z",
    "updated_at": "2025-09-10T06:32:10.790Z",
    "student": 36,
    "date": "2025-09-04",
    "status": "Present",
    "class_section": null
  }
},
{
  "model": "attendance.attendance",
  "pk": 159,
  "fields": {
    "created_at": "2025-09-04T06:53:58.556Z",
    "updated_at": "2025-09-10T06:32:10.793Z",
    "student": 50,
    "date": "2025-09-04",
    "status": "Present",
    "class_section": null
  }
},
{
  "model": "attendance.attendance",
  "pk": 160,
  "fields": {
    "created_at": "2025-09-04T06:54:02.347Z",
    "updated_at": "2025-09-10T06:32:10.797Z",
    "student": 108,
    "date": "2025-09-04",
    "status": "Absent",
    "class_section": null
  }
},
{
  "model": "attendance.attendance",
  "pk": 161,
  "fields": {
    "created_at": "2025-09-04T06:54:12.167Z",
    "updated_at": "2025-09-10T06:32:10.800Z",
    "student": 10,
    "date": "2025-09-04",
    "status": "Present",
    "class_section": null
  }
},
{
  "model": "attendance.attendance",
  "pk": 162,
  "fields": {
    "created_at": "2025-09-04T06:54:12.174Z",
    "updated_at": "2025-09-10T06:32:10.804Z",
    "student": 14,
    "date": "2025-09-04",
    "status": "Present",
    "class_section": null
  }
},
{
  "model": "attendance.attendance",
  "pk": 163,
  "fields": {
    "created_at": "2025-09-04T06:54:12.176Z",
    "updated_at": "2025-09-10T06:32:10.807Z",
    "student": 22,
    "date": "2025-09-04",
    "status": "Present",
    "class_section": null
  }
},
{
  "model": "attendance.attendance",
  "pk": 164,
  "fields": {
    "created_at": "2025-09-04T06:54:12.178Z",
    "updated_at": "2025-09-10T06:32:10.811Z",
    "student": 27,
    "date": "2025-09-04",
    "status": "Present",
    "class_section": null
  }
},
{
  "model": "attendance.attendance",
  "pk": 165,
  "fields": {
    "created_at": "2025-09-04T06:54:12.179Z",
    "updated_at": "2025-09-10T06:32:10.814Z",
    "student": 29,
    "date": "2025-09-04",
    "status": "Present",
    "class_section": null
  }
},
{
  "model": "attendance.attendance",
  "pk": 166,
  "fields": {
    "created_at": "2025-09-04T06:54:12.181Z",
    "updated_at": "2025-09-10T06:32:10.818Z",
    "student": 35,
    "date": "2025-09-04",
    "status": "Absent",
    "class_section": null
  }
},
{
  "model": "attendance.attendance",
  "pk": 167,
  "fields": {
    "created_at": "2025-09-04T06:54:12.183Z",
    "updated_at": "2025-09-10T06:32:10.821Z",
    "student": 38,
    "date": "2025-09-04",
    "status": "Present",
    "class_section": null
  }
},
{
  "model": "attendance.attendance",
  "pk": 168,
  "fields": {
    "created_at": "2025-09-04T06:54:12.185Z",
    "updated_at": "2025-09-10T06:32:10.825Z",
    "student": 41,
    "date": "2025-09-04",
    "status": "Present",
    "class_section": null
  }
},
{
  "model": "attendance.attendance",
  "pk": 169,
  "fields": {
    "created_at": "2025-09-04T06:54:12.187Z",
    "updated_at": "2025-09-10T06:32:10.829Z",
    "student": 47,
    "date": "2025-09-04",
    "status": "Present",
    "class_section": null
  }
},
{
  "model": "attendance.attendance",
  "pk": 171,
  "fields": {
    "created_at": "2025-09-04T06:54:26.988Z",
    "updated_at": "2025-09-10T06:32:10.836Z",
    "student": 11,
    "date": "2025-09-04",
    "status": "Present",
    "class_section": null
  }
},
{
  "model": "attendance.attendance",
  "pk": 172,
  "fields": {
    "created_at": "2025-09-04T06:54:26.994Z",
    "updated_at": "2025-09-10T06:32:10.840Z",
    "student": 15,
    "date": "2025-09-04",
    "status": "Absent",
    "class_section": null
  }
},
{
  "model": "attendance.attendance",
  "pk": 173,
  "fields": {
    "created_at": "2025-09-04T06:54:26.996Z",
    "updated_at": "2025-09-10T06:32:10.843Z",
    "student": 17,
    "date": "2025-09-04",
    "status": "Present",
    "class_section": null
  }
},
{
  "model": "attendance.attendance",
  "pk": 174,
  "fields": {
    "created_at": "2025-09-04T06:54:26.998Z",
    "updated_at": "2025-09-10T06:32:10.847Z",
    "student": 18,
    "date": "2025-09-04",
    "status": "Present",
    "class_section": null
  }
},
{
  "model": "attendance.attendance",
  "pk": 175,
  "fields": {
    "created_at": "2025-09-04T06:54:27Z",
    "updated_at": "2025-09-10T06:32:10.851Z",
    "student": 20,
    "date": "2025-09-04",
    "status": "Present",
    "class_section": null
  }
},
{
  "model": "attendance.attendance",
  "pk": 176,
  "fields": {
    "created_at": "2025-09-04T06:54:27.002Z",
    "updated_at": "2025-09-10T06:32:10.855Z",
    "student": 24,
    "date": "2025-09-04",
    "status": "Absent",
    "class_section": null
  }
},
{
  "model": "attendance.attendance",
  "pk": 177,
  "fields": {
    "created_at": "2025-09-04T06:54:27.004Z",
    "updated_at": "2025-09-10T06:32:10.859Z",
    "student": 44,
    "date": "2025-09-04",
    "status": "Present",
    "class_section": null
  }
},
{
  "model": "attendance.attendance",
  "pk": 178,
  "fields": {
    "created_at": "2025-09-04T06:54:27.006Z",
    "updated_at": "2025-09-10T06:32:10.863Z",
    "student": 51,
    "date": "2025-09-04",
    "status": "Present",
    "class_section": null
  }
},
{
  "model": "attendance.attendance",
  "pk": 179,
  "fields": {
    "created_at": "2025-09-04T06:54:27.008Z",
    "updated_at": "2025-09-10T06:32:10.866Z",
    "student": 102,
    "date": "2025-09-04",
    "status": "Present",
    "class_section": null
  }
},
{
  "model": "attendance.attendance",
  "pk": 180,
  "fields": {
    "created_at": "2025-09-04T06:54:37.695Z",
    "updated_at": "2025-09-10T06:32:10.870Z",
    "student": 13,
    "date": "2025-09-04",
    "status": "Present",
    "class_section": null
  }
},
{
  "model": "attendance.attendance",
  "pk": 181,
  "fields": {
    "created_at": "2025-09-04T06:54:37.698Z",
    "updated_at": "2025-09-10T06:32:10.874Z",
    "student": 21,
    "date": "2025-09-04",
    "status": "Present",
    "class_section": null
  }
},
{
  "model": "attendance.attendance",
  "pk": 182,
  "fields": {
    "created_at": "2025-09-04T06:54:37.700Z",
    "updated_at": "2025-09-10T06:32:10.878Z",
    "student": 23,
    "date": "2025-09-04",
    "status": "Present",
    "class_section": null
  }
},
{
  "model": "attendance.attendance",
  "pk": 183,
  "fields": {
    "created_at": "2025-09-04T06:54:37.702Z",
    "updated_at": "2025-09-10T06:32:10.882Z",
    "student": 26,
    "date": "2025-09-04",
    "status": "Present",
    "class_section": null
  }
},
{
  "model": "attendance.attendance",
  "pk": 184,
  "fields": {
    "created_at": "2025-09-04T06:54:37.704Z",
    "updated_at": "2025-09-10T06:32:10.885Z",
    "student": 28,
    "date": "2025-09-04",
    "status": "Absent",
    "class_section": null
  }
},
{
  "model": "attendance.attendance",
  "pk": 185,
  "fields": {
    "created_at": "2025-09-04T06:54:37.706Z",
    "updated_at": "2025-09-10T06:32:10.889Z",
    "student": 31,
    "date": "2025-09-04",
    "status": "Present",
    "class_section": null
  }
},
{
  "model": "attendance.attendance",
  "pk": 186,
  "fields": {
    "created_at": "2025-09-04T06:54:37.708Z",
    "updated_at": "2025-09-10T06:32:10.892Z",
    "student": 34,
    "date": "2025-09-04",
    "status": "Present",
    "class_section": null
  }
},
{
  "model": "attendance.attendance",
  "pk": 187,
  "fields": {
    "created_at": "2025-09-04T06:54:37.710Z",
    "updated_at": "2025-09-10T06:32:10.896Z",
    "student": 40,
    "date": "2025-09-04",
    "status": "Present",
    "class_section": null
  }
},
{
  "model": "attendance.attendance",
  "pk": 188,
  "fields": {
    "created_at": "2025-09-04T06:54:37.713Z",
    "updated_at": "2025-09-10T06:32:10.899Z",
    "student": 43,
    "date": "2025-09-04",
    "status": "Absent",
    "class_section": null
  }
},
{
  "model": "attendance.attendance",
  "pk": 189,
  "fields": {
    "created_at": "2025-09-04T06:54:37.715Z",
    "updated_at": "2025-09-10T06:32:10.903Z",
    "student": 53,
    "date": "2025-09-04",
    "status": "Present",
    "class_section": null
  }
},
{
  "model": "attendance.attendance",
  "pk": 190,
  "fields": {
    "created_at": "2025-09-04T06:54:37.717Z",
    "updated_at": "2025-09-10T06:32:10.907Z",
    "student": 57,
    "date": "2025-09-04",
    "status": "Present",
    "class_section": null
  }
},
{
  "model": "attendance.attendance",
  "pk": 191,
  "fields": {
    "created_at": "2025-09-04T06:54:51.673Z",
    "updated_at": "2025-09-10T06:32:10.911Z",
    "student": 32,
    "date": "2025-09-04",
    "status": "Present",
    "class_section": null
  }
},
{
  "model": "attendance.attendance",
  "pk": 192,
  "fields": {
    "created_at": "2025-09-04T06:54:51.676Z",
    "updated_at": "2025-09-10T06:32:10.916Z",
    "student": 48,
    "date": "2025-09-04",
    "status": "Absent",
    "class_section": null
  }
},
{
  "model": "attendance.attendance",
  "pk": 193,
  "fields": {
    "created_at": "2025-09-04T06:54:51.679Z",
    "updated_at": "2025-09-10T06:32:10.920Z",
    "student": 49,
    "date": "2025-09-04",
    "status": "Present",
    "class_section": null
  }
},
{
  "model": "attendance.attendance",
  "pk": 194,
  "fields": {
    "created_at": "2025-09-04T06:54:51.681Z",
    "updated_at": "2025-09-10T06:32:10.924Z",
    "student": 52,
    "date": "2025-09-04",
    "status": "Present",
    "class_section": null
  }
},
{
  "model": "attendance.attendance",
  "pk": 195,
  "fields": {
    "created_at": "2025-09-04T06:54:51.684Z",
    "updated_at": "2025-09-10T06:32:10.927Z",
    "student": 56,
    "date": "2025-09-04",
    "status": "Absent",
    "class_section": null
  }
},
{
  "model": "attendance.attendance",
  "pk": 196,
  "fields": {
    "created_at": "2025-09-04T06:54:51.686Z",
    "updated_at": "2025-09-10T06:32:10.931Z",
    "student": 58,
    "date": "2025-09-04",
    "status": "Present",
    "class_section": null
  }
},
{
  "model": "attendance.attendance",
  "pk": 197,
  "fields": {
    "created_at": "2025-09-04T06:54:51.688Z",
    "updated_at": "2025-09-10T06:32:10.934Z",
    "student": 59,
    "date": "2025-09-04",
    "status": "Present",
    "class_section": null
  }
},
{
  "model": "attendance.attendance",
  "pk": 198,
  "fields": {
    "created_at": "2025-09-04T06:54:51.691Z",
    "updated_at": "2025-09-10T06:32:10.938Z",
    "student": 62,
    "date": "2025-09-04",
    "status": "Present",
    "class_section": null
  }
},
{
  "model": "attendance.attendance",
  "pk": 199,
  "fields": {
    "created_at": "2025-09-04T06:54:51.693Z",
    "updated_at": "2025-09-10T06:32:10.942Z",
    "student": 65,
    "date": "2025-09-04",
    "status": "Present",
    "class_section": null
  }
},
{
  "model": "attendance.attendance",
  "pk": 200,
  "fields": {
    "created_at": "2025-09-04T06:54:51.695Z",
    "updated_at": "2025-09-10T06:32:10.945Z",
    "student": 78,
    "date": "2025-09-04",
    "status": "Present",
    "class_section": null
  }
},
{
  "model": "attendance.attendance",
  "pk": 201,
  "fields": {
    "created_at": "2025-09-04T06:54:51.697Z",
    "updated_at": "2025-09-10T06:32:10.949Z",
    "student": 84,
    "date": "2025-09-04",
    "status": "Absent",
    "class_section": null
  }
},
{
  "model": "attendance.attendance",
  "pk": 202,
  "fields": {
    "created_at": "2025-09-04T06:54:51.699Z",
    "updated_at": "2025-09-10T06:32:10.956Z",
    "student": 86,
    "date": "2025-09-04",
    "status": "Present",
    "class_section": null
  }
},
{
  "model": "attendance.attendance",
  "pk": 203,
  "fields": {
    "created_at": "2025-09-04T06:54:51.701Z",
    "updated_at": "2025-09-10T06:32:10.961Z",
    "student": 88,
    "date": "2025-09-04",
    "status": "Present",
    "class_section": null
  }
},
{
  "model": "attendance.attendance",
  "pk": 204,
  "fields": {
    "created_at": "2025-09-04T06:54:51.703Z",
    "updated_at": "2025-09-10T06:32:10.964Z",
    "student": 89,
    "date": "2025-09-04",
    "status": "Present",
    "class_section": null
  }
},
{
  "model": "attendance.attendance",
  "pk": 205,
  "fields": {
    "created_at": "2025-09-04T06:55:08.276Z",
    "updated_at": "2025-09-10T06:32:10.968Z",
    "student": 6,
    "date": "2025-09-04",
    "status": "Present",
    "class_section": null
  }
},
{
  "model": "attendance.attendance",
  "pk": 206,
  "fields": {
    "created_at": "2025-09-04T06:55:08.282Z",
    "updated_at": "2025-09-10T06:32:10.971Z",
    "student": 45,
    "date": "2025-09-04",
    "status": "Present",
    "class_section": null
  }
},
{
  "model": "attendance.attendance",
  "pk": 207,
  "fields": {
    "created_at": "2025-09-04T06:55:08.284Z",
    "updated_at": "2025-09-10T06:32:10.975Z",
    "student": 54,
    "date": "2025-09-04",
    "status": "Absent",
    "class_section": null
  }
},
{
  "model": "attendance.attendance",
  "pk": 208,
  "fields": {
    "created_at": "2025-09-04T06:55:08.285Z",
    "updated_at": "2025-09-10T06:32:10.979Z",
    "student": 64,
    "date": "2025-09-04",
    "status": "Present",
    "class_section": null
  }
},
{
  "model": "attendance.attendance",
  "pk": 209,
  "fields": {
    "created_at": "2025-09-04T06:55:08.288Z",
    "updated_at": "2025-09-10T06:32:10.983Z",
    "student": 68,
    "date": "2025-09-04",
    "status": "Present",
    "class_section": null
  }
},
{
  "model": "attendance.attendance",
  "pk": 210,
  "fields": {
    "created_at": "2025-09-04T06:55:08.290Z",
    "updated_at": "2025-09-10T06:32:10.987Z",
    "student": 69,
    "date": "2025-09-04",
    "status": "Present",
    "class_section": null
  }
},
{
  "model": "attendance.attendance",
  "pk": 211,
  "fields": {
    "created_at": "2025-09-04T06:55:08.291Z",
    "updated_at": "2025-09-10T06:32:10.990Z",
    "student": 72,
    "date": "2025-09-04",
    "status": "Present",
    "class_section": null
  }
},
{
  "model": "attendance.attendance",
  "pk": 212,
  "fields": {
    "created_at": "2025-09-04T06:55:08.293Z",
    "updated_at": "2025-09-10T06:32:10.994Z",
    "student": 73,
    "date": "2025-09-04",
    "status": "Absent",
    "class_section": null
  }
},
{
  "model": "attendance.attendance",
  "pk": 213,
  "fields": {
    "created_at": "2025-09-04T06:55:08.296Z",
    "updated_at": "2025-09-10T06:32:10.997Z",
    "student": 75,
    "date": "2025-09-04",
    "status": "Present",
    "class_section": null
  }
},
{
  "model": "attendance.attendance",
  "pk": 214,
  "fields": {
    "created_at": "2025-09-04T06:55:08.298Z",
    "updated_at": "2025-09-10T06:32:11.001Z",
    "student": 82,
    "date": "2025-09-04",
    "status": "Present",
    "class_section": null
  }
},
{
  "model": "attendance.attendance",
  "pk": 215,
  "fields": {
    "created_at": "2025-09-04T06:55:08.299Z",
    "updated_at": "2025-09-10T06:32:11.004Z",
    "student": 83,
    "date": "2025-09-04",
    "status": "Present",
    "class_section": null
  }
},
{
  "model": "attendance.attendance",
  "pk": 216,
  "fields": {
    "created_at": "2025-09-04T06:55:08.301Z",
    "updated_at": "2025-09-10T06:32:11.008Z",
    "student": 93,
    "date": "2025-09-04",
    "status": "Present",
    "class_section": null
  }
},
{
  "model": "attendance.attendance",
  "pk": 217,
  "fields": {
    "created_at": "2025-09-04T06:55:08.304Z",
    "updated_at": "2025-09-10T06:32:11.011Z",
    "student": 95,
    "date": "2025-09-04",
    "status": "Present",
    "class_section": null
  }
},
{
  "model": "attendance.attendance",
  "pk": 218,
  "fields": {
    "created_at": "2025-09-04T06:55:08.305Z",
    "updated_at": "2025-09-10T06:32:11.015Z",
    "student": 99,
    "date": "2025-09-04",
    "status": "Present",
    "class_section": null
  }
},
{
  "model": "attendance.attendance",
  "pk": 219,
  "fields": {
    "created_at": "2025-09-04T06:55:08.307Z",
    "updated_at": "2025-09-10T06:32:11.019Z",
    "student": 100,
    "date": "2025-09-04",
    "status": "Absent",
    "class_section": null
  }
},
{
  "model": "attendance.attendance",
  "pk": 220,
  "fields": {
    "created_at": "2025-09-04T06:55:08.309Z",
    "updated_at": "2025-09-10T06:32:11.022Z",
    "student": 101,
    "date": "2025-09-04",
    "status": "Present",
    "class_section": null
  }
},
{
  "model": "attendance.attendance",
  "pk": 221,
  "fields": {
    "created_at": "2025-09-04T06:55:19.717Z",
    "updated_at": "2025-09-10T06:32:11.026Z",
    "student": 39,
    "date": "2025-09-04",
    "status": "Absent",
    "class_section": null
  }
},
{
  "model": "attendance.attendance",
  "pk": 222,
  "fields": {
    "created_at": "2025-09-04T06:55:19.723Z",
    "updated_at": "2025-09-10T06:32:11.030Z",
    "student": 60,
    "date": "2025-09-04",
    "status": "Present",
    "class_section": null
  }
},
{
  "model": "attendance.attendance",
  "pk": 223,
  "fields": {
    "created_at": "2025-09-04T06:55:19.725Z",
    "updated_at": "2025-09-10T06:32:11.034Z",
    "student": 61,
    "date": "2025-09-04",
    "status": "Present",
    "class_section": null
  }
},
{
  "model": "attendance.attendance",
  "pk": 224,
  "fields": {
    "created_at": "2025-09-04T06:55:19.727Z",
    "updated_at": "2025-09-10T06:32:11.037Z",
    "student": 63,
    "date": "2025-09-04",
    "status": "Present",
    "class_section": null
  }
},
{
  "model": "attendance.attendance",
  "pk": 225,
  "fields": {
    "created_at": "2025-09-04T06:55:19.729Z",
    "updated_at": "2025-09-10T06:32:11.040Z",
    "student": 67,
    "date": "2025-09-04",
    "status": "Absent",
    "class_section": null
  }
},
{
  "model": "attendance.attendance",
  "pk": 226,
  "fields": {
    "created_at": "2025-09-04T06:55:19.731Z",
    "updated_at": "2025-09-10T06:32:11.044Z",
    "student": 76,
    "date": "2025-09-04",
    "status": "Present",
    "class_section": null
  }
},
{
  "model": "attendance.attendance",
  "pk": 227,
  "fields": {
    "created_at": "2025-09-04T06:55:19.734Z",
    "updated_at": "2025-09-10T06:32:11.048Z",
    "student": 85,
    "date": "2025-09-04",
    "status": "Present",
    "class_section": null
  }
},
{
  "model": "attendance.attendance",
  "pk": 228,
  "fields": {
    "created_at": "2025-09-04T06:55:19.736Z",
    "updated_at": "2025-09-10T06:32:11.052Z",
    "student": 90,
    "date": "2025-09-04",
    "status": "Present",
    "class_section": null
  }
},
{
  "model": "attendance.attendance",
  "pk": 229,
  "fields": {
    "created_at": "2025-09-04T06:55:29.756Z",
    "updated_at": "2025-09-10T06:32:11.055Z",
    "student": 1,
    "date": "2025-09-04",
    "status": "Present",
    "class_section": null
  }
},
{
  "model": "attendance.attendance",
  "pk": 230,
  "fields": {
    "created_at": "2025-09-04T06:55:29.763Z",
    "updated_at": "2025-09-10T06:32:11.059Z",
    "student": 3,
    "date": "2025-09-04",
    "status": "Present",
    "class_section": null
  }
},
{
  "model": "attendance.attendance",
  "pk": 231,
  "fields": {
    "created_at": "2025-09-04T06:55:29.765Z",
    "updated_at": "2025-09-10T06:32:11.063Z",
    "student": 70,
    "date": "2025-09-04",
    "status": "Absent",
    "class_section": null
  }
},
{
  "model": "attendance.attendance",
  "pk": 232,
  "fields": {
    "created_at": "2025-09-04T06:55:29.768Z",
    "updated_at": "2025-09-10T06:32:11.066Z",
    "student": 71,
    "date": "2025-09-04",
    "status": "Present",
    "class_section": null
  }
},
{
  "model": "attendance.attendance",
  "pk": 233,
  "fields": {
    "created_at": "2025-09-04T06:55:29.770Z",
    "updated_at": "2025-09-10T06:32:11.070Z",
    "student": 74,
    "date": "2025-09-04",
    "status": "Present",
    "class_section": null
  }
},
{
  "model": "attendance.attendance",
  "pk": 234,
  "fields": {
    "created_at": "2025-09-04T06:55:29.773Z",
    "updated_at": "2025-09-10T06:32:11.073Z",
    "student": 77,
    "date": "2025-09-04",
    "status": "Present",
    "class_section": null
  }
},
{
  "model": "attendance.attendance",
  "pk": 235,
  "fields": {
    "created_at": "2025-09-04T06:55:29.776Z",
    "updated_at": "2025-09-10T06:32:11.077Z",
    "student": 81,
    "date": "2025-09-04",
    "status": "Absent",
    "class_section": null
  }
},
{
  "model": "attendance.attendance",
  "pk": 236,
  "fields": {
    "created_at": "2025-09-04T06:55:29.779Z",
    "updated_at": "2025-09-10T06:32:11.080Z",
    "student": 96,
    "date": "2025-09-04",
    "status": "Present",
    "class_section": null
  }
},
{
  "model": "attendance.attendance",
  "pk": 237,
  "fields": {
    "created_at": "2025-09-04T06:55:29.782Z",
    "updated_at": "2025-09-10T06:32:11.083Z",
    "student": 97,
    "date": "2025-09-04",
    "status": "Present",
    "class_section": null
  }
},
{
  "model": "attendance.attendance",
  "pk": 238,
  "fields": {
    "created_at": "2025-09-04T06:55:39.858Z",
    "updated_at": "2025-09-10T06:32:11.087Z",
    "student": 4,
    "date": "2025-09-04",
    "status": "Present",
    "class_section": null
  }
},
{
  "model": "attendance.attendance",
  "pk": 239,
  "fields": {
    "created_at": "2025-09-04T06:55:39.861Z",
    "updated_at": "2025-09-10T06:32:11.091Z",
    "student": 5,
    "date": "2025-09-04",
    "status": "Absent",
    "class_section": null
  }
},
{
  "model": "attendance.attendance",
  "pk": 240,
  "fields": {
    "created_at": "2025-09-04T06:55:39.863Z",
    "updated_at": "2025-09-10T06:32:11.094Z",
    "student": 7,
    "date": "2025-09-04",
    "status": "Present",
    "class_section": null
  }
},
{
  "model": "attendance.attendance",
  "pk": 241,
  "fields": {
    "created_at": "2025-09-04T06:55:39.866Z",
    "updated_at": "2025-09-10T06:32:11.097Z",
    "student": 42,
    "date": "2025-09-04",
    "status": "Present",
    "class_section": null
  }
},
{
  "model": "attendance.attendance",
  "pk": 242,
  "fields": {
    "created_at": "2025-09-04T06:55:39.868Z",
    "updated_at": "2025-09-10T06:32:11.100Z",
    "student": 46,
    "date": "2025-09-04",
    "status": "Absent",
    "class_section": null
  }
},
{
  "model": "attendance.attendance",
  "pk": 243,
  "fields": {
    "created_at": "2025-09-04T06:55:39.869Z",
    "updated_at": "2025-09-10T06:32:11.104Z",
    "student": 66,
    "date": "2025-09-04",
    "status": "Present",
    "class_section": null
  }
},
{
  "model": "attendance.attendance",
  "pk": 244,
  "fields": {
    "created_at": "2025-09-04T06:55:39.872Z",
    "updated_at": "2025-09-10T06:32:11.107Z",
    "student": 80,
    "date": "2025-09-04",
    "status": "Absent",
    "class_section": null
  }
},
{
  "model": "attendance.attendance",
  "pk": 245,
  "fields": {
    "created_at": "2025-09-04T06:55:39.874Z",
    "updated_at": "2025-09-10T06:32:11.111Z",
    "student": 91,
    "date": "2025-09-04",
    "status": "Present",
    "class_section": null
  }
},
{
  "model": "attendance.attendance",
  "pk": 246,
  "fields": {
    "created_at": "2025-09-04T06:55:39.876Z",
    "updated_at": "2025-09-10T06:32:11.114Z",
    "student": 94,
    "date": "2025-09-04",
    "status": "Present",
    "class_section": null
  }
},
{
  "model": "attendance.attendance",
  "pk": 247,
  "fields": {
    "created_at": "2025-09-04T06:55:48.388Z",
    "updated_at": "2025-09-10T06:32:11.119Z",
    "student": 19,
    "date": "2025-09-04",
    "status": "Absent",
    "class_section": null
  }
},
{
  "model": "attendance.attendance",
  "pk": 248,
  "fields": {
    "created_at": "2025-09-04T06:55:48.391Z",
    "updated_at": "2025-09-10T06:32:11.122Z",
    "student": 87,
    "date": "2025-09-04",
    "status": "Present",
    "class_section": null
  }
},
{
  "model": "attendance.attendance",
  "pk": 249,
  "fields": {
    "created_at": "2025-09-04T06:55:48.394Z",
    "updated_at": "2025-09-10T06:32:11.126Z",
    "student": 92,
    "date": "2025-09-04",
    "status": "Absent",
    "class_section": null
  }
},
{
  "model": "attendance.attendance",
  "pk": 250,
  "fields": {
    "created_at": "2025-09-04T06:55:48.396Z",
    "updated_at": "2025-09-10T06:32:11.130Z",
    "student": 98,
    "date": "2025-09-04",
    "status": "Present",
    "class_section": null
  }
},
{
  "model": "attendance.attendance",
  "pk": 251,
  "fields": {
    "created_at": "2025-09-04T06:55:48.399Z",
    "updated_at": "2025-09-10T06:32:11.133Z",
    "student": 103,
    "date": "2025-09-04",
    "status": "Present",
    "class_section": null
  }
},
{
  "model": "attendance.attendance",
  "pk": 252,
  "fields": {
    "created_at": "2025-09-04T06:56:00.246Z",
    "updated_at": "2025-09-10T06:32:11.137Z",
    "student": 33,
    "date": "2025-09-04",
    "status": "Present",
    "class_section": null
  }
},
{
  "model": "attendance.attendance",
  "pk": 253,
  "fields": {
    "created_at": "2025-09-04T06:56:00.286Z",
    "updated_at": "2025-09-10T06:32:11.140Z",
    "student": 55,
    "date": "2025-09-04",
    "status": "Absent",
    "class_section": null
  }
},
{
  "model": "attendance.attendance",
  "pk": 254,
  "fields": {
    "created_at": "2025-09-04T06:56:00.289Z",
    "updated_at": "2025-09-10T06:32:11.144Z",
    "student": 79,
    "date": "2025-09-04",
    "status": "Absent",
    "class_section": null
  }
},
{
  "model": "attendance.attendance",
  "pk": 255,
  "fields": {
    "created_at": "2025-09-04T06:56:08.576Z",
    "updated_at": "2025-09-10T06:32:11.147Z",
    "student": 113,
    "date": "2025-09-04",
    "status": "Present",
    "class_section": null
  }
},
{
  "model": "attendance.attendance",
  "pk": 256,
  "fields": {
    "created_at": "2025-09-10T06:31:33.197Z",
    "updated_at": "2025-09-10T06:31:33.197Z",
    "student": 12,
    "date": "2025-09-06",
    "status": "Present",
    "class_section": null
  }
},
{
  "model": "attendance.attendance",
  "pk": 257,
  "fields": {
    "created_at": "2025-09-10T06:31:33.200Z",
    "updated_at": "2025-09-10T06:31:33.200Z",
    "student": 37,
    "date": "2025-09-06",
    "status": "Present",
    "class_section": null
  }
},
{
  "model": "attendance.attendance",
  "pk": 258,
  "fields": {
    "created_at": "2025-09-10T06:31:33.203Z",
    "updated_at": "2025-09-10T06:31:33.204Z",
    "student": 112,
    "date": "2025-09-06",
    "status": "Absent",
    "class_section": null
  }
},
{
  "model": "attendance.attendance",
  "pk": 259,
  "fields": {
    "created_at": "2025-09-10T06:31:33.207Z",
    "updated_at": "2025-09-10T06:31:33.207Z",
    "student": 16,
    "date": "2025-09-06",
    "status": "Present",
    "class_section": null
  }
},
{
  "model": "attendance.attendance",
  "pk": 260,
  "fields": {
    "created_at": "2025-09-10T06:31:33.211Z",
    "updated_at": "2025-09-10T06:31:33.211Z",
    "student": 25,
    "date": "2025-09-06",
    "status": "Present",
    "class_section": null
  }
},
{
  "model": "attendance.attendance",
  "pk": 261,
  "fields": {
    "created_at": "2025-09-10T06:31:33.214Z",
    "updated_at": "2025-09-10T06:31:33.214Z",
    "student": 36,
    "date": "2025-09-06",
    "status": "Present",
    "class_section": null
  }
},
{
  "model": "attendance.attendance",
  "pk": 262,
  "fields": {
    "created_at": "2025-09-10T06:31:33.217Z",
    "updated_at": "2025-09-10T06:31:33.217Z",
    "student": 50,
    "date": "2025-09-06",
    "status": "Present",
    "class_section": null
  }
},
{
  "model": "attendance.attendance",
  "pk": 263,
  "fields": {
    "created_at": "2025-09-10T06:31:33.220Z",
    "updated_at": "2025-09-10T06:31:33.220Z",
    "student": 108,
    "date": "2025-09-06",
    "status": "Present",
    "class_section": null
  }
},
{
  "model": "attendance.attendance",
  "pk": 264,
  "fields": {
    "created_at": "2025-09-10T06:31:33.224Z",
    "updated_at": "2025-09-10T06:31:33.224Z",
    "student": 10,
    "date": "2025-09-06",
    "status": "Present",
    "class_section": null
  }
},
{
  "model": "attendance.attendance",
  "pk": 265,
  "fields": {
    "created_at": "2025-09-10T06:31:33.227Z",
    "updated_at": "2025-09-10T06:31:33.227Z",
    "student": 14,
    "date": "2025-09-06",
    "status": "Present",
    "class_section": null
  }
},
{
  "model": "attendance.attendance",
  "pk": 266,
  "fields": {
    "created_at": "2025-09-10T06:31:33.230Z",
    "updated_at": "2025-09-10T06:31:33.230Z",
    "student": 22,
    "date": "2025-09-06",
    "status": "Present",
    "class_section": null
  }
},
{
  "model": "attendance.attendance",
  "pk": 267,
  "fields": {
    "created_at": "2025-09-10T06:31:33.233Z",
    "updated_at": "2025-09-10T06:31:33.233Z",
    "student": 27,
    "date": "2025-09-06",
    "status": "Present",
    "class_section": null
  }
},
{
  "model": "attendance.attendance",
  "pk": 268,
  "fields": {
    "created_at": "2025-09-10T06:31:33.236Z",
    "updated_at": "2025-09-10T06:31:33.236Z",
    "student": 29,
    "date": "2025-09-06",
    "status": "Present",
    "class_section": null
  }
},
{
  "model": "attendance.attendance",
  "pk": 269,
  "fields": {
    "created_at": "2025-09-10T06:31:33.240Z",
    "updated_at": "2025-09-10T06:31:33.240Z",
    "student": 35,
    "date": "2025-09-06",
    "status": "Absent",
    "class_section": null
  }
},
{
  "model": "attendance.attendance",
  "pk": 270,
  "fields": {
    "created_at": "2025-09-10T06:31:33.243Z",
    "updated_at": "2025-09-10T06:31:33.243Z",
    "student": 38,
    "date": "2025-09-06",
    "status": "Present",
    "class_section": null
  }
},
{
  "model": "attendance.attendance",
  "pk": 271,
  "fields": {
    "created_at": "2025-09-10T06:31:33.246Z",
    "updated_at": "2025-09-10T06:31:33.246Z",
    "student": 41,
    "date": "2025-09-06",
    "status": "Present",
    "class_section": null
  }
},
{
  "model": "attendance.attendance",
  "pk": 272,
  "fields": {
    "created_at": "2025-09-10T06:31:33.250Z",
    "updated_at": "2025-09-10T06:31:33.250Z",
    "student": 47,
    "date": "2025-09-06",
    "status": "Present",
    "class_section": null
  }
},
{
  "model": "attendance.attendance",
  "pk": 274,
  "fields": {
    "created_at": "2025-09-10T06:31:33.256Z",
    "updated_at": "2025-09-10T06:31:33.256Z",
    "student": 11,
    "date": "2025-09-06",
    "status": "Present",
    "class_section": null
  }
},
{
  "model": "attendance.attendance",
  "pk": 275,
  "fields": {
    "created_at": "2025-09-10T06:31:33.259Z",
    "updated_at": "2025-09-10T06:31:33.259Z",
    "student": 15,
    "date": "2025-09-06",
    "status": "Present",
    "class_section": null
  }
},
{
  "model": "attendance.attendance",
  "pk": 276,
  "fields": {
    "created_at": "2025-09-10T06:31:33.262Z",
    "updated_at": "2025-09-10T06:31:33.262Z",
    "student": 17,
    "date": "2025-09-06",
    "status": "Present",
    "class_section": null
  }
},
{
  "model": "attendance.attendance",
  "pk": 277,
  "fields": {
    "created_at": "2025-09-10T06:31:33.266Z",
    "updated_at": "2025-09-10T06:31:33.266Z",
    "student": 18,
    "date": "2025-09-06",
    "status": "Present",
    "class_section": null
  }
},
{
  "model": "attendance.attendance",
  "pk": 278,
  "fields": {
    "created_at": "2025-09-10T06:31:33.269Z",
    "updated_at": "2025-09-10T06:31:33.269Z",
    "student": 20,
    "date": "2025-09-06",
    "status": "Absent",
    "class_section": null
  }
},
{
  "model": "attendance.attendance",
  "pk": 279,
  "fields": {
    "created_at": "2025-09-10T06:31:33.273Z",
    "updated_at": "2025-09-10T06:31:33.273Z",
    "student": 24,
    "date": "2025-09-06",
    "status": "Present",
    "class_section": null
  }
},
{
  "model": "attendance.attendance",
  "pk": 280,
  "fields": {
    "created_at": "2025-09-10T06:31:33.277Z",
    "updated_at": "2025-09-10T06:31:33.277Z",
    "student": 44,
    "date": "2025-09-06",
    "status": "Present",
    "class_section": null
  }
},
{
  "model": "attendance.attendance",
  "pk": 281,
  "fields": {
    "created_at": "2025-09-10T06:31:33.281Z",
    "updated_at": "2025-09-10T06:31:33.281Z",
    "student": 51,
    "date": "2025-09-06",
    "status": "Present",
    "class_section": null
  }
},
{
  "model": "attendance.attendance",
  "pk": 282,
  "fields": {
    "created_at": "2025-09-10T06:31:33.283Z",
    "updated_at": "2025-09-10T06:31:33.283Z",
    "student": 102,
    "date": "2025-09-06",
    "status": "Present",
    "class_section": null
  }
},
{
  "model": "attendance.attendance",
  "pk": 283,
  "fields": {
    "created_at": "2025-09-10T06:31:33.287Z",
    "updated_at": "2025-09-10T06:31:33.287Z",
    "student": 13,
    "date": "2025-09-06",
    "status": "Present",
    "class_section": null
  }
},
{
  "model": "attendance.attendance",
  "pk": 284,
  "fields": {
    "created_at": "2025-09-10T06:31:33.290Z",
    "updated_at": "2025-09-10T06:31:33.290Z",
    "student": 21,
    "date": "2025-09-06",
    "status": "Absent",
    "class_section": null
  }
},
{
  "model": "attendance.attendance",
  "pk": 285,
  "fields": {
    "created_at": "2025-09-10T06:31:33.293Z",
    "updated_at": "2025-09-10T06:31:33.293Z",
    "student": 23,
    "date": "2025-09-06",
    "status": "Present",
    "class_section": null
  }
},
{
  "model": "attendance.attendance",
  "pk": 286,
  "fields": {
    "created_at": "2025-09-10T06:31:33.296Z",
    "updated_at": "2025-09-10T06:31:33.296Z",
    "student": 26,
    "date": "2025-09-06",
    "status": "Present",
    "class_section": null
  }
},
{
  "model": "attendance.attendance",
  "pk": 287,
  "fields": {
    "created_at": "2025-09-10T06:31:33.300Z",
    "updated_at": "2025-09-10T06:31:33.300Z",
    "student": 28,
    "date": "2025-09-06",
    "status": "Present",
    "class_section": null
  }
},
{
  "model": "attendance.attendance",
  "pk": 288,
  "fields": {
    "created_at": "2025-09-10T06:31:33.303Z",
    "updated_at": "2025-09-10T06:31:33.303Z",
    "student": 31,
    "date": "2025-09-06",
    "status": "Absent",
    "class_section": null
  }
},
{
  "model": "attendance.attendance",
  "pk": 289,
  "fields": {
    "created_at": "2025-09-10T06:31:33.306Z",
    "updated_at": "2025-09-10T06:31:33.306Z",
    "student": 34,
    "date": "2025-09-06",
    "status": "Present",
    "class_section": null
  }
},
{
  "model": "attendance.attendance",
  "pk": 290,
  "fields": {
    "created_at": "2025-09-10T06:31:33.309Z",
    "updated_at": "2025-09-10T06:31:33.309Z",
    "student": 40,
    "date": "2025-09-06",
    "status": "Present",
    "class_section": null
  }
},
{
  "model": "attendance.attendance",
  "pk": 291,
  "fields": {
    "created_at": "2025-09-10T06:31:33.313Z",
    "updated_at": "2025-09-10T06:31:33.313Z",
    "student": 43,
    "date": "2025-09-06",
    "status": "Absent",
    "class_section": null
  }
},
{
  "model": "attendance.attendance",
  "pk": 292,
  "fields": {
    "created_at": "2025-09-10T06:31:33.316Z",
    "updated_at": "2025-09-10T06:31:33.316Z",
    "student": 53,
    "date": "2025-09-06",
    "status": "Present",
    "class_section": null
  }
},
{
  "model": "attendance.attendance",
  "pk": 293,
  "fields": {
    "created_at": "2025-09-10T06:31:33.320Z",
    "updated_at": "2025-09-10T06:31:33.320Z",
    "student": 57,
    "date": "2025-09-06",
    "status": "Present",
    "class_section": null
  }
},
{
  "model": "attendance.attendance",
  "pk": 294,
  "fields": {
    "created_at": "2025-09-10T06:31:33.323Z",
    "updated_at": "2025-09-10T06:31:33.323Z",
    "student": 32,
    "date": "2025-09-06",
    "status": "Present",
    "class_section": null
  }
},
{
  "model": "attendance.attendance",
  "pk": 295,
  "fields": {
    "created_at": "2025-09-10T06:31:33.326Z",
    "updated_at": "2025-09-10T06:31:33.326Z",
    "student": 48,
    "date": "2025-09-06",
    "status": "Present",
    "class_section": null
  }
},
{
  "model": "attendance.attendance",
  "pk": 296,
  "fields": {
    "created_at": "2025-09-10T06:31:33.330Z",
    "updated_at": "2025-09-10T06:31:33.330Z",
    "student": 49,
    "date": "2025-09-06",
    "status": "Present",
    "class_section": null
  }
},
{
  "model": "attendance.attendance",
  "pk": 297,
  "fields": {
    "created_at": "2025-09-10T06:31:33.333Z",
    "updated_at": "2025-09-10T06:31:33.333Z",
    "student": 52,
    "date": "2025-09-06",
    "status": "Present",
    "class_section": null
  }
},
{
  "model": "attendance.attendance",
  "pk": 298,
  "fields": {
    "created_at": "2025-09-10T06:31:33.337Z",
    "updated_at": "2025-09-10T06:31:33.337Z",
    "student": 56,
    "date": "2025-09-06",
    "status": "Absent",
    "class_section": null
  }
},
{
  "model": "attendance.attendance",
  "pk": 299,
  "fields": {
    "created_at": "2025-09-10T06:31:33.340Z",
    "updated_at": "2025-09-10T06:31:33.340Z",
    "student": 58,
    "date": "2025-09-06",
    "status": "Present",
    "class_section": null
  }
},
{
  "model": "attendance.attendance",
  "pk": 300,
  "fields": {
    "created_at": "2025-09-10T06:31:33.344Z",
    "updated_at": "2025-09-10T06:31:33.344Z",
    "student": 59,
    "date": "2025-09-06",
    "status": "Present",
    "class_section": null
  }
},
{
  "model": "attendance.attendance",
  "pk": 301,
  "fields": {
    "created_at": "2025-09-10T06:31:33.347Z",
    "updated_at": "2025-09-10T06:31:33.347Z",
    "student": 62,
    "date": "2025-09-06",
    "status": "Absent",
    "class_section": null
  }
},
{
  "model": "attendance.attendance",
  "pk": 302,
  "fields": {
    "created_at": "2025-09-10T06:31:33.350Z",
    "updated_at": "2025-09-10T06:31:33.350Z",
    "student": 65,
    "date": "2025-09-06",
    "status": "Present",
    "class_section": null
  }
},
{
  "model": "attendance.attendance",
  "pk": 303,
  "fields": {
    "created_at": "2025-09-10T06:31:33.354Z",
    "updated_at": "2025-09-10T06:31:33.354Z",
    "student": 78,
    "date": "2025-09-06",
    "status": "Present",
    "class_section": null
  }
},
{
  "model": "attendance.attendance",
  "pk": 304,
  "fields": {
    "created_at": "2025-09-10T06:31:33.357Z",
    "updated_at": "2025-09-10T06:31:33.357Z",
    "student": 84,
    "date": "2025-09-06",
    "status": "Present",
    "class_section": null
  }
},
{
  "model": "attendance.attendance",
  "pk": 305,
  "fields": {
    "created_at": "2025-09-10T06:31:33.361Z",
    "updated_at": "2025-09-10T06:31:33.361Z",
    "student": 86,
    "date": "2025-09-06",
    "status": "Absent",
    "class_section": null
  }
},
{
  "model": "attendance.attendance",
  "pk": 306,
  "fields": {
    "created_at": "2025-09-10T06:31:33.364Z",
    "updated_at": "2025-09-10T06:31:33.364Z",
    "student": 88,
    "date": "2025-09-06",
    "status": "Present",
    "class_section": null
  }
},
{
  "model": "attendance.attendance",
  "pk": 307,
  "fields": {
    "created_at": "2025-09-10T06:31:33.367Z",
    "updated_at": "2025-09-10T06:31:33.367Z",
    "student": 89,
    "date": "2025-09-06",
    "status": "Present",
    "class_section": null
  }
},
{
  "model": "attendance.attendance",
  "pk": 308,
  "fields": {
    "created_at": "2025-09-10T06:31:33.371Z",
    "updated_at": "2025-09-10T06:31:33.371Z",
    "student": 6,
    "date": "2025-09-06",
    "status": "Present",
    "class_section": null
  }
},
{
  "model": "attendance.attendance",
  "pk": 309,
  "fields": {
    "created_at": "2025-09-10T06:31:33.374Z",
    "updated_at": "2025-09-10T06:31:33.374Z",
    "student": 45,
    "date": "2025-09-06",
    "status": "Present",
    "class_section": null
  }
},
{
  "model": "attendance.attendance",
  "pk": 310,
  "fields": {
    "created_at": "2025-09-10T06:31:33.377Z",
    "updated_at": "2025-09-10T06:31:33.377Z",
    "student": 54,
    "date": "2025-09-06",
    "status": "Absent",
    "class_section": null
  }
},
{
  "model": "attendance.attendance",
  "pk": 311,
  "fields": {
    "created_at": "2025-09-10T06:31:33.380Z",
    "updated_at": "2025-09-10T06:31:33.380Z",
    "student": 64,
    "date": "2025-09-06",
    "status": "Present",
    "class_section": null
  }
},
{
  "model": "attendance.attendance",
  "pk": 312,
  "fields": {
    "created_at": "2025-09-10T06:31:33.384Z",
    "updated_at": "2025-09-10T06:31:33.384Z",
    "student": 68,
    "date": "2025-09-06",
    "status": "Present",
    "class_section": null
  }
},
{
  "model": "attendance.attendance",
  "pk": 313,
  "fields": {
    "created_at": "2025-09-10T06:31:33.387Z",
    "updated_at": "2025-09-10T06:31:33.387Z",
    "student": 69,
    "date": "2025-09-06",
    "status": "Present",
    "class_section": null
  }
},
{
  "model": "attendance.attendance",
  "pk": 314,
  "fields": {
    "created_at": "2025-09-10T06:31:33.390Z",
    "updated_at": "2025-09-10T06:31:33.390Z",
    "student": 72,
    "date": "2025-09-06",
    "status": "Absent",
    "class_section": null
  }
},
{
  "model": "attendance.attendance",
  "pk": 315,
  "fields": {
    "created_at": "2025-09-10T06:31:33.394Z",
    "updated_at": "2025-09-10T06:31:33.394Z",
    "student": 73,
    "date": "2025-09-06",
    "status": "Present",
    "class_section": null
  }
},
{
  "model": "attendance.attendance",
  "pk": 316,
  "fields": {
    "created_at": "2025-09-10T06:31:33.397Z",
    "updated_at": "2025-09-10T06:31:33.397Z",
    "student": 75,
    "date": "2025-09-06",
    "status": "Present",
    "class_section": null
  }
},
{
  "model": "attendance.attendance",
  "pk": 317,
  "fields": {
    "created_at": "2025-09-10T06:31:33.401Z",
    "updated_at": "2025-09-10T06:31:33.401Z",
    "student": 82,
    "date": "2025-09-06",
    "status": "Present",
    "class_section": null
  }
},
{
  "model": "attendance.attendance",
  "pk": 318,
  "fields": {
    "created_at": "2025-09-10T06:31:33.404Z",
    "updated_at": "2025-09-10T06:31:33.404Z",
    "student": 83,
    "date": "2025-09-06",
    "status": "Absent",
    "class_section": null
  }
},
{
  "model": "attendance.attendance",
  "pk": 319,
  "fields": {
    "created_at": "2025-09-10T06:31:33.407Z",
    "updated_at": "2025-09-10T06:31:33.407Z",
    "student": 93,
    "date": "2025-09-06",
    "status": "Present",
    "class_section": null
  }
},
{
  "model": "attendance.attendance",
  "pk": 320,
  "fields": {
    "created_at": "2025-09-10T06:31:33.410Z",
    "updated_at": "2025-09-10T06:31:33.410Z",
    "student": 95,
    "date": "2025-09-06",
    "status": "Present",
    "class_section": null
  }
},
{
  "model": "attendance.attendance",
  "pk": 321,
  "fields": {
    "created_at": "2025-09-10T06:31:33.413Z",
    "updated_at": "2025-09-10T06:31:33.413Z",
    "student": 99,
    "date": "2025-09-06",
    "status": "Absent",
    "class_section": null
  }
},
{
  "model": "attendance.attendance",
  "pk": 322,
  "fields": {
    "created_at": "2025-09-10T06:31:33.417Z",
    "updated_at": "2025-09-10T06:31:33.417Z",
    "student": 100,
    "date": "2025-09-06",
    "status": "Present",
    "class_section": null
  }
},
{
  "model": "attendance.attendance",
  "pk": 323,
  "fields": {
    "created_at": "2025-09-10T06:31:33.421Z",
    "updated_at": "2025-09-10T06:31:33.421Z",
    "student": 101,
    "date": "2025-09-06",
    "status": "Present",
    "class_section": null
  }
},
{
  "model": "attendance.attendance",
  "pk": 324,
  "fields": {
    "created_at": "2025-09-10T06:31:33.425Z",
    "updated_at": "2025-09-10T06:31:33.425Z",
    "student": 39,
    "date": "2025-09-06",
    "status": "Present",
    "class_section": null
  }
},
{
  "model": "attendance.attendance",
  "pk": 325,
  "fields": {
    "created_at": "2025-09-10T06:31:33.428Z",
    "updated_at": "2025-09-10T06:31:33.428Z",
    "student": 60,
    "date": "2025-09-06",
    "status": "Absent",
    "class_section": null
  }
},
{
  "model": "attendance.attendance",
  "pk": 326,
  "fields": {
    "created_at": "2025-09-10T06:31:33.432Z",
    "updated_at": "2025-09-10T06:31:33.432Z",
    "student": 61,
    "date": "2025-09-06",
    "status": "Present",
    "class_section": null
  }
},
{
  "model": "attendance.attendance",
  "pk": 327,
  "fields": {
    "created_at": "2025-09-10T06:31:33.435Z",
    "updated_at": "2025-09-10T06:31:33.435Z",
    "student": 63,
    "date": "2025-09-06",
    "status": "Present",
    "class_section": null
  }
},
{
  "model": "attendance.attendance",
  "pk": 328,
  "fields": {
    "created_at": "2025-09-10T06:31:33.439Z",
    "updated_at": "2025-09-10T06:31:33.439Z",
    "student": 67,
    "date": "2025-09-06",
    "status": "Present",
    "class_section": null
  }
},
{
  "model": "attendance.attendance",
  "pk": 329,
  "fields": {
    "created_at": "2025-09-10T06:31:33.442Z",
    "updated_at": "2025-09-10T06:31:33.442Z",
    "student": 76,
    "date": "2025-09-06",
    "status": "Absent",
    "class_section": null
  }
},
{
  "model": "attendance.attendance",
  "pk": 330,
  "fields": {
    "created_at": "2025-09-10T06:31:33.446Z",
    "updated_at": "2025-09-10T06:31:33.446Z",
    "student": 85,
    "date": "2025-09-06",
    "status": "Present",
    "class_section": null
  }
},
{
  "model": "attendance.attendance",
  "pk": 331,
  "fields": {
    "created_at": "2025-09-10T06:31:33.449Z",
    "updated_at": "2025-09-10T06:31:33.449Z",
    "student": 90,
    "date": "2025-09-06",
    "status": "Present",
    "class_section": null
  }
},
{
  "model": "attendance.attendance",
  "pk": 332,
  "fields": {
    "created_at": "2025-09-10T06:31:33.453Z",
    "updated_at": "2025-09-10T06:31:33.453Z",
    "student": 1,
    "date": "2025-09-06",
    "status": "Present",
    "class_section": null
  }
},
{
  "model": "attendance.attendance",
  "pk": 333,
  "fields": {
    "created_at": "2025-09-10T06:31:33.457Z",
    "updated_at": "2025-09-10T06:31:33.457Z",
    "student": 3,
    "date": "2025-09-06",
    "status": "Absent",
    "class_section": null
  }
},
{
  "model": "attendance.attendance",
  "pk": 334,
  "fields": {
    "created_at": "2025-09-10T06:31:33.460Z",
    "updated_at": "2025-09-10T06:31:33.460Z",
    "student": 70,
    "date": "2025-09-06",
    "status": "Present",
    "class_section": null
  }
},
{
  "model": "attendance.attendance",
  "pk": 335,
  "fields": {
    "created_at": "2025-09-10T06:31:33.463Z",
    "updated_at": "2025-09-10T06:31:33.463Z",
    "student": 71,
    "date": "2025-09-06",
    "status": "Absent",
    "class_section": null
  }
},
{
  "model": "attendance.attendance",
  "pk": 336,
  "fields": {
    "created_at": "2025-09-10T06:31:33.466Z",
    "updated_at": "2025-09-10T06:31:33.466Z",
    "student": 74,
    "date": "2025-09-06",
    "status": "Present",
    "class_section": null
  }
},
{
  "model": "attendance.attendance",
  "pk": 337,
  "fields": {
    "created_at": "2025-09-10T06:31:33.468Z",
    "updated_at": "2025-09-10T06:31:33.468Z",
    "student": 77,
    "date": "2025-09-06",
    "status": "Absent",
    "class_section": null
  }
},
{
  "model": "attendance.attendance",
  "pk": 338,
  "fields": {
    "created_at": "2025-09-10T06:31:33.472Z",
    "updated_at": "2025-09-10T06:31:33.472Z",
    "student": 81,
    "date": "2025-09-06",
    "status": "Present",
    "class_section": null
  }
},
{
  "model": "attendance.attendance",
  "pk": 339,
  "fields": {
    "created_at": "2025-09-10T06:31:33.475Z",
    "updated_at": "2025-09-10T06:31:33.475Z",
    "student": 96,
    "date": "2025-09-06",
    "status": "Absent",
    "class_section": null
  }
},
{
  "model": "attendance.attendance",
  "pk": 340,
  "fields": {
    "created_at": "2025-09-10T06:31:33.478Z",
    "updated_at": "2025-09-10T06:31:33.478Z",
    "student": 97,
    "date": "2025-09-06",
    "status": "Present",
    "class_section": null
  }
},
{
  "model": "attendance.attendance",
  "pk": 341,
  "fields": {
    "created_at": "2025-09-10T06:31:33.481Z",
    "updated_at": "2025-09-10T06:31:33.481Z",
    "student": 4,
    "date": "2025-09-06",
    "status": "Present",
    "class_section": null
  }
},
{
  "model": "attendance.attendance",
  "pk": 342,
  "fields": {
    "created_at": "2025-09-10T06:31:33.484Z",
    "updated_at": "2025-09-10T06:31:33.484Z",
    "student": 5,
    "date": "2025-09-06",
    "status": "Present",
    "class_section": null
  }
},
{
  "model": "attendance.attendance",
  "pk": 343,
  "fields": {
    "created_at": "2025-09-10T06:31:33.487Z",
    "updated_at": "2025-09-10T06:31:33.487Z",
    "student": 7,
    "date": "2025-09-06",
    "status": "Absent",
    "class_section": null
  }
},
{
  "model": "attendance.attendance",
  "pk": 344,
  "fields": {
    "created_at": "2025-09-10T06:31:33.490Z",
    "updated_at": "2025-09-10T06:31:33.490Z",
    "student": 42,
    "date": "2025-09-06",
    "status": "Present",
    "class_section": null
  }
},
{
  "model": "attendance.attendance",
  "pk": 345,
  "fields": {
    "created_at": "2025-09-10T06:31:33.493Z",
    "updated_at": "2025-09-10T06:31:33.493Z",
    "student": 46,
    "date": "2025-09-06",
    "status": "Absent",
    "class_section": null
  }
},
{
  "model": "attendance.attendance",
  "pk": 346,
  "fields": {
    "created_at": "2025-09-10T06:31:33.495Z",
    "updated_at": "2025-09-10T06:31:33.495Z",
    "student": 66,
    "date": "2025-09-06",
    "status": "Absent",
    "class_section": null
  }
},
{
  "model": "attendance.attendance",
  "pk": 347,
  "fields": {
    "created_at": "2025-09-10T06:31:33.498Z",
    "updated_at": "2025-09-10T06:31:33.498Z",
    "student": 80,
    "date": "2025-09-06",
    "status": "Present",
    "class_section": null
  }
},
{
  "model": "attendance.attendance",
  "pk": 348,
  "fields": {
    "created_at": "2025-09-10T06:31:33.501Z",
    "updated_at": "2025-09-10T06:31:33.501Z",
    "student": 91,
    "date": "2025-09-06",
    "status": "Absent",
    "class_section": null
  }
},
{
  "model": "attendance.attendance",
  "pk": 349,
  "fields": {
    "created_at": "2025-09-10T06:31:33.504Z",
    "updated_at": "2025-09-10T06:31:33.504Z",
    "student": 94,
    "date": "2025-09-06",
    "status": "Absent",
    "class_section": null
  }
},
{
  "model": "attendance.attendance",
  "pk": 350,
  "fields": {
    "created_at": "2025-09-10T06:31:33.507Z",
    "updated_at": "2025-09-10T06:31:33.507Z",
    "student": 19,
    "date": "2025-09-06",
    "status": "Present",
    "class_section": null
  }
},
{
  "model": "attendance.attendance",
  "pk": 351,
  "fields": {
    "created_at": "2025-09-10T06:31:33.510Z",
    "updated_at": "2025-09-10T06:31:33.510Z",
    "student": 87,
    "date": "2025-09-06",
    "status": "Absent",
    "class_section": null
  }
},
{
  "model": "attendance.attendance",
  "pk": 352,
  "fields": {
    "created_at": "2025-09-10T06:31:33.513Z",
    "updated_at": "2025-09-10T06:31:33.513Z",
    "student": 92,
    "date": "2025-09-06",
    "status": "Present",
    "class_section": null
  }
},
{
  "model": "attendance.attendance",
  "pk": 353,
  "fields": {
    "created_at": "2025-09-10T06:31:33.516Z",
    "updated_at": "2025-09-10T06:31:33.516Z",
    "student": 98,
    "date": "2025-09-06",
    "status": "Present",
    "class_section": null
  }
},
{
  "model": "attendance.attendance",
  "pk": 354,
  "fields": {
    "created_at": "2025-09-10T06:31:33.519Z",
    "updated_at": "2025-09-10T06:31:33.519Z",
    "student": 103,
    "date": "2025-09-06",
    "status": "Present",
    "class_section": null
  }
},
{
  "model": "attendance.attendance",
  "pk": 355,
  "fields": {
    "created_at": "2025-09-10T06:31:33.522Z",
    "updated_at": "2025-09-10T06:31:33.522Z",
    "student": 30,
    "date": "2025-09-06",
    "status": "Present",
    "class_section": null
  }
},
{
  "model": "attendance.attendance",
  "pk": 356,
  "fields": {
    "created_at": "2025-09-10T06:31:33.525Z",
    "updated_at": "2025-09-10T06:31:33.525Z",
    "student": 33,
    "date": "2025-09-06",
    "status": "Present",
    "class_section": null
  }
},
{
  "model": "attendance.attendance",
  "pk": 357,
  "fields": {
    "created_at": "2025-09-10T06:31:33.528Z",
    "updated_at": "2025-09-10T06:31:33.528Z",
    "student": 55,
    "date": "2025-09-06",
    "status": "Present",
    "class_section": null
  }
},
{
  "model": "attendance.attendance",
  "pk": 358,
  "fields": {
    "created_at": "2025-09-10T06:31:33.531Z",
    "updated_at": "2025-09-10T06:31:33.531Z",
    "student": 79,
    "date": "2025-09-06",
    "status": "Present",
    "class_section": null
  }
},
{
  "model": "attendance.attendance",
  "pk": 360,
  "fields": {
    "created_at": "2025-09-10T06:31:33.534Z",
    "updated_at": "2025-09-10T06:31:33.534Z",
    "student": 12,
    "date": "2025-09-07",
    "status": "Absent",
    "class_section": null
  }
},
{
  "model": "attendance.attendance",
  "pk": 361,
  "fields": {
    "created_at": "2025-09-10T06:31:33.537Z",
    "updated_at": "2025-09-10T06:31:33.537Z",
    "student": 37,
    "date": "2025-09-07",
    "status": "Present",
    "class_section": null
  }
},
{
  "model": "attendance.attendance",
  "pk": 362,
  "fields": {
    "created_at": "2025-09-10T06:31:33.539Z",
    "updated_at": "2025-09-10T06:31:33.539Z",
    "student": 112,
    "date": "2025-09-07",
    "status": "Present",
    "class_section": null
  }
},
{
  "model": "attendance.attendance",
  "pk": 363,
  "fields": {
    "created_at": "2025-09-10T06:31:33.542Z",
    "updated_at": "2025-09-10T06:31:33.542Z",
    "student": 12,
    "date": "2025-09-08",
    "status": "Present",
    "class_section": null
  }
},
{
  "model": "attendance.attendance",
  "pk": 364,
  "fields": {
    "created_at": "2025-09-10T06:31:33.545Z",
    "updated_at": "2025-09-10T06:31:33.545Z",
    "student": 37,
    "date": "2025-09-08",
    "status": "Present",
    "class_section": null
  }
},
{
  "model": "attendance.attendance",
  "pk": 365,
  "fields": {
    "created_at": "2025-09-10T06:31:33.548Z",
    "updated_at": "2025-09-10T06:31:33.548Z",
    "student": 112,
    "date": "2025-09-08",
    "status": "Present",
    "class_section": null
  }
},
{
  "model": "attendance.attendance",
  "pk": 366,
  "fields": {
    "created_at": "2025-09-10T06:31:33.551Z",
    "updated_at": "2025-09-10T06:31:33.551Z",
    "student": 16,
    "date": "2025-09-08",
    "status": "Present",
    "class_section": null
  }
},
{
  "model": "attendance.attendance",
  "pk": 367,
  "fields": {
    "created_at": "2025-09-10T06:31:33.553Z",
    "updated_at": "2025-09-10T06:31:33.553Z",
    "student": 25,
    "date": "2025-09-08",
    "status": "Present",
    "class_section": null
  }
},
{
  "model": "attendance.attendance",
  "pk": 368,
  "fields": {
    "created_at": "2025-09-10T06:31:33.556Z",
    "updated_at": "2025-09-10T06:31:33.556Z",
    "student": 36,
    "date": "2025-09-08",
    "status": "Present",
    "class_section": null
  }
},
{
  "model": "attendance.attendance",
  "pk": 369,
  "fields": {
    "created_at": "2025-09-10T06:31:33.559Z",
    "updated_at": "2025-09-10T06:31:33.559Z",
    "student": 50,
    "date": "2025-09-08",
    "status": "Present",
    "class_section": null
  }
},
{
  "model": "attendance.attendance",
  "pk": 370,
  "fields": {
    "created_at": "2025-09-10T06:31:33.563Z",
    "updated_at": "2025-09-10T06:31:33.563Z",
    "student": 108,
    "date": "2025-09-08",
    "status": "Absent",
    "class_section": null
  }
},
{
  "model": "attendance.attendance",
  "pk": 371,
  "fields": {
    "created_at": "2025-09-10T06:31:33.565Z",
    "updated_at": "2025-09-10T06:31:33.565Z",
    "student": 10,
    "date": "2025-09-08",
    "status": "Present",
    "class_section": null
  }
},
{
  "model": "attendance.attendance",
  "pk": 372,
  "fields": {
    "created_at": "2025-09-10T06:31:33.568Z",
    "updated_at": "2025-09-10T06:31:33.568Z",
    "student": 14,
    "date": "2025-09-08",
    "status": "Absent",
    "class_section": null
  }
},
{
  "model": "attendance.attendance",
  "pk": 373,
  "fields": {
    "created_at": "2025-09-10T06:31:33.571Z",
    "updated_at": "2025-09-10T06:31:33.571Z",
    "student": 22,
    "date": "2025-09-08",
    "status": "Present",
    "class_section": null
  }
},
{
  "model": "attendance.attendance",
  "pk": 374,
  "fields": {
    "created_at": "2025-09-10T06:31:33.574Z",
    "updated_at": "2025-09-10T06:31:33.574Z",
    "student": 27,
    "date": "2025-09-08",
    "status": "Absent",
    "class_section": null
  }
},
{
  "model": "attendance.attendance",
  "pk": 375,
  "fields": {
    "created_at": "2025-09-10T06:31:33.577Z",
    "updated_at": "2025-09-10T06:31:33.577Z",
    "student": 29,
    "date": "2025-09-08",
    "status": "Present",
    "class_section": null
  }
},
{
  "model": "attendance.attendance",
  "pk": 376,
  "fields": {
    "created_at": "2025-09-10T06:31:33.579Z",
    "updated_at": "2025-09-10T06:31:33.579Z",
    "student": 35,
    "date": "2025-09-08",
    "status": "Present",
    "class_section": null
  }
},
{
  "model": "attendance.attendance",
  "pk": 377,
  "fields": {
    "created_at": "2025-09-10T06:31:33.582Z",
    "updated_at": "2025-09-10T06:31:33.582Z",
    "student": 38,
    "date": "2025-09-08",
    "status": "Absent",
    "class_section": null
  }
},
{
  "model": "attendance.attendance",
  "pk": 378,
  "fields": {
    "created_at": "2025-09-10T06:31:33.585Z",
    "updated_at": "2025-09-10T06:31:33.585Z",
    "student": 41,
    "date": "2025-09-08",
    "status": "Present",
    "class_section": null
  }
},
{
  "model": "attendance.attendance",
  "pk": 379,
  "fields": {
    "created_at": "2025-09-10T06:31:33.588Z",
    "updated_at": "2025-09-10T06:31:33.588Z",
    "student": 47,
    "date": "2025-09-08",
    "status": "Present",
    "class_section": null
  }
},
{
  "model": "attendance.attendance",
  "pk": 381,
  "fields": {
    "created_at": "2025-09-10T06:31:33.594Z",
    "updated_at": "2025-09-10T06:31:33.594Z",
    "student": 11,
    "date": "2025-09-08",
    "status": "Absent",
    "class_section": null
  }
},
{
  "model": "attendance.attendance",
  "pk": 382,
  "fields": {
    "created_at": "2025-09-10T06:31:33.597Z",
    "updated_at": "2025-09-10T06:31:33.597Z",
    "student": 15,
    "date": "2025-09-08",
    "status": "Present",
    "class_section": null
  }
},
{
  "model": "attendance.attendance",
  "pk": 383,
  "fields": {
    "created_at": "2025-09-10T06:31:33.599Z",
    "updated_at": "2025-09-10T06:31:33.600Z",
    "student": 17,
    "date": "2025-09-08",
    "status": "Present",
    "class_section": null
  }
},
{
  "model": "attendance.attendance",
  "pk": 384,
  "fields": {
    "created_at": "2025-09-10T06:31:33.602Z",
    "updated_at": "2025-09-10T06:31:33.603Z",
    "student": 18,
    "date": "2025-09-08",
    "status": "Present",
    "class_section": null
  }
},
{
  "model": "attendance.attendance",
  "pk": 385,
  "fields": {
    "created_at": "2025-09-10T06:31:33.605Z",
    "updated_at": "2025-09-10T06:31:33.605Z",
    "student": 20,
    "date": "2025-09-08",
    "status": "Absent",
    "class_section": null
  }
},
{
  "model": "attendance.attendance",
  "pk": 386,
  "fields": {
    "created_at": "2025-09-10T06:31:33.608Z",
    "updated_at": "2025-09-10T06:31:33.608Z",
    "student": 24,
    "date": "2025-09-08",
    "status": "Present",
    "class_section": null
  }
},
{
  "model": "attendance.attendance",
  "pk": 387,
  "fields": {
    "created_at": "2025-09-10T06:31:33.612Z",
    "updated_at": "2025-09-10T06:31:33.612Z",
    "student": 44,
    "date": "2025-09-08",
    "status": "Present",
    "class_section": null
  }
},
{
  "model": "attendance.attendance",
  "pk": 388,
  "fields": {
    "created_at": "2025-09-10T06:31:33.615Z",
    "updated_at": "2025-09-10T06:31:33.615Z",
    "student": 51,
    "date": "2025-09-08",
    "status": "Present",
    "class_section": null
  }
},
{
  "model": "attendance.attendance",
  "pk": 389,
  "fields": {
    "created_at": "2025-09-10T06:31:33.619Z",
    "updated_at": "2025-09-10T06:31:33.619Z",
    "student": 102,
    "date": "2025-09-08",
    "status": "Present",
    "class_section": null
  }
},
{
  "model": "attendance.attendance",
  "pk": 390,
  "fields": {
    "created_at": "2025-09-10T06:31:33.622Z",
    "updated_at": "2025-09-10T06:31:33.622Z",
    "student": 13,
    "date": "2025-09-08",
    "status": "Present",
    "class_section": null
  }
},
{
  "model": "attendance.attendance",
  "pk": 391,
  "fields": {
    "created_at": "2025-09-10T06:31:33.625Z",
    "updated_at": "2025-09-10T06:31:33.625Z",
    "student": 21,
    "date": "2025-09-08",
    "status": "Absent",
    "class_section": null
  }
},
{
  "model": "attendance.attendance",
  "pk": 392,
  "fields": {
    "created_at": "2025-09-10T06:31:33.628Z",
    "updated_at": "2025-09-10T06:31:33.628Z",
    "student": 23,
    "date": "2025-09-08",
    "status": "Present",
    "class_section": null
  }
},
{
  "model": "attendance.attendance",
  "pk": 393,
  "fields": {
    "created_at": "2025-09-10T06:31:33.631Z",
    "updated_at": "2025-09-10T06:31:33.631Z",
    "student": 26,
    "date": "2025-09-08",
    "status": "Present",
    "class_section": null
  }
},
{
  "model": "attendance.attendance",
  "pk": 394,
  "fields": {
    "created_at": "2025-09-10T06:31:33.633Z",
    "updated_at": "2025-09-10T06:31:33.633Z",
    "student": 28,
    "date": "2025-09-08",
    "status": "Present",
    "class_section": null
  }
},
{
  "model": "attendance.attendance",
  "pk": 395,
  "fields": {
    "created_at": "2025-09-10T06:31:33.636Z",
    "updated_at": "2025-09-10T06:31:33.636Z",
    "student": 31,
    "date": "2025-09-08",
    "status": "Present",
    "class_section": null
  }
},
{
  "model": "attendance.attendance",
  "pk": 396,
  "fields": {
    "created_at": "2025-09-10T06:31:33.639Z",
    "updated_at": "2025-09-10T06:31:33.639Z",
    "student": 34,
    "date": "2025-09-08",
    "status": "Absent",
    "class_section": null
  }
},
{
  "model": "attendance.attendance",
  "pk": 397,
  "fields": {
    "created_at": "2025-09-10T06:31:33.642Z",
    "updated_at": "2025-09-10T06:31:33.642Z",
    "student": 40,
    "date": "2025-09-08",
    "status": "Present",
    "class_section": null
  }
},
{
  "model": "attendance.attendance",
  "pk": 398,
  "fields": {
    "created_at": "2025-09-10T06:31:33.645Z",
    "updated_at": "2025-09-10T06:31:33.645Z",
    "student": 43,
    "date": "2025-09-08",
    "status": "Present",
    "class_section": null
  }
},
{
  "model": "attendance.attendance",
  "pk": 399,
  "fields": {
    "created_at": "2025-09-10T06:31:33.648Z",
    "updated_at": "2025-09-10T06:31:33.648Z",
    "student": 53,
    "date": "2025-09-08",
    "status": "Present",
    "class_section": null
  }
},
{
  "model": "attendance.attendance",
  "pk": 400,
  "fields": {
    "created_at": "2025-09-10T06:31:33.650Z",
    "updated_at": "2025-09-10T06:31:33.650Z",
    "student": 57,
    "date": "2025-09-08",
    "status": "Present",
    "class_section": null
  }
},
{
  "model": "attendance.attendance",
  "pk": 401,
  "fields": {
    "created_at": "2025-09-10T06:31:33.653Z",
    "updated_at": "2025-09-10T06:31:33.653Z",
    "student": 32,
    "date": "2025-09-08",
    "status": "Present",
    "class_section": null
  }
},
{
  "model": "attendance.attendance",
  "pk": 402,
  "fields": {
    "created_at": "2025-09-10T06:31:33.656Z",
    "updated_at": "2025-09-10T06:31:33.656Z",
    "student": 48,
    "date": "2025-09-08",
    "status": "Present",
    "class_section": null
  }
},
{
  "model": "attendance.attendance",
  "pk": 403,
  "fields": {
    "created_at": "2025-09-10T06:31:33.659Z",
    "updated_at": "2025-09-10T06:31:33.659Z",
    "student": 49,
    "date": "2025-09-08",
    "status": "Present",
    "class_section": null
  }
},
{
  "model": "attendance.attendance",
  "pk": 404,
  "fields": {
    "created_at": "2025-09-10T06:31:33.661Z",
    "updated_at": "2025-09-10T06:31:33.661Z",
    "student": 52,
    "date": "2025-09-08",
    "status": "Absent",
    "class_section": null
  }
},
{
  "model": "attendance.attendance",
  "pk": 405,
  "fields": {
    "created_at": "2025-09-10T06:31:33.664Z",
    "updated_at": "2025-09-10T06:31:33.664Z",
    "student": 56,
    "date": "2025-09-08",
    "status": "Present",
    "class_section": null
  }
},
{
  "model": "attendance.attendance",
  "pk": 406,
  "fields": {
    "created_at": "2025-09-10T06:31:33.667Z",
    "updated_at": "2025-09-10T06:31:33.667Z",
    "student": 58,
    "date": "2025-09-08",
    "status": "Present",
    "class_section": null
  }
},
{
  "model": "attendance.attendance",
  "pk": 407,
  "fields": {
    "created_at": "2025-09-10T06:31:33.670Z",
    "updated_at": "2025-09-10T06:31:33.670Z",
    "student": 59,
    "date": "2025-09-08",
    "status": "Present",
    "class_section": null
  }
},
{
  "model": "attendance.attendance",
  "pk": 408,
  "fields": {
    "created_at": "2025-09-10T06:31:33.673Z",
    "updated_at": "2025-09-10T06:31:33.673Z",
    "student": 62,
    "date": "2025-09-08",
    "status": "Present",
    "class_section": null
  }
},
{
  "model": "attendance.attendance",
  "pk": 409,
  "fields": {
    "created_at": "2025-09-10T06:31:33.676Z",
    "updated_at": "2025-09-10T06:31:33.676Z",
    "student": 65,
    "date": "2025-09-08",
    "status": "Absent",
    "class_section": null
  }
},
{
  "model": "attendance.attendance",
  "pk": 410,
  "fields": {
    "created_at": "2025-09-10T06:31:33.679Z",
    "updated_at": "2025-09-10T06:31:33.679Z",
    "student": 78,
    "date": "2025-09-08",
    "status": "Present",
    "class_section": null
  }
},
{
  "model": "attendance.attendance",
  "pk": 411,
  "fields": {
    "created_at": "2025-09-10T06:31:33.682Z",
    "updated_at": "2025-09-10T06:31:33.682Z",
    "student": 84,
    "date": "2025-09-08",
    "status": "Present",
    "class_section": null
  }
},
{
  "model": "attendance.attendance",
  "pk": 412,
  "fields": {
    "created_at": "2025-09-10T06:31:33.684Z",
    "updated_at": "2025-09-10T06:31:33.684Z",
    "student": 86,
    "date": "2025-09-08",
    "status": "Present",
    "class_section": null
  }
},
{
  "model": "attendance.attendance",
  "pk": 413,
  "fields": {
    "created_at": "2025-09-10T06:31:33.687Z",
    "updated_at": "2025-09-10T06:31:33.687Z",
    "student": 88,
    "date": "2025-09-08",
    "status": "Present",
    "class_section": null
  }
},
{
  "model": "attendance.attendance",
  "pk": 414,
  "fields": {
    "created_at": "2025-09-10T06:31:33.690Z",
    "updated_at": "2025-09-10T06:31:33.690Z",
    "student": 89,
    "date": "2025-09-08",
    "status": "Present",
    "class_section": null
  }
},
{
  "model": "attendance.attendance",
  "pk": 415,
  "fields": {
    "created_at": "2025-09-10T06:31:33.692Z",
    "updated_at": "2025-09-10T06:31:33.692Z",
    "student": 6,
    "date": "2025-09-08",
    "status": "Present",
    "class_section": null
  }
},
{
  "model": "attendance.attendance",
  "pk": 416,
  "fields": {
    "created_at": "2025-09-10T06:31:33.695Z",
    "updated_at": "2025-09-10T06:31:33.695Z",
    "student": 45,
    "date": "2025-09-08",
    "status": "Absent",
    "class_section": null
  }
},
{
  "model": "attendance.attendance",
  "pk": 417,
  "fields": {
    "created_at": "2025-09-10T06:31:33.698Z",
    "updated_at": "2025-09-10T06:31:33.698Z",
    "student": 54,
    "date": "2025-09-08",
    "status": "Present",
    "class_section": null
  }
},
{
  "model": "attendance.attendance",
  "pk": 418,
  "fields": {
    "created_at": "2025-09-10T06:31:33.700Z",
    "updated_at": "2025-09-10T06:31:33.700Z",
    "student": 64,
    "date": "2025-09-08",
    "status": "Present",
    "class_section": null
  }
},
{
  "model": "attendance.attendance",
  "pk": 419,
  "fields": {
    "created_at": "2025-09-10T06:31:33.704Z",
    "updated_at": "2025-09-10T06:31:33.704Z",
    "student": 68,
    "date": "2025-09-08",
    "status": "Present",
    "class_section": null
  }
},
{
  "model": "attendance.attendance",
  "pk": 420,
  "fields": {
    "created_at": "2025-09-10T06:31:33.706Z",
    "updated_at": "2025-09-10T06:31:33.706Z",
    "student": 69,
    "date": "2025-09-08",
    "status": "Present",
    "class_section": null
  }
},
{
  "model": "attendance.attendance",
  "pk": 421,
  "fields": {
    "created_at": "2025-09-10T06:31:33.709Z",
    "updated_at": "2025-09-10T06:31:33.709Z",
    "student": 72,
    "date": "2025-09-08",
    "status": "Present",
    "class_section": null
  }
},
{
  "model": "attendance.attendance",
  "pk": 422,
  "fields": {
    "created_at": "2025-09-10T06:31:33.712Z",
    "updated_at": "2025-09-10T06:31:33.712Z",
    "student": 73,
    "date": "2025-09-08",
    "status": "Present",
    "class_section": null
  }
},
{
  "model": "attendance.attendance",
  "pk": 423,
  "fields": {
    "created_at": "2025-09-10T06:31:33.715Z",
    "updated_at": "2025-09-10T06:31:33.715Z",
    "student": 75,
    "date": "2025-09-08",
    "status": "Absent",
    "class_section": null
  }
},
{
  "model": "attendance.attendance",
  "pk": 424,
  "fields": {
    "created_at": "2025-09-10T06:31:33.718Z",
    "updated_at": "2025-09-10T06:31:33.718Z",
    "student": 82,
    "date": "2025-09-08",
    "status": "Present",
    "class_section": null
  }
},
{
  "model": "attendance.attendance",
  "pk": 425,
  "fields": {
    "created_at": "2025-09-10T06:31:33.721Z",
    "updated_at": "2025-09-10T06:31:33.721Z",
    "student": 83,
    "date": "2025-09-08",
    "status": "Present",
    "class_section": null
  }
},
{
  "model": "attendance.attendance",
  "pk": 426,
  "fields": {
    "created_at": "2025-09-10T06:31:33.723Z",
    "updated_at": "2025-09-10T06:31:33.723Z",
    "student": 93,
    "date": "2025-09-08",
    "status": "Present",
    "class_section": null
  }
},
{
  "model": "attendance.attendance",
  "pk": 427,
  "fields": {
    "created_at": "2025-09-10T06:31:33.726Z",
    "updated_at": "2025-09-10T06:31:33.726Z",
    "student": 95,
    "date": "2025-09-08",
    "status": "Present",
    "class_section": null
  }
},
{
  "model": "attendance.attendance",
  "pk": 428,
  "fields": {
    "created_at": "2025-09-10T06:31:33.728Z",
    "updated_at": "2025-09-10T06:31:33.728Z",
    "student": 99,
    "date": "2025-09-08",
    "status": "Absent",
    "class_section": null
  }
},
{
  "model": "attendance.attendance",
  "pk": 429,
  "fields": {
    "created_at": "2025-09-10T06:31:33.731Z",
    "updated_at": "2025-09-10T06:31:33.731Z",
    "student": 100,
    "date": "2025-09-08",
    "status": "Present",
    "class_section": null
  }
},
{
  "model": "attendance.attendance",
  "pk": 430,
  "fields": {
    "created_at": "2025-09-10T06:31:33.735Z",
    "updated_at": "2025-09-10T06:31:33.735Z",
    "student": 101,
    "date": "2025-09-08",
    "status": "Present",
    "class_section": null
  }
},
{
  "model": "attendance.attendance",
  "pk": 431,
  "fields": {
    "created_at": "2025-09-10T06:31:33.738Z",
    "updated_at": "2025-09-10T06:31:33.738Z",
    "student": 39,
    "date": "2025-09-08",
    "status": "Absent",
    "class_section": null
  }
},
{
  "model": "attendance.attendance",
  "pk": 432,
  "fields": {
    "created_at": "2025-09-10T06:31:33.740Z",
    "updated_at": "2025-09-10T06:31:33.740Z",
    "student": 60,
    "date": "2025-09-08",
    "status": "Present",
    "class_section": null
  }
},
{
  "model": "attendance.attendance",
  "pk": 433,
  "fields": {
    "created_at": "2025-09-10T06:31:33.743Z",
    "updated_at": "2025-09-10T06:31:33.743Z",
    "student": 61,
    "date": "2025-09-08",
    "status": "Present",
    "class_section": null
  }
},
{
  "model": "attendance.attendance",
  "pk": 434,
  "fields": {
    "created_at": "2025-09-10T06:31:33.746Z",
    "updated_at": "2025-09-10T06:31:33.746Z",
    "student": 63,
    "date": "2025-09-08",
    "status": "Present",
    "class_section": null
  }
},
{
  "model": "attendance.attendance",
  "pk": 435,
  "fields": {
    "created_at": "2025-09-10T06:31:33.749Z",
    "updated_at": "2025-09-10T06:31:33.749Z",
    "student": 67,
    "date": "2025-09-08",
    "status": "Absent",
    "class_section": null
  }
},
{
  "model": "attendance.attendance",
  "pk": 436,
  "fields": {
    "created_at": "2025-09-10T06:31:33.751Z",
    "updated_at": "2025-09-10T06:31:33.751Z",
    "student": 76,
    "date": "2025-09-08",
    "status": "Present",
    "class_section": null
  }
},
{
  "model": "attendance.attendance",
  "pk": 437,
  "fields": {
    "created_at": "2025-09-10T06:31:33.754Z",
    "updated_at": "2025-09-10T06:31:33.754Z",
    "student": 85,
    "date": "2025-09-08",
    "status": "Present",
    "class_section": null
  }
},
{
  "model": "attendance.attendance",
  "pk": 438,
  "fields": {
    "created_at": "2025-09-10T06:31:33.757Z",
    "updated_at": "2025-09-10T06:31:33.757Z",
    "student": 90,
    "date": "2025-09-08",
    "status": "Present",
    "class_section": null
  }
},
{
  "model": "attendance.attendance",
  "pk": 439,
  "fields": {
    "created_at": "2025-09-10T06:31:33.761Z",
    "updated_at": "2025-09-10T06:31:33.761Z",
    "student": 1,
    "date": "2025-09-08",
    "status": "Present",
    "class_section": null
  }
},
{
  "model": "attendance.attendance",
  "pk": 440,
  "fields": {
    "created_at": "2025-09-10T06:31:33.764Z",
    "updated_at": "2025-09-10T06:31:33.764Z",
    "student": 3,
    "date": "2025-09-08",
    "status": "Present",
    "class_section": null
  }
},
{
  "model": "attendance.attendance",
  "pk": 441,
  "fields": {
    "created_at": "2025-09-10T06:31:33.766Z",
    "updated_at": "2025-09-10T06:31:33.766Z",
    "student": 70,
    "date": "2025-09-08",
    "status": "Absent",
    "class_section": null
  }
},
{
  "model": "attendance.attendance",
  "pk": 442,
  "fields": {
    "created_at": "2025-09-10T06:31:33.769Z",
    "updated_at": "2025-09-10T06:31:33.769Z",
    "student": 71,
    "date": "2025-09-08",
    "status": "Present",
    "class_section": null
  }
},
{
  "model": "attendance.attendance",
  "pk": 443,
  "fields": {
    "created_at": "2025-09-10T06:31:33.771Z",
    "updated_at": "2025-09-10T06:31:33.771Z",
    "student": 74,
    "date": "2025-09-08",
    "status": "Present",
    "class_section": null
  }
},
{
  "model": "attendance.attendance",
  "pk": 444,
  "fields": {
    "created_at": "2025-09-10T06:31:33.774Z",
    "updated_at": "2025-09-10T06:31:33.774Z",
    "student": 77,
    "date": "2025-09-08",
    "status": "Absent",
    "class_section": null
  }
},
{
  "model": "attendance.attendance",
  "pk": 445,
  "fields": {
    "created_at": "2025-09-10T06:31:33.777Z",
    "updated_at": "2025-09-10T06:31:33.777Z",
    "student": 81,
    "date": "2025-09-08",
    "status": "Present",
    "class_section": null
  }
},
{
  "model": "attendance.attendance",
  "pk": 446,
  "fields": {
    "created_at": "2025-09-10T06:31:33.780Z",
    "updated_at": "2025-09-10T06:31:33.780Z",
    "student": 96,
    "date": "2025-09-08",
    "status": "Present",
    "class_section": null
  }
},
{
  "model": "attendance.attendance",
  "pk": 447,
  "fields": {
    "created_at": "2025-09-10T06:31:33.782Z",
    "updated_at": "2025-09-10T06:31:33.782Z",
    "student": 97,
    "date": "2025-09-08",
    "status": "Present",
    "class_section": null
  }
},
{
  "model": "attendance.attendance",
  "pk": 448,
  "fields": {
    "created_at": "2025-09-10T06:31:33.785Z",
    "updated_at": "2025-09-10T06:31:33.785Z",
    "student": 4,
    "date": "2025-09-08",
    "status": "Present",
    "class_section": null
  }
},
{
  "model": "attendance.attendance",
  "pk": 449,
  "fields": {
    "created_at": "2025-09-10T06:31:33.787Z",
    "updated_at": "2025-09-10T06:31:33.787Z",
    "student": 5,
    "date": "2025-09-08",
    "status": "Absent",
    "class_section": null
  }
},
{
  "model": "attendance.attendance",
  "pk": 450,
  "fields": {
    "created_at": "2025-09-10T06:31:33.790Z",
    "updated_at": "2025-09-10T06:31:33.790Z",
    "student": 7,
    "date": "2025-09-08",
    "status": "Present",
    "class_section": null
  }
},
{
  "model": "attendance.attendance",
  "pk": 451,
  "fields": {
    "created_at": "2025-09-10T06:31:33.793Z",
    "updated_at": "2025-09-10T06:31:33.793Z",
    "student": 42,
    "date": "2025-09-08",
    "status": "Present",
    "class_section": null
  }
},
{
  "model": "attendance.attendance",
  "pk": 452,
  "fields": {
    "created_at": "2025-09-10T06:31:33.795Z",
    "updated_at": "2025-09-10T06:31:33.795Z",
    "student": 46,
    "date": "2025-09-08",
    "status": "Present",
    "class_section": null
  }
},
{
  "model": "attendance.attendance",
  "pk": 453,
  "fields": {
    "created_at": "2025-09-10T06:31:33.798Z",
    "updated_at": "2025-09-10T06:31:33.798Z",
    "student": 66,
    "date": "2025-09-08",
    "status": "Present",
    "class_section": null
  }
},
{
  "model": "attendance.attendance",
  "pk": 454,
  "fields": {
    "created_at": "2025-09-10T06:31:33.801Z",
    "updated_at": "2025-09-10T06:31:33.801Z",
    "student": 80,
    "date": "2025-09-08",
    "status": "Absent",
    "class_section": null
  }
},
{
  "model": "attendance.attendance",
  "pk": 455,
  "fields": {
    "created_at": "2025-09-10T06:31:33.804Z",
    "updated_at": "2025-09-10T06:31:33.804Z",
    "student": 91,
    "date": "2025-09-08",
    "status": "Present",
    "class_section": null
  }
},
{
  "model": "attendance.attendance",
  "pk": 456,
  "fields": {
    "created_at": "2025-09-10T06:31:33.807Z",
    "updated_at": "2025-09-10T06:31:33.807Z",
    "student": 94,
    "date": "2025-09-08",
    "status": "Present",
    "class_section": null
  }
},
{
  "model": "attendance.attendance",
  "pk": 457,
  "fields": {
    "created_at": "2025-09-10T06:31:33.809Z",
    "updated_at": "2025-09-10T06:31:33.809Z",
    "student": 19,
    "date": "2025-09-08",
    "status": "Present",
    "class_section": null
  }
},
{
  "model": "attendance.attendance",
  "pk": 458,
  "fields": {
    "created_at": "2025-09-10T06:31:33.812Z",
    "updated_at": "2025-09-10T06:31:33.812Z",
    "student": 87,
    "date": "2025-09-08",
    "status": "Present",
    "class_section": null
  }
},
{
  "model": "attendance.attendance",
  "pk": 459,
  "fields": {
    "created_at": "2025-09-10T06:31:33.815Z",
    "updated_at": "2025-09-10T06:31:33.815Z",
    "student": 92,
    "date": "2025-09-08",
    "status": "Absent",
    "class_section": null
  }
},
{
  "model": "attendance.attendance",
  "pk": 460,
  "fields": {
    "created_at": "2025-09-10T06:31:33.817Z",
    "updated_at": "2025-09-10T06:31:33.817Z",
    "student": 98,
    "date": "2025-09-08",
    "status": "Present",
    "class_section": null
  }
},
{
  "model": "attendance.attendance",
  "pk": 461,
  "fields": {
    "created_at": "2025-09-10T06:31:33.821Z",
    "updated_at": "2025-09-10T06:31:33.821Z",
    "student": 103,
    "date": "2025-09-08",
    "status": "Present",
    "class_section": null
  }
},
{
  "model": "attendance.attendance",
  "pk": 462,
  "fields": {
    "created_at": "2025-09-10T06:31:33.824Z",
    "updated_at": "2025-09-10T06:31:33.824Z",
    "student": 30,
    "date": "2025-09-08",
    "status": "Present",
    "class_section": null
  }
},
{
  "model": "attendance.attendance",
  "pk": 463,
  "fields": {
    "created_at": "2025-09-10T06:31:33.827Z",
    "updated_at": "2025-09-10T06:31:33.827Z",
    "student": 33,
    "date": "2025-09-08",
    "status": "Present",
    "class_section": null
  }
},
{
  "model": "attendance.attendance",
  "pk": 464,
  "fields": {
    "created_at": "2025-09-10T06:31:33.829Z",
    "updated_at": "2025-09-10T06:31:33.829Z",
    "student": 55,
    "date": "2025-09-08",
    "status": "Present",
    "class_section": null
  }
},
{
  "model": "attendance.attendance",
  "pk": 465,
  "fields": {
    "created_at": "2025-09-10T06:31:33.832Z",
    "updated_at": "2025-09-10T06:31:33.832Z",
    "student": 79,
    "date": "2025-09-08",
    "status": "Present",
    "class_section": null
  }
}
]
